t,step,pos_left_hip_yaw,pos_left_hip_roll,pos_left_hip_pitch,pos_left_knee,pos_left_ankle,pos_neck_pitch,pos_head_pitch,pos_head_yaw,pos_head_roll,pos_right_hip_yaw,pos_right_hip_roll,pos_right_hip_pitch,pos_right_knee,pos_right_ankle,vel_left_hip_yaw,vel_left_hip_roll,vel_left_hip_pitch,vel_left_knee,vel_left_ankle,vel_neck_pitch,vel_head_pitch,vel_head_yaw,vel_head_roll,vel_right_hip_yaw,vel_right_hip_roll,vel_right_hip_pitch,vel_right_knee,vel_right_ankle,action_left_hip_yaw,action_left_hip_roll,action_left_hip_pitch,action_left_knee,action_left_ankle,action_neck_pitch,action_head_pitch,action_head_yaw,action_head_roll,action_right_hip_yaw,action_right_hip_roll,action_right_hip_pitch,action_right_knee,action_right_ankle,target_left_hip_yaw,target_left_hip_roll,target_left_hip_pitch,target_left_knee,target_left_ankle,target_neck_pitch,target_head_pitch,target_head_yaw,target_head_roll,target_right_hip_yaw,target_right_hip_roll,target_right_hip_pitch,target_right_knee,target_right_ankle,cur_left_hip_yaw,cur_left_hip_roll,cur_left_hip_pitch,cur_left_knee,cur_left_ankle,cur_right_hip_yaw,cur_right_hip_roll,cur_right_hip_pitch,cur_right_knee,cur_right_ankle,pwm_left_hip_yaw,pwm_left_hip_roll,pwm_left_hip_pitch,pwm_left_knee,pwm_left_ankle,pwm_right_hip_yaw,pwm_right_hip_roll,pwm_right_hip_pitch,pwm_right_knee,pwm_right_ankle,tqen_left_hip_yaw,tqen_left_hip_roll,tqen_left_hip_pitch,tqen_left_knee,tqen_left_ankle,tqen_right_hip_yaw,tqen_right_hip_roll,tqen_right_hip_pitch,tqen_right_knee,tqen_right_ankle,contact_l,contact_r,gyro_x,gyro_y,gyro_z,accel_x,accel_y,accel_z,proj_grav_x,proj_grav_y,proj_grav_z,phase_cos,phase_sin
0.0354,0,-0.0030679617,0.03681554,0.89737874,-1.5800002,0.7455147,0.5236,0.5236,0.0,0.0,-0.0015339808,-0.0046019424,0.9295924,1.6382915,-0.73017484,0.0,0.0,0.0,0.0,0.0,0.0,0.0,0.0,0.0,0.0,0.0,0.0,0.0,0.0,-0.10974532,0.14758727,0.13011478,-0.13699576,-0.5296895,-0.21798743,-0.3365922,-0.084823504,-0.061764695,0.07808082,0.557522,0.10116426,0.59780425,0.2704049,-0.030536331,0.057596818,0.9277287,-1.603549,0.648,0.5236,0.5236,0.0,0.0,0.015820205,0.086,0.9567911,1.6964,-0.6711988,0.00538,0.19099000000000002,0.01345,0.11298,-0.00269,0.01076,-0.06994,0.19368000000000002,0.41695,0.11298,0.005649717514124294,0.06892655367231638,0.012429378531073447,0.04406779661016949,0.0011299435028248588,0.011299435028248588,-0.01807909604519774,-0.07570621468926554,0.1672316384180791,0.03389830508474576,1,1,1,1,1,1,1,1,1,1,1.0,1.0,0.008726646259971648,-0.06654067773228381,0.004363323129985824,0.13,0.35,9.71,-0.013267695,-0.038782496,-0.9991596,1.0,0.0
0.0631,1,-0.009203885,0.046019424,0.9004467,-1.5815341,0.7424467,0.5236,0.5236,0.0,0.0,0.0,0.007669904,0.9341943,1.6474954,-0.72864085,0.0,0.0,0.0,0.0,0.0,0.0,0.0,0.0,0.0,0.0,0.023980824,0.0,0.0,0.0,-0.094125316,0.019653216,0.38685554,-0.39015153,-0.5092745,-0.19907913,-0.35010538,-0.12728512,-0.18055551,0.17292361,0.4305262,-0.20239022,0.45585895,0.29643372,-0.02663133,0.025613304,0.9919139,-1.6668379,0.6170814,0.5236,0.5236,0.0,0.0,0.039530903,0.09723155,0.88090247,1.7139647,-0.66469157,-0.07801000000000001,0.12373999999999999,-0.16409,-0.00269,-0.65098,-0.16140000000000002,0.35239,0.00269,-0.22596,-0.04304,-0.17175141242937852,-0.12090395480225989,0.020338983050847456,-1.0,-1.0,-0.376271186440678,0.5943502824858757,1.0,-0.8350282485875706,-1.0,1,1,1,1,1,1,1,1,1,1,1.0,1.0,0.00545415391248228,-0.011999138607461015,-0.0032724923474893677,0.15,0.62,9.7,-0.014288087,-0.038781952,-0.99914557,0.9730449,0.23061587
0.0800,2,-0.023009712,0.05522331,0.9188545,-1.593806,0.71483505,0.5236,0.5236,0.0,0.0,0.012271847,0.047553405,0.94493216,1.676641,-0.7117671,-0.14388494,0.11990412,0.11990412,-0.07194247,-0.11990412,0.0,0.0,0.0,0.0,0.07194247,0.33573154,0.07194247,0.23980825,0.07194247,-0.084818944,0.050572187,0.53745806,-0.4559448,-0.58834386,-0.15128966,-0.3886094,-0.08925092,-0.28401458,0.18513298,0.27742594,-0.23577267,0.39290687,0.29030228,-0.024304736,0.033343047,1.0295645,-1.6832863,0.59731406,0.5236,0.5236,0.0,0.0,0.042583246,0.058956485,0.87255687,1.6982267,-0.6662244,-0.26093,0.1345,-0.01076,-0.10222,-0.4035,-0.01883,-0.10222,0.0269,0.16678,-0.25286,-0.631638418079096,-0.2033898305084746,-1.0,-1.0,-0.6734463276836158,-0.9830508474576272,1.0,0.2937853107344633,-1.0,-1.0,1,1,1,1,1,1,1,1,1,1,1.0,1.0,0.002181661564992912,-0.02945243112740431,0.007635815477475192,0.19,0.4,9.43,-0.015308435,-0.038781367,-0.9991305,0.89363265,0.4487992
0.1024,3,-0.024543693,0.053689327,0.95567006,-1.6183498,0.66574764,0.5236,0.5236,0.0,0.0,0.029145636,0.084368944,0.94493216,1.7073206,-0.6856894,-0.26378906,0.23980825,0.45563567,-0.3117507,-0.69544387,0.0,0.0,0.0,0.0,0.28776988,0.93525213,0.23980825,0.69544387,0.407674,-0.0073776096,0.10038361,0.5147885,-0.22365123,-0.76106656,-0.12919973,-0.32403412,-0.05928764,-0.44756582,0.17458633,0.120662265,-0.23470658,0.44427016,0.31975314,-0.0049444027,0.045795903,1.0238972,-1.6252129,0.5541334,0.5236,0.5236,0.0,0.0,0.039946582,0.019765567,0.87282336,1.7110676,-0.6588617,-0.00269,-0.09684000000000001,-0.08608,-0.00269,-0.16409,0.05111,-0.7801,-0.059179999999999996,-0.06725,-0.06456,-0.0192090395480226,-0.28135593220338984,-0.5389830508474577,-0.9050847457627119,-0.7491525423728813,-0.29717514124293787,-0.015819209039548022,-1.0,-0.2,-0.20677966101694914,1,1,1,1,1,1,1,1,1,1,1.0,1.0,0.31088677301149,0.02945243112740431,-0.10362892433716332,2.2,-0.75,4.86,-0.015307191,-0.040819176,-0.99904925,0.76604444,0.64278764
0.1200,4,-0.027611654,0.053689327,0.99555355,-1.6474954,0.6289321,0.5236,0.5236,0.0,0.0,0.035281558,0.08283496,0.9295924,1.7134565,-0.6841554,-0.33573154,0.21582742,0.959233,-0.6714631,-1.223022,0.0,0.0,0.0,0.0,0.45563567,1.2470028,0.14388494,0.9832138,0.5995206,-0.04692158,0.21134575,0.4293545,0.106359825,-0.9491281,-0.2093619,-0.24738775,-0.08504973,-0.56456786,0.09282027,-0.010599114,-0.2710195,0.3242784,0.30748123,-0.014830396,0.07353644,1.0025387,-1.5427101,0.507118,0.5236,0.5236,0.0,0.0,0.019505069,-0.0130497785,0.86374515,1.6810696,-0.66192967,-0.81776,-0.5111,0.70478,0.09684000000000001,-0.06456,0.40081,-0.9146,-0.269,-0.11028999999999999,-0.18561,-1.0,-1.0,0.423728813559322,1.0,-1.0,0.2327683615819209,-1.0,-0.22033898305084745,-0.9751412429378531,-0.9491525423728814,1,1,1,1,1,1,1,1,1,1,1.0,1.0,0.46687557490848314,0.22580197197676635,-0.2203478180642841,1.58,1.78,6.1,-0.013261758,-0.04896649,-0.9987124,0.5971586,0.8021232
0.1422,5,-0.016873788,0.06442719,1.0216312,-1.6689711,0.5921166,0.5236,0.5236,0.0,0.0,0.033747576,0.075165056,0.9249904,1.7257284,-0.6856894,-0.14388494,0.16786577,1.4388494,-1.103118,-1.7266194,0.0,0.0,0.0,0.0,0.45563567,1.0071946,-0.07194247,0.9832138,0.6235014,-0.10489257,0.10475691,0.26716784,0.39541954,-0.91032684,-0.32114613,-0.116895385,-0.060841706,-0.5983681,-0.042195495,-0.1356835,-0.27809155,0.21166888,0.25942278,-0.029323142,0.046889227,0.96199197,-1.4704452,0.5168183,0.5236,0.5236,0.0,0.0,-0.014248874,-0.044320878,0.8619771,1.6529173,-0.6739443,0.01883,-0.00538,0.68864,0.061869999999999994,-0.00269,0.0538,-0.7666499999999999,-0.00538,0.39543,-0.03766,0.21581920903954802,-1.0,-0.18192090395480226,1.0,-1.0,0.22033898305084745,-0.9751412429378531,-1.0,0.030508474576271188,-0.4101694915254237,1,1,1,1,1,1,1,1,1,1,1.0,1.0,-0.002181661564992912,1.2119129993535627,-0.4428772976935611,-0.35,8.32,13.49,-0.0,-0.06021772,-0.9981853,0.39607978,0.9182161
0.1623,6,-0.01994175,0.08130098,1.0216312,-1.675107,0.558369,0.5236,0.5236,0.0,0.0,0.029145636,0.050621364,0.92192245,1.7211264,-0.6841554,0.0,0.21582742,1.4388494,-1.103118,-1.7985618,0.0,0.0,0.0,0.0,0.26378906,0.3117507,-0.28776988,0.6714631,0.33573154,-0.11185607,-0.027618729,0.20967047,0.659162,-0.8604191,-0.23872253,-0.02068411,0.05892,-0.5528781,-0.04767596,-0.1704407,-0.25735715,0.1514415,0.3809359,-0.031064019,0.013795318,0.94761765,-1.4045095,0.52929527,0.5236,0.5236,0.0,0.0,-0.01561899,-0.053010177,0.86716074,1.6378604,-0.643566,0.04304,0.02152,0.00269,0.04304,0.40081,0.13181,-0.7478199999999999,-0.01076,0.040350000000000004,0.0,-0.1367231638418079,1.0,1.0,1.0,-0.6711864406779661,1.0,-0.6689265536723163,-1.0,1.0,0.6836158192090396,1,1,1,1,1,1,1,1,1,1,1.0,1.0,-0.56941366846315,1.141008998491293,-0.8083056098298739,0.12,-0.44,13.88,0.02449791,-0.053078804,-0.9982898,0.17364818,0.9848077
0.1802,7,-0.029145636,0.08743691,1.0093594,-1.679709,0.5506991,0.5236,0.5236,0.0,0.0,0.010737865,0.01994175,0.9111846,1.7119225,-0.6872234,0.023980824,0.407674,0.9832138,-0.91127133,-1.630696,0.0,0.0,0.0,0.0,-0.023980824,-0.407674,-0.33573154,0.33573154,0.0959233,-0.057391375,-0.1277946,0.21905023,0.8046138,-0.6883475,-0.19635445,0.007095024,0.17106904,-0.47432292,-0.11293066,-0.13902017,-0.23414946,0.035297193,0.47186857,-0.017447844,-0.011248648,0.94996256,-1.3681467,0.57231313,0.5236,0.5236,0.0,0.0,-0.031932667,-0.045155045,0.87296265,1.6088244,-0.62083286,-0.19906000000000001,0.9657100000000001,0.30396999999999996,0.06994,0.0,0.20713,-0.75051,-0.00269,0.32280000000000003,-0.02152,0.0384180790960452,1.0,1.0,1.0,1.0,0.5480225988700564,-0.9220338983050848,-0.18870056497175142,1.0,-1.0,1,1,1,1,1,1,1,1,1,1,1.0,1.0,-0.8846637646046258,1.05265170510908,-0.5519603759432067,1.81,-1.91,10.65,0.045930855,-0.03776537,-0.9982306,-0.05814483,0.9983082
0.2021,8,-0.032213595,0.079767,0.9878836,-1.6858449,0.5553011,0.5236,0.5236,0.0,0.0,-0.0061359233,0.0015339808,0.9019807,1.6889129,-0.6841554,-0.11990412,0.3836932,0.14388494,-0.5035973,-1.1750604,0.0,0.0,0.0,0.0,-0.3836932,-0.959233,-0.33573154,-0.11990412,0.0,0.20835608,-0.15868971,0.30141437,0.7847352,-0.24657506,-0.2181075,0.03394963,0.27871686,-0.29768217,-0.33369195,-0.058093376,-0.3535515,-0.14012498,0.46004248,0.04898902,-0.018972427,0.97055364,-1.3731163,0.66871315,0.5236,0.5236,0.0,0.0,-0.08712299,-0.024923343,0.8431121,1.5649688,-0.62378937,0.01883,0.00538,0.27707,0.0538,0.0,-0.03766,-0.6456000000000001,0.0,0.5406899999999999,-0.00269,0.10621468926553672,1.0,0.3152542372881356,1.0,1.0,0.12316384180790961,-0.7864406779661017,-0.5954802259887005,0.5615819209039548,-1.0,1,1,1,1,1,1,1,1,1,1,1.0,1.0,-0.9337511498169663,1.507528141410102,0.2181661564992912,1.76,-0.05,10.4,0.08363006,-0.012238546,-0.9964217,-0.28680325,0.9579895
0.2201,9,-0.024543693,0.065961175,0.9756118,-1.6904469,0.5660389,0.5236,0.5236,0.0,0.0,-0.024543693,-0.0030679617,0.89124286,1.6659031,-0.67341757,-0.14388494,0.1918466,-0.35971236,-0.33573154,-0.6235014,0.0,0.0,0.0,0.0,-0.5995206,-1.0551562,-0.43165484,-0.5275781,0.07194247,0.41019273,0.0017673001,0.5138801,0.36128038,0.04848609,-0.23798607,-0.03244155,0.3505498,-0.104164496,-0.44625527,0.078559026,-0.47664276,-0.3835586,0.4631369,0.09944818,0.021141825,1.0236701,-1.4695163,0.7565215,0.5236,0.5236,0.0,0.0,-0.11526382,0.0092397565,0.8123393,1.5041103,-0.62301576,-1.01951,0.7801,-0.13988,0.05649,0.0,0.19637000000000002,-0.00807,0.0,0.11567,-0.06994,-1.0,0.9536723163841808,-1.0,1.0,1.0,1.0,1.0,-1.0,1.0,-0.31412429378531076,1,1,1,1,1,1,1,1,1,1,1.0,1.0,-0.8257589023498172,1.5195272800175632,0.4265148359561143,0.82,2.05,9.07,0.098997176,-0.005102947,-0.9950747,-0.5,0.8660254
0.2419,10,0.016873788,0.04295146,0.9756118,-1.6981168,0.57370883,0.5236,0.5236,0.0,0.0,-0.05675729,0.0046019424,0.8697671,1.6428934,-0.6550098,0.14388494,-0.26378906,-0.57553977,-0.28776988,0.0,0.0,0.0,0.0,0.0,-0.8393288,-0.7194247,-0.551559,-0.8872905,0.23980825,0.37559724,0.6479554,0.43830922,-0.63765085,0.27295893,-0.23031881,-0.0013537882,0.17283478,-0.10170318,-0.58433723,0.35443118,-0.5762015,-0.7892218,0.42344427,0.09079931,0.11754183,1.0047773,-1.5659163,0.8126398,0.5236,0.5236,0.0,0.0,-0.14978431,0.0782078,0.78744966,1.4077103,-0.6329389,-0.08877,-0.061869999999999994,-0.29052,0.13719,0.0,0.08877,-0.35508,0.0,0.93074,-0.00269,-0.7502824858757062,-0.44745762711864406,-1.0,1.0,1.0,0.9299435028248587,0.31864406779661014,-1.0,1.0,-0.6361581920903955,1,1,1,1,1,1,1,1,1,1,1.0,1.0,-0.22907446432425577,1.4933473412376483,0.2585268954516601,-0.44,0.46,9.61,0.14384633,0.0061211204,-0.9895811,-0.6862416,0.72737366
0.2620,11,0.070563115,0.04295146,0.99401957,-1.7088546,0.5905826,0.5236,0.5236,0.0,0.0,-0.09970875,0.02147573,0.8406215,1.6045439,-0.6320001,0.8872905,-0.5275781,-0.35971236,-0.3117507,0.28776988,0.0,0.0,0.0,0.0,-1.1750604,-0.16786577,-0.7194247,-1.1270987,0.5275781,0.34056044,1.090528,-0.07269866,-1.2676008,0.2553327,-0.28655505,-0.024423221,-0.13880299,-0.16022667,-0.50399876,0.22286847,-0.55369633,-0.8279015,0.40908194,0.08204011,0.21394183,0.9083773,-1.6623163,0.8082332,0.5236,0.5236,0.0,0.0,-0.12969969,0.045317117,0.7930759,1.3930247,-0.6365295,1.15132,-0.02152,0.42771,0.05111,0.01614,0.059179999999999996,0.6805699999999999,-0.01345,0.01883,0.00269,0.4440677966101695,-1.0,0.28700564971751413,0.9310734463276836,1.0,0.7966101694915254,0.6666666666666666,-1.0,1.0,0.9548022598870056,1,1,1,1,1,1,1,1,1,1,1.0,1.0,-0.2814343418840856,1.0777408131064985,0.11344640137963143,-2.69,-0.36,9.01,0.16737022,0.009184951,-0.98585135,-0.8354878,0.549509
0.2799,12,0.088970885,0.06902914,1.0001554,-1.7180585,0.6181943,0.5236,0.5236,0.0,0.0,-0.13038836,0.053689327,0.8114758,1.5677284,-0.6212622,1.4628303,-0.407674,0.0,-0.35971236,0.551559,0.0,0.0,0.0,0.0,-1.4628303,0.33573154,-0.9832138,-1.366907,0.7194247,0.36478972,1.4140941,-0.56639105,-1.2872092,0.22219226,-0.23640405,-0.069151394,-0.4540939,-0.21230488,-0.30386755,0.21970937,-0.46409756,-0.5117606,0.33671162,0.08809743,0.31034184,0.81197727,-1.7587163,0.7999481,0.5236,0.5236,0.0,0.0,-0.07966689,0.04452734,0.81547564,1.4720598,-0.6546221,0.92536,-0.44115999999999994,0.0,0.00807,0.22057999999999997,-0.50572,-0.6240800000000001,0.39005,0.12643,0.09953000000000001,0.7378531073446327,-1.0,1.0,-1.0,1.0,-1.0,-1.0,1.0,1.0,0.9785310734463277,1,1,1,1,1,1,1,1,1,1,1.0,1.0,-0.3577924966588375,0.6403176693254197,0.28907015736156083,-3.22,1.94,9.0,0.17348123,0.012245732,-0.984761,-0.9396926,0.34202015
0.3019,13,0.09203885,0.13038836,0.96947587,-1.7318643,0.65040785,0.5236,0.5236,0.0,0.0,-0.13805827,0.06135923,0.79153407,1.5247769,-0.6135923,1.5587536,0.3117507,0.14388494,-0.45563567,0.8872905,0.0,0.0,0.0,0.0,-1.5827343,0.7913672,-1.223022,-1.6546768,0.7434055,0.512476,1.4560348,-0.70758575,-1.0652808,0.24569705,-0.13892664,-0.028974904,-0.5517288,-0.35428065,-0.116508186,0.16904445,-0.25981382,-0.06730812,0.38692778,0.12501901,0.3847087,0.71830356,-1.8356203,0.8058243,0.5236,0.5236,0.0,0.0,-0.032827046,0.03186111,0.8665466,1.5684599,-0.642068,0.28245,-0.15602000000000002,0.26631,0.0,0.00269,-0.51648,-0.21788999999999997,0.08608,-0.08070000000000001,0.11298,0.0711864406779661,-1.0,1.0,-1.0,1.0,-0.5683615819209039,-0.15932203389830507,1.0,0.5807909604519774,1.0,1,1,1,1,1,1,1,1,1,1,1.0,1.0,-0.33488505022641196,-0.032724923474893676,0.03381575425739013,-1.89,1.48,10.23,0.1754326,0.021419095,-0.9842584,-0.99323833,0.11609291
0.3198,14,0.09510681,0.20095149,0.90658265,-1.7456701,0.6964273,0.5236,0.5236,0.0,0.0,-0.111980595,0.05675729,0.7853982,1.515573,-0.6166603,1.1510795,1.366907,-0.33573154,-0.551559,1.2709837,0.0,0.0,0.0,0.0,-1.103118,0.7913672,-1.1750604,-1.7266194,0.5995206,0.55635226,1.2056166,-0.77335346,-0.90320194,0.36824194,-0.011192451,0.07877088,-0.57762414,-0.4589591,-0.024194874,0.029301029,-0.04252102,0.2643107,0.36264664,0.13598807,0.32210416,0.7018616,-1.7951006,0.83646053,0.5236,0.5236,0.0,0.0,-0.009748719,-0.0030747429,0.92086977,1.6648599,-0.64813834,-1.06793,-0.00807,0.01883,-0.040350000000000004,0.13181,-0.26631,-0.31473,0.12912,0.0,-0.01345,-0.8768361581920904,-1.0,1.0,-1.0,1.0,-1.0,-1.0,1.0,-1.0,-1.0,1,1,1,1,1,1,1,1,1,1,1.0,1.0,-0.5345070834232634,0.19089538693687977,0.19962203319685143,-3.36,-0.6,8.68,0.17756507,0.02653271,-0.9837513,-0.99323833,-0.11609291
0.3420,15,0.11504856,0.27765054,0.8237477,-1.7702138,0.76545644,0.5236,0.5236,0.0,0.0,-0.06289321,0.047553405,0.80380595,1.5477866,-0.6166603,0.6235014,2.4700248,-1.6067152,-0.6474822,1.8465234,0.0,0.0,0.0,0.0,-0.023980824,0.43165484,-0.7673864,-1.223022,0.28776988,0.5203312,1.0647852,-1.0101346,-0.8806824,0.48301062,0.16086072,0.34982952,-0.5430542,-0.2956125,-0.08479751,0.09166373,0.24852401,-0.0016076749,0.5549422,0.12698281,0.28689632,0.64266634,-1.7894707,0.86515266,0.5236,0.5236,0.0,0.0,-0.024899377,0.012515933,0.993631,1.599598,-0.60006446,0.00538,0.89846,0.02152,0.1345,0.00269,0.19906000000000001,-0.25017,0.00269,-0.47613,0.01076,-0.656497175141243,0.10847457627118644,1.0,0.3050847457627119,0.9943502824858758,-0.5062146892655367,-0.7084745762711865,1.0,-0.9661016949152542,1.0,1,1,1,1,1,1,1,1,1,1,1.0,1.0,-1.399535893942953,0.8617563181722002,-0.3119776037939864,-2.4,0.42,3.21,0.20105663,0.060214926,-0.9777271,-0.9396926,-0.34202015
0.3621,16,0.13345633,0.31753403,0.75318456,-1.7916895,0.8222137,0.5236,0.5236,0.0,0.0,-0.026077673,0.030679615,0.8498254,1.6168158,-0.61972827,0.57553977,2.997603,-2.7098331,-0.8393288,2.3501208,0.0,0.0,0.0,0.0,1.0071946,-0.11990412,0.023980824,0.0,0.07194247,0.5708968,0.8565832,-1.1190032,-0.73680145,0.65053636,0.25417584,0.46186522,-0.5706474,-0.23402558,-0.046418652,0.1401033,0.21405494,-0.26584443,0.8919944,0.13962421,0.23484579,0.6154492,-1.7535005,0.9070341,0.5236,0.5236,0.0,0.0,-0.015304663,0.024625823,0.9850137,1.5335389,-0.51580137,0.11567,0.33625,0.07263,0.07263,-0.03497,0.35239,-0.4035,0.00538,0.80431,-0.01076,0.03728813559322034,1.0,1.0,0.6598870056497175,1.0,-0.16045197740112993,-0.32994350282485874,1.0,0.9231638418079096,-1.0,1,1,1,1,1,1,1,1,1,1,1.0,1.0,-1.3439035240356338,0.7112216701876892,-0.21925698728178766,-1.84,-2.8,3.72,0.21436328,0.087786876,-0.97280097,-0.8354878,-0.549509
0.3799,17,0.13345633,0.32520393,0.70102924,-1.8024274,0.8544273,0.5236,0.5236,0.0,0.0,-0.02147573,0.032213595,0.8989127,1.6428934,-0.6074564,0.57553977,2.7577949,-3.1894495,-0.91127133,2.6139097,0.0,0.0,0.0,0.0,1.4628303,-0.35971236,0.8633097,1.1510795,0.0,0.59306514,0.749626,-1.1255436,-0.5289371,0.5391802,0.19440912,0.5564421,-0.5878209,-0.17719893,-0.06156955,0.12742133,0.08044965,-0.72467864,0.99214,0.1451663,0.20810649,0.6138141,-1.7015343,0.8791951,0.5236,0.5236,0.0,0.0,-0.019092387,0.021455333,0.9516124,1.4371389,-0.49076498,-0.32818,0.29052,0.13719,0.32549,0.01076,-0.31473,0.46268,-0.09684000000000001,0.55414,-0.01883,0.096045197740113,1.0,1.0,1.0,1.0,-0.5966101694915255,-0.20451977401129945,-0.8429378531073446,1.0,-1.0,1,1,1,1,1,1,1,1,1,1,1.0,1.0,-1.315541923690726,0.6839509006252779,-0.2617993877991494,-0.94,-2.54,6.61,0.22037823,0.09998642,-0.97027636,-0.6862416,-0.72737366
0.4020,18,0.14879614,0.32213596,0.65040785,-1.8162333,0.89277685,0.5236,0.5236,0.0,0.0,-0.023009712,0.04141748,0.9157865,1.6398255,-0.5660389,0.5995206,1.8465234,-3.1654687,-0.93525213,2.446044,0.0,0.0,0.0,0.0,1.2470028,-0.28776988,1.630696,1.6546768,0.3117507,0.5273694,0.6704768,-1.1239384,-0.22258145,0.3482285,0.059168942,0.4861456,-0.51263326,-0.13967912,-0.10846048,0.05394722,-0.15869564,-1.1666942,0.8798285,0.12874235,0.1883192,0.6142154,-1.6249454,0.83145714,0.5236,0.5236,0.0,0.0,-0.030815119,0.0030868053,0.8918261,1.3407389,-0.5188429,0.07532,0.00538,-0.17216,0.25286,-0.37390999999999996,-0.16409,-0.25286,0.0,1.4257,-0.00269,0.16271186440677965,1.0,0.04180790960451977,1.0,-0.7898305084745763,-0.319774011299435,-0.06779661016949153,0.3943502824858757,1.0,-1.0,1,1,1,1,1,1,1,1,1,1,1.0,1.0,-0.1407171709420428,0.6490443155853912,0.3043417883165112,-3.06,-0.84,15.68,0.23983961,0.11940952,-0.96344084,-0.5,-0.8660254
0.4199,19,0.15493207,0.30833015,0.62586415,-1.8239032,0.90504867,0.5236,0.5236,0.0,0.0,-0.024543693,0.04295146,0.9111846,1.6229516,-0.5123496,0.551559,0.8872905,-2.7577949,-0.7673864,1.9904084,0.0,0.0,0.0,0.0,0.6714631,-0.07194247,1.5827343,1.2470028,0.93525213,0.42952687,0.65854174,-0.985613,0.094071686,0.043151952,-0.08930558,0.36889076,-0.36798692,-0.08516323,-0.233797,-0.044459976,-0.34351942,-1.4031438,0.6719556,0.104281716,0.18533543,0.6487968,-1.5457821,0.755188,0.5236,0.5236,0.0,0.0,-0.06214925,-0.021514993,0.84562016,1.249214,-0.5708111,0.8096899999999999,0.7989299999999999,0.0,0.09953000000000001,-0.08070000000000001,0.03228,-0.07532,0.0,0.09953000000000001,0.80431,0.39322033898305087,1.0,0.3288135593220339,1.0,-1.0,0.9966101694915255,-1.0,-1.0,1.0,0.8033898305084746,1,1,1,1,1,1,1,1,1,1,1.0,1.0,0.5486878835957173,0.40906154343617096,1.6427911584396626,-6.49,1.15,17.48,0.24697298,0.11328099,-0.9623782,-0.28680325,-0.9579895
0.4420,20,0.14266022,0.27304858,0.61972827,-1.831573,0.9127186,0.5236,0.5236,0.0,0.0,-0.032213595,0.049087387,0.9035147,1.592272,-0.49087384,0.33573154,-0.0959233,-2.0623507,-0.57553977,1.4388494,0.0,0.0,0.0,0.0,0.14388494,0.14388494,0.93525213,0.11990412,1.5587536,0.5547594,0.707776,-0.96647996,0.42847666,-0.033324987,-0.24812162,0.4296312,-0.260972,0.05069371,-0.57610226,-0.023520477,-0.3374793,-1.4765995,0.21606722,0.13558985,0.197644,0.65358,-1.4621809,0.7360688,0.5236,0.5236,0.0,0.0,-0.14772557,-0.016280118,0.8471302,1.2308502,-0.6672111,0.29052,0.6725,-0.00269,0.11835999999999999,-0.061869999999999994,0.34432,-0.04304,0.0,0.2959,0.19368000000000002,0.1807909604519774,0.9209039548022598,-1.0,1.0,-1.0,0.30282485875706217,-1.0,-0.8632768361581921,1.0,1.0,1,1,1,1,1,1,1,1,1,1,1.0,1.0,-0.23125612588924865,0.4308781590861001,1.0395617357191225,0.52,-4.57,10.33,0.26214474,0.09996181,-0.9598373,-0.05814483,-0.9983082
0.4619,21,0.12885438,0.24850489,0.62586415,-1.8392429,0.9188545,0.5236,0.5236,0.0,0.0,-0.053689327,0.06135923,0.8881749,1.5615925,-0.48013598,0.023980824,-0.7434055,-1.223022,-0.4796165,0.959233,0.0,0.0,0.0,0.0,-0.1918466,0.23980825,0.14388494,-0.6474822,1.630696,0.7183633,0.76398253,-1.0741899,0.83346796,-0.02119264,-0.38317132,0.33838737,-0.039338984,0.20650601,-0.9221838,0.18114553,-0.2526006,-1.1912054,-0.22570233,0.17649083,0.21169564,0.62665254,-1.3657808,0.7391019,0.5236,0.5236,0.0,0.0,-0.23424596,0.034886383,0.86834985,1.3021986,-0.76361114,-0.538,-0.01345,-0.01614,0.10222,-0.01076,0.60256,-0.22326999999999997,0.0,0.6267699999999999,0.17216,0.21807909604519773,-0.41129943502824856,-1.0,1.0,-1.0,1.0,-1.0,-1.0,1.0,1.0,1,1,1,1,1,1,1,1,1,1,1.0,1.0,0.2748893571891069,0.7483099167925689,0.7330382858376184,-2.8,0.84,11.44,0.2754722,0.090803795,-0.9570108,0.17364818,-0.9848077
0.4798,22,0.13805827,0.239301,0.64120394,-1.8423109,0.9188545,0.5236,0.5236,0.0,0.0,-0.10277671,0.065961175,0.85902923,1.5263109,-0.47246608,-0.16786577,-1.0551562,-0.4796165,-0.3836932,0.5035973,0.0,0.0,0.0,0.0,-0.6235014,0.33573154,-0.407674,-1.1750604,1.2709837,0.72602206,0.8066982,-1.0617176,1.0851989,-0.20666938,-0.47103363,0.26335222,0.17323293,0.24968296,-0.96695244,0.90074307,-0.25778136,-0.44533944,-0.28350526,0.17840552,0.22237456,0.62977064,-1.2980003,0.6927327,0.5236,0.5236,0.0,0.0,-0.24543811,0.13128638,0.8670547,1.3985987,-0.8096763,-1.0383399999999998,-0.02152,0.32549,0.0538,-0.00269,0.28783,0.0269,0.45999,0.1883,0.14257,-1.0,-0.5740112994350283,1.0,1.0,-1.0,1.0,0.943502824858757,0.7344632768361582,1.0,1.0,1,1,1,1,1,1,1,1,1,1,1.0,1.0,0.3119776037939864,0.3676099737013056,0.5814128070706109,-3.8,0.66,11.07,0.2856166,0.08262481,-0.9547755,0.39607978,-0.9182161
0.5020,23,0.16413595,0.23776703,0.64120394,-1.8469129,0.9035147,0.5236,0.5236,0.0,0.0,-0.17180584,0.06902914,0.8452234,1.4879614,-0.46633017,-0.023980824,-0.93525213,0.023980824,-0.33573154,0.23980825,0.0,0.0,0.0,0.0,-1.4148686,0.3117507,-0.7673864,-1.5107919,0.7434055,0.757839,0.69444185,-0.9599227,1.0201606,-0.29322863,-0.43350556,0.14493066,0.10835037,0.2821122,-0.7658865,1.5880196,-0.28338775,0.5557728,-0.234347,0.18635976,0.19431046,0.6552193,-1.3142599,0.67109287,0.5236,0.5236,0.0,0.0,-0.19517162,0.22768638,0.8606531,1.4949987,-0.79738677,-0.00538,0.19637000000000002,0.36584,0.048420000000000005,-0.37929,0.03766,0.15333,0.13181,0.65636,0.15602000000000002,-0.5548022598870056,0.020338983050847456,0.19096045197740114,1.0,-1.0,1.0,0.5502824858757062,1.0,0.5898305084745763,1.0,1,1,1,1,1,1,1,1,1,1,1.0,1.0,-0.29670597283903605,-0.1559888018969932,0.22580197197676635,-0.55,0.06,7.79,0.2856166,0.08262481,-0.9547755,0.5971586,-0.8021232
0.5224,24,0.18100974,0.239301,0.63967,-1.8515148,0.8482914,0.5236,0.5236,0.0,0.0,-0.22702916,0.11044662,0.83295155,1.4603497,-0.48013598,0.3836932,-0.5275781,0.21582742,-0.26378906,-0.35971236,0.0,0.0,0.0,0.0,-2.206236,0.5035973,-0.8633097,-1.6786577,0.407674,0.7873525,0.67892504,-0.7944131,0.8007746,-0.2105978,-0.30049357,0.13596828,-0.0036327802,0.314379,-0.67742765,1.7966162,-0.4128842,0.9834345,-0.2757342,0.19373813,0.19043127,0.69659674,-1.3691064,0.6917506,0.5236,0.5236,0.0,0.0,-0.17305692,0.32408637,0.82827896,1.5913987,-0.80773354,0.14795,0.04304,-0.16678,0.029589999999999998,-0.00538,-1.14325,0.46806,0.06994,-0.27707,0.02152,0.07231638418079096,1.0,-1.0,1.0,-1.0,0.096045197740113,1.0,1.0,-1.0,1.0,1,1,1,1,1,1,1,1,1,1,1.0,1.0,-0.5770494839406252,-0.27270769562411395,0.05999569303730508,-2.35,-0.04,8.64,0.28163674,0.09183807,-0.9551159,0.76604444,-0.64278764
0.5568,25,0.19481556,0.23316509,0.6550098,-1.8576508,0.79460204,0.5236,0.5236,0.0,0.0,-0.22549517,0.16873789,0.83295155,1.4772235,-0.50621367,0.7194247,-0.26378906,0.21582742,-0.23980825,-1.1270987,0.0,0.0,0.0,0.0,-2.3980825,0.959233,-0.7673864,-1.4388494,-0.023980824,0.6070599,0.64101535,-0.56953937,0.3687531,-0.17144442,-0.2522367,-0.022421325,0.014964152,0.35883743,-0.64389026,1.6811347,-0.73955834,1.0785252,-0.16036205,0.14866498,0.18095383,0.7528152,-1.4655064,0.7015389,0.5236,0.5236,0.0,0.0,-0.16467257,0.40988368,0.7466104,1.6877987,-0.7788905,-0.27169,0.09146,-0.024210000000000002,0.06456,0.00269,-0.72899,0.03228,0.0,-0.24478999999999998,0.029589999999999998,0.10056497175141244,1.0,-1.0,1.0,0.49491525423728816,-0.7932203389830509,1.0,-0.9683615819209039,-1.0,1.0,1,1,1,1,1,1,1,1,1,1,1.0,1.0,0.13199052468207118,-0.39160825091622764,0.39269908169872414,-5.52,-1.19,7.7,0.2744775,0.09285299,-0.95710003,0.89363265,-0.4487992
0.5747,26,0.20095149,0.22242722,0.69182533,-1.8423109,0.72710687,0.5236,0.5236,0.0,0.0,-0.19021362,0.28071848,0.83295155,1.5615925,-0.59518456,0.6714631,-0.1918466,0.5035973,-0.16786577,-2.2302167,0.0,0.0,0.0,0.0,-0.959233,2.32614,-0.23980825,0.16786577,-1.1270987,0.48717088,0.43675408,-0.29326725,0.0023886226,0.07582476,-0.35575193,0.031700864,0.16412514,0.34520468,-0.74277014,1.6186477,-1.14707,0.91257495,-0.1752493,0.11869272,0.12988852,0.8218832,-1.5619065,0.7633562,0.5236,0.5236,0.0,0.0,-0.18939254,0.39426193,0.6502104,1.7841988,-0.7826123,0.5460699999999999,0.5971799999999999,-0.08070000000000001,0.34163,0.04573,-0.30666,0.061869999999999994,-0.18023,0.03497,-0.81507,1.0,1.0,-1.0,-0.5785310734463277,1.0,-1.0,1.0,-1.0,-1.0,-0.9988700564971752,1,1,1,1,1,1,1,1,1,1,1.0,1.0,1.1311915214488248,0.17453292519943295,0.8366672101747817,-3.95,-0.03,4.08,0.2774026,0.063231476,-0.9586707,0.9730449,-0.23061587
0.5940,27,0.17640778,0.22089323,0.720971,-1.8208352,0.7117671,0.5236,0.5236,0.0,0.0,-0.17487381,0.34667966,0.8237477,1.6290876,-0.6458059,0.3117507,-0.23980825,0.8393288,0.1918466,-2.1342933,0.0,0.0,0.0,0.0,0.11990412,2.9496412,-0.11990412,1.4628303,-1.8705043,0.26213738,0.24122132,-0.09925878,-0.34898245,0.05059173,-0.3273044,0.060618103,0.11901881,0.07718961,-0.60691977,1.3796043,-1.0924432,0.64574456,-0.3781045,0.062434345,0.081005335,0.8703853,-1.6565456,0.75704795,0.5236,0.5236,0.0,0.0,-0.15542994,0.3345011,0.6583892,1.7614362,-0.8333261,0.47343999999999997,0.27976,-0.01883,-0.048420000000000005,0.00269,0.52186,-0.9468799999999999,-0.07801000000000001,-0.19637000000000002,0.03497,0.31412429378531076,1.0,-1.0,1.0,1.0,0.711864406779661,-0.4711864406779661,-1.0,-1.0,1.0,1,1,1,1,1,1,1,1,1,1,1.0,1.0,1.4955290028026411,0.11235557059713495,0.9566585962493919,-1.8,-4.15,8.08,0.28064352,0.031636182,-0.9592906,1.0,0.0
0.6143,28,0.14112623,0.19634955,0.7761943,-1.8239032,0.71636903,0.5236,0.5236,0.0,0.0,-0.18100974,0.38809714,0.77772826,1.7011847,-0.7040972,-0.26378906,-0.33573154,1.2949644,0.45563567,-1.5827343,0.0,0.0,0.0,0.0,0.551559,3.1175072,-0.3117507,2.4940057,-2.3980825,0.20918937,0.16962501,-0.00069991965,-0.3737911,-0.04137495,-0.29403272,-0.01816649,0.04273479,-0.18988425,-0.38282755,1.1199834,-0.9642075,0.5255405,-0.51701725,0.049197342,0.063106254,0.895025,-1.6627479,0.7340563,0.5236,0.5236,0.0,0.0,-0.09940689,0.26959586,0.69044816,1.7313851,-0.8680543,0.57566,0.7370599999999999,-0.19368000000000002,0.024210000000000002,-0.00269,-0.06994,-0.5299299999999999,0.00538,0.01883,0.18023,1.0,1.0,-1.0,1.0,0.16497175141242937,-1.0,-1.0,-1.0,1.0,1.0,1,1,1,1,1,1,1,1,1,1,1.0,1.0,2.1162117180431244,0.29561514205653955,1.1573714602287397,-1.72,1.98,7.0,0.28574088,-0.010205032,-0.95825255,0.9730449,0.23061587
0.6342,29,0.09970875,0.16106798,0.83295155,-1.834641,0.72710687,0.5236,0.5236,0.0,0.0,-0.18100974,0.3926991,0.71636903,1.7625439,-0.76238847,-0.959233,-0.6235014,1.7985618,0.4796165,-0.815348,0.0,0.0,0.0,0.0,0.407674,2.6858523,-1.0551562,3.0455647,-2.7098331,0.19452599,0.28961638,0.07620065,-0.24027339,-0.32300428,-0.38583565,-0.030238217,0.08574703,-0.32994893,-0.32565027,0.9539935,-0.966571,0.45426136,-0.5245475,0.045531496,0.093104094,0.9142502,-1.6293684,0.66364896,0.5236,0.5236,0.0,0.0,-0.08511257,0.22809838,0.68985724,1.7135653,-0.8699369,0.15333,0.91998,-0.00269,0.18023,0.0,-0.059179999999999996,-0.20175,0.14257,1.0786900000000001,0.00538,0.22598870056497175,1.0,-1.0,1.0,-0.8418079096045198,-1.0,-1.0,1.0,1.0,1.0,1,1,1,1,1,1,1,1,1,1,1.0,1.0,2.0256727630959186,0.45487643630102215,1.1759155835311796,-4.4,-1.2,9.74,0.29297626,-0.05614528,-0.9544698,0.89363265,0.4487992
0.6543,30,0.07363108,0.1441942,0.87283504,-1.8499808,0.7363108,0.5236,0.5236,0.0,0.0,-0.16566992,0.4065049,0.68875736,1.7870876,-0.79153407,-1.486811,-0.959233,2.206236,0.04796165,-0.07194247,0.0,0.0,0.0,0.0,0.23980825,1.8705043,-1.7506001,3.0455647,-2.6858523,0.20825578,0.4469518,0.035161283,-0.05150673,-0.6012785,-0.50630933,-0.021041773,0.16663842,-0.4042428,-0.26630852,0.7596338,-0.96207434,0.37847686,-0.57356644,0.048963945,0.13243794,0.9039903,-1.5821767,0.5940804,0.5236,0.5236,0.0,0.0,-0.07027713,0.17950845,0.69098145,1.6946192,-0.8821916,0.06456,0.00269,-0.00807,0.38198000000000004,0.0,-0.6186999999999999,-0.36315,0.19099000000000002,0.83121,0.00269,-0.06892655367231638,-0.12994350282485875,-0.7706214689265537,1.0,-1.0,-0.3536723163841808,-1.0,0.39322033898305087,1.0,1.0,1,1,1,1,1,1,1,1,1,1,1.0,1.0,1.782417498599209,0.571595330028143,0.2716168648416175,-4.43,7.6,21.45,0.3019784,-0.09283795,-0.94878346,0.76604444,0.64278764
0.6741,31,0.06289321,0.159534,0.8943108,-1.8622527,0.722505,0.5236,0.5236,0.0,0.0,-0.13805827,0.40343696,0.6688156,1.7855537,-0.7900001,-1.5107919,-0.93525213,2.2302167,-0.3836932,0.16786577,0.0,0.0,0.0,0.0,0.33573154,1.0791371,-1.9664276,2.3980825,-2.182255,0.26180685,0.54486835,-0.14981158,0.25599778,-0.6297545,-0.5990818,0.019565016,0.23679993,-0.35717633,-0.31982502,0.44684526,-0.93692535,0.48454228,-0.48154104,0.06235171,0.1569171,0.85774714,-1.5053006,0.5869614,0.5236,0.5236,0.0,0.0,-0.08365626,0.10131132,0.69726866,1.7211356,-0.8591852,0.22596,-0.00269,0.14526,0.21788999999999997,0.0,-0.19637000000000002,-1.1809100000000001,0.02152,0.07263,0.04573,0.33785310734463275,-0.3254237288135593,0.6135593220338983,1.0,-1.0,-0.9209039548022598,-1.0,1.0,1.0,1.0,1,1,1,1,1,1,1,1,1,1,1.0,1.0,0.6534076387153771,0.9588402578143848,0.10035643198967394,-8.32,2.29,17.28,0.31725264,-0.11323165,-0.9415569,0.5971586,0.8021232
0.6940,32,0.06135923,0.16566992,0.8943108,-1.8714565,0.6964273,0.5236,0.5236,0.0,0.0,-0.10891264,0.3681554,0.66114575,1.7855537,-0.7884661,-1.1750604,-0.4796165,1.7026385,-0.57553977,-0.023980824,0.0,0.0,0.0,0.0,0.7194247,0.23980825,-1.5587536,1.366907,-1.366907,0.3964631,0.45118898,-0.3301218,0.5164552,-0.6092887,-0.5538259,0.0042806338,0.35187572,-0.2996258,-0.3137603,0.24924016,-0.7745334,0.44269654,-0.37301373,0.09601577,0.13349724,0.8126696,-1.4401863,0.59207785,0.5236,0.5236,0.0,0.0,-0.08214008,0.05191004,0.73786664,1.7106742,-0.8320534,0.13988,-0.01076,0.4304,0.13181,0.0,0.54338,-0.80431,0.03766,-0.00269,0.0,0.08813559322033898,-0.6146892655367232,1.0,1.0,-1.0,-0.16271186440677965,-1.0,1.0,0.25084745762711863,-0.04971751412429379,1,1,1,1,1,1,1,1,1,1,1.0,1.0,-0.06654067773228381,0.8868454261696186,-0.9272061651219875,-1.6,0.91,9.45,0.33556932,-0.11219643,-0.93531024,0.39607978,0.9182161
0.7143,33,0.070563115,0.17180584,0.878971,-1.8791264,0.66574764,0.5236,0.5236,0.0,0.0,-0.09664079,0.32520393,0.6534758,1.7840197,-0.7884661,-0.5995206,0.023980824,0.93525213,-0.551559,-0.57553977,0.0,0.0,0.0,0.0,1.0071946,-0.45563567,-1.0071946,0.551559,-0.551559,0.620184,0.33702037,-0.37083492,0.6632939,-0.397242,-0.4276126,0.059880696,0.39344388,-0.19152787,-0.36931986,0.11980099,-0.66291183,0.33363876,-0.17225032,0.15194601,0.10495509,0.8024913,-1.4034766,0.6450895,0.5236,0.5236,0.0,0.0,-0.09602997,0.019550249,0.76577204,1.6834097,-0.78186256,-0.49227,0.0269,0.00538,0.11298,0.09146,-0.18292,-0.68595,0.04304,0.06456,0.0,-0.23728813559322035,1.0,1.0,1.0,-1.0,-0.23954802259887006,-1.0,1.0,1.0,-0.40790960451977404,1,1,1,1,1,1,1,1,1,1,1.0,1.0,-0.7526732399225546,0.8203047484373349,-1.349357677948116,-2.8,2.75,8.96,0.3540754,-0.092855506,-0.9305958,0.17364818,0.9848077
0.7342,34,0.09203885,0.17487381,0.8482914,-1.8852624,0.63967,0.5236,0.5236,0.0,0.0,-0.093572825,0.2791845,0.6458059,1.7778838,-0.7884661,-0.023980824,0.26378906,0.04796165,-0.45563567,-1.0551562,0.0,0.0,0.0,0.0,0.959233,-1.3189453,-0.6474822,0.11990412,-0.11990412,0.6909887,0.22381721,-0.28233525,0.7671774,-0.095729426,-0.35232943,0.12990963,0.36693716,-0.11374387,-0.49017912,0.0956199,-0.8031888,0.1455345,0.086273916,0.16964719,0.0766543,0.8246162,-1.3775057,0.7204677,0.5236,0.5236,0.0,0.0,-0.12624478,0.0135049755,0.7307028,1.6363837,-0.7172315,-0.54338,0.03497,0.06725,0.06994,0.32011,0.46537,-0.6725,0.03497,0.024210000000000002,0.0,-0.3525423728813559,1.0,0.7604519774011299,1.0,0.5909604519774011,0.8045197740112995,-1.0,1.0,1.0,-1.0,1,1,1,1,1,1,1,1,1,1,1.0,1.0,-1.3580843242080876,0.48651052899341934,-0.7101308394051928,-4.15,1.89,10.1,0.36619747,-0.06528311,-0.92824435,-0.05814483,0.9983082
0.7542,35,0.13345633,0.17640778,0.8237477,-1.8883303,0.63660204,0.5236,0.5236,0.0,0.0,-0.10124273,0.23623304,0.638136,1.7640779,-0.7853982,0.551559,0.23980825,-0.6235014,-0.35971236,-1.1510795,0.0,0.0,0.0,0.0,0.5995206,-1.8705043,-0.45563567,-0.14388494,0.0,0.79833496,0.14950831,-0.1603717,0.664787,0.20597622,-0.33576435,0.15640531,0.4325006,-0.053465,-0.6705206,0.2563788,-0.935636,-0.16420206,0.1362905,0.19648375,0.05807708,0.85510707,-1.4031034,0.7958941,0.5236,0.5236,0.0,0.0,-0.17133015,0.0536947,0.697591,1.5589495,-0.70472735,0.14795,0.08608,-0.23671999999999999,0.024210000000000002,0.00269,0.60525,-0.71016,0.03497,0.00269,0.0,-0.46779661016949153,1.0,-0.6406779661016949,1.0,1.0,0.26101694915254237,-1.0,1.0,1.0,-1.0,1,1,1,1,1,1,1,1,1,1,1.0,1.0,-1.1497356447512646,0.41778818969614256,-0.5323254218582705,-3.09,3.01,10.29,0.37235692,-0.03774577,-0.92732173,-0.28680325,0.9579895
0.7742,36,0.1672039,0.159534,0.82834965,-1.8929323,0.6442719,0.5236,0.5236,0.0,0.0,-0.11811652,0.19328158,0.6320001,1.759476,-0.7853982,1.1270987,0.0959233,-0.8393288,-0.28776988,-0.8393288,0.0,0.0,0.0,0.0,0.11990412,-2.0863316,-0.3836932,-0.28776988,0.023980824,0.8381886,0.37649366,0.06981593,0.111542985,0.40580928,-0.35522237,0.13128231,0.3701271,-0.13917719,-0.859666,0.46069843,-1.0946053,-0.51986176,0.17069007,0.20644715,0.114823416,0.912654,-1.4995034,0.8458524,0.5236,0.5236,0.0,0.0,-0.2186165,0.10477461,0.6578487,1.4700346,-0.6961275,-0.04304,0.6994,-0.00807,0.040350000000000004,0.00269,0.00807,0.00807,0.00269,0.7747200000000001,0.0,0.012429378531073447,0.8395480225988701,-1.0,1.0,1.0,1.0,-0.1344632768361582,0.36610169491525424,1.0,-1.0,1,1,1,1,1,1,1,1,1,1,1.0,1.0,-1.0319259202416473,0.5214171140333059,-0.2454369260617026,-5.71,0.36,10.03,0.3827515,-0.01633073,-0.92370695,-0.5,0.8660254
0.7943,37,0.19481556,0.13038836,0.84368944,-1.9006022,0.65194184,0.5236,0.5236,0.0,0.0,-0.14572817,0.18561168,0.6212622,1.7257284,-0.77926224,1.4628303,-0.28776988,-0.5995206,-0.23980825,-0.33573154,0.0,0.0,0.0,0.0,-0.35971236,-1.9424467,-0.3836932,-0.5275781,0.07194247,0.68906516,0.8561704,0.18457407,-0.7039746,0.3175335,-0.38210344,0.0623668,0.14652137,-0.24054648,-0.8436745,0.49402285,-1.1585013,-0.8514777,0.17045812,0.1691663,0.21122342,0.94134355,-1.5959034,0.8237834,0.5236,0.5236,0.0,0.0,-0.21461862,0.113105714,0.6418747,1.3871306,-0.69618547,0.26631,-0.09953000000000001,-0.6994,0.08070000000000001,0.00269,0.4573,0.00269,0.0,0.7774099999999999,0.0,-0.011299435028248588,-0.7988700564971751,-0.9322033898305084,1.0,1.0,0.8757062146892656,-0.34576271186440677,0.04180790960451977,1.0,-1.0,1,1,1,1,1,1,1,1,1,1,1.0,1.0,-1.0428342280666119,0.2148936641518018,-0.10362892433716332,-2.67,-1.55,8.43,0.38787365,0.0020414402,-0.92171025,-0.6862416,0.72737366
0.8143,38,0.20401944,0.12732041,0.877437,-1.9052042,0.6565438,0.5236,0.5236,0.0,0.0,-0.1917476,0.17947575,0.6089904,1.6858449,-0.76545644,1.486811,-0.5995206,0.023980824,-0.23980825,0.04796165,0.0,0.0,0.0,0.0,-0.91127133,-1.4628303,-0.43165484,-0.91127133,0.16786577,0.68555945,1.2960106,-0.15629368,-1.2299713,0.31593582,-0.44995221,0.013564158,-0.1608269,-0.3236788,-0.82802206,0.44622958,-1.0888042,-1.0124393,-0.07817529,0.16828987,0.30762342,0.8561266,-1.6923034,0.823384,0.5236,0.5236,0.0,0.0,-0.21070552,0.1011574,0.65929896,1.3468902,-0.7583438,0.26631,-0.75589,-0.09415,0.0538,0.0,-0.08339,0.01345,0.0,0.71285,0.0,0.22937853107344633,-0.9988700564971752,-0.5062146892655367,1.0,1.0,0.5491525423728814,-1.0,0.16836158192090395,1.0,-1.0,1,1,1,1,1,1,1,1,1,1,1.0,1.0,-0.5094179754258449,0.4276056667386107,0.01090830782496456,-6.0,2.42,8.83,0.39375004,0.015301169,-0.9190902,-0.8354878,0.549509
0.8342,39,0.18561168,0.17027187,0.9157865,-1.9113401,0.6565438,0.5236,0.5236,0.0,0.0,-0.21475731,0.17333983,0.59825253,1.6474954,-0.74091274,0.9832138,-0.45563567,0.7913672,-0.26378906,0.1918466,0.0,0.0,0.0,0.0,-1.3189453,-0.8872905,-0.5035973,-1.3429261,0.3836932,0.59064233,1.5447341,-0.65111214,-1.3725084,0.26576456,-0.38091648,-0.015444376,-0.49231234,-0.38113552,-0.54482627,0.31657106,-0.9412831,-0.7835057,-0.16844751,0.14456059,0.4040234,0.7597266,-1.7887034,0.81084114,0.5236,0.5236,0.0,0.0,-0.13990657,0.06874277,0.6961793,1.4041235,-0.78091186,0.23940999999999998,-0.3766,0.44653999999999994,0.040350000000000004,0.00269,-0.12912,-0.6590499999999999,0.11028999999999999,0.68595,0.39274000000000003,0.5050847457627119,-1.0,1.0,1.0,1.0,0.21242937853107344,-0.3389830508474576,1.0,1.0,0.6610169491525424,1,1,1,1,1,1,1,1,1,1,1.0,1.0,-0.3163409269239722,-0.1287180323345818,0.39051742013373125,-2.47,-0.12,6.69,0.39582196,0.018362874,-0.9181437,-0.9396926,0.34202015
0.8543,40,0.17180584,0.23623304,0.9096506,-1.912874,0.65194184,0.5236,0.5236,0.0,0.0,-0.21935925,0.15033011,0.5890486,1.6122139,-0.72864085,0.28776988,0.407674,1.1270987,-0.26378906,0.11990412,0.0,0.0,0.0,0.0,-1.366907,-0.57553977,-0.5275781,-1.7266194,0.6474822,0.73735154,1.5941911,-0.8649441,-1.2473083,0.17822427,-0.21013403,0.13965842,-0.560622,-0.44965953,-0.4516721,0.21622664,-0.6903908,-0.4198298,-0.33546233,0.18123789,0.41924778,0.678964,-1.8811271,0.7889561,0.5236,0.5236,0.0,0.0,-0.11661803,0.04365666,0.7589023,1.4950426,-0.8226656,0.07263,-0.04304,0.00269,0.01076,0.00807,-0.9791599999999999,-0.6267699999999999,0.09146,-0.0538,0.14257,0.04745762711864407,-1.0,1.0,1.0,1.0,-0.7559322033898305,-0.6519774011299435,1.0,1.0,1.0,1,1,1,1,1,1,1,1,1,1,1.0,1.0,-0.7483099167925689,-0.24216443371421323,-0.05781403147231216,-2.85,0.81,7.2,0.38981378,0.028572738,-0.9204504,-0.99323833,0.11609291
0.8744,41,0.16106798,0.30526218,0.8605632,-1.914408,0.6473399,0.5236,0.5236,0.0,0.0,-0.19328158,0.11658254,0.5813787,1.6045439,-0.722505,-0.28776988,1.630696,0.7194247,-0.21582742,0.0,0.0,0.0,0.0,0.0,-0.8872905,-0.7194247,-0.5275781,-1.6546768,0.7194247,0.82870734,1.5553346,-1.0103751,-1.2008042,0.46212956,0.022782842,0.31503335,-0.5386226,-0.3721039,-0.41142896,0.13927108,-0.29025912,-0.28337258,-0.1430571,0.20407684,0.40953365,0.64260626,-1.8695011,0.8599324,0.5236,0.5236,0.0,0.0,-0.10655724,0.02441777,0.85530233,1.5291569,-0.77456427,-0.06725,-0.029589999999999998,0.16140000000000002,0.0,0.00269,-0.37390999999999996,-0.47075,0.05111,0.19099000000000002,0.09415,-0.15254237288135594,-1.0,1.0,-0.5322033898305085,1.0,-1.0,-0.5423728813559322,1.0,0.2576271186440678,1.0,1,1,1,1,1,1,1,1,1,1,1.0,1.0,-1.6253378659197195,-0.04363323129985824,-0.5137812985558308,-5.07,-1.69,7.9,0.38799232,0.056156784,-0.91995025,-0.99323833,-0.11609291
0.8941,42,0.17640778,0.37275735,0.79460204,-1.9190099,0.6626797,0.5236,0.5236,0.0,0.0,-0.15646604,0.08130098,0.57217485,1.5846021,-0.71483505,-0.407674,2.6858523,-0.4796165,-0.16786577,0.0,0.0,0.0,0.0,0.0,0.0,-1.0791371,-0.45563567,-1.3429261,0.6474822,0.8073719,1.4273955,-1.2640148,-0.9749504,0.6113622,0.14148691,0.4692681,-0.49652305,-0.21805583,-0.3826315,0.27305126,-0.04091312,-0.4305623,0.19994333,0.19874299,0.37754887,0.57919633,-1.8130376,0.8972406,0.5236,0.5236,0.0,0.0,-0.09935788,0.057862815,0.92127174,1.4923594,-0.68881416,-0.07532,0.6725,0.10491,0.01614,0.00538,-0.28514,-0.20982,0.08070000000000001,-0.03497,0.03228,-0.10282485875706214,0.5096045197740113,1.0,1.0,1.0,-0.5062146892655367,-0.31751412429378534,1.0,0.30056497175141245,0.5649717514124294,1,1,1,1,1,1,1,1,1,1,1.0,1.0,-1.935133808148713,0.0916297857297023,-0.5683228376806535,-2.67,-0.02,5.98,0.38798386,0.093932934,-0.9168671,-0.9396926,-0.34202015
0.9143,43,0.19788352,0.41417482,0.73017484,-1.9236119,0.7040972,0.5236,0.5236,0.0,0.0,-0.12732041,0.06135923,0.56143695,1.5800002,-0.7117671,-0.023980824,3.0455647,-1.7985618,-0.14388494,0.26378906,0.0,0.0,0.0,0.0,0.815348,-1.366907,-0.43165484,-0.9832138,0.45563567,0.9894175,1.4025273,-1.4890534,-0.6226706,0.70246524,0.17470595,0.71020865,-0.48767713,-0.03453544,-0.5144629,0.41113275,0.08427865,-0.7799553,0.28683275,0.24425438,0.37133184,0.5229367,-1.7249677,0.92001635,0.5236,0.5236,0.0,0.0,-0.13231573,0.09238319,0.95256966,1.4050112,-0.6670918,-0.01614,0.8930799999999999,0.20175,0.048420000000000005,0.00269,0.16409,0.01076,0.11567,0.95226,0.0,-0.1977401129943503,0.9977401129943503,1.0,1.0,1.0,-0.22259887005649717,0.784180790960452,1.0,0.5344632768361582,-1.0,1,1,1,1,1,1,1,1,1,1,1.0,1.0,-2.0638518404832946,0.6632251157578452,-0.856302164259718,-3.0,-2.77,10.07,0.39587718,0.13672048,-0.9080687,-0.8354878,-0.549509
0.9344,44,0.21322332,0.4233787,0.66574764,-1.9328158,0.7593205,0.5236,0.5236,0.0,0.0,-0.11504856,0.0720971,0.5553011,1.5646604,-0.6964273,0.407674,2.6618714,-2.6858523,-0.1918466,0.9832138,0.0,0.0,0.0,0.0,1.2470028,-1.1990412,-0.43165484,-0.69544387,0.35971236,1.0595453,1.3658614,-1.5496176,-0.18622318,0.6257274,0.046234034,0.8670819,-0.42822063,0.206228,-0.72549087,0.5222535,-0.05305897,-1.1330739,0.20757768,0.2617863,0.36216536,0.5077956,-1.6285677,0.9008319,0.5236,0.5236,0.0,0.0,-0.18507272,0.12016338,0.9182353,1.3167316,-0.68690556,-0.05111,0.01076,0.17485,0.14795,0.040350000000000004,0.65636,-0.16947,0.00269,0.37390999999999996,0.0,-0.592090395480226,1.0,1.0,1.0,1.0,0.7254237288135593,0.3163841807909605,1.0,1.0,-0.8971751412429378,1,1,1,1,1,1,1,1,1,1,1.0,1.0,-1.9460421159736774,0.9992009967667536,-0.5475970528132209,-5.63,-0.82,9.03,0.40837485,0.17764306,-0.8953619,-0.6862416,-0.72737366
0.9565,45,0.24390295,0.42644665,0.58598065,-1.9420197,0.82681566,0.5236,0.5236,0.0,0.0,-0.13192235,0.09970875,0.54609716,1.5355147,-0.6672816,0.815348,1.7985618,-3.0695455,-0.28776988,1.918466,0.0,0.0,0.0,0.0,0.93525213,-0.5035973,-0.407674,-0.69544387,0.551559,0.9652814,1.2773781,-1.4683809,0.18179865,0.48125198,-0.1926147,0.80508244,-0.27658382,0.30353105,-0.92477953,0.603322,-0.45329872,-1.328017,0.08270687,0.23822036,0.34004453,0.5281048,-1.5321677,0.864713,0.5236,0.5236,0.0,0.0,-0.23489489,0.14043051,0.8218353,1.2679958,-0.71812326,0.11028999999999999,0.89577,-0.12643,0.13988,-0.00269,0.00538,-0.16409,0.1345,0.80162,0.30666,-0.519774011299435,0.9242937853107345,1.0,1.0,0.8384180790960452,0.47570621468926555,0.29491525423728815,1.0,1.0,0.8203389830508474,1,1,1,1,1,1,1,1,1,1,1.0,1.0,-1.2217304763960306,1.0330167510241437,1.0995574287564276,-7.28,-2.45,11.02,0.42854196,0.19794558,-0.8815721,-0.5,-0.8660254
0.9764,46,0.2638447,0.41417482,0.5353593,-1.9450877,0.8697671,0.5236,0.5236,0.0,0.0,-0.16413595,0.124252446,0.53382534,1.4940972,-0.6565438,0.9832138,0.8872905,-3.1894495,-0.33573154,2.446044,0.0,0.0,0.0,0.0,0.28776988,0.23980825,-0.43165484,-0.93525213,0.69544387,0.97061366,1.1414219,-1.389251,0.44771317,0.3166482,-0.33070546,0.6122769,-0.10937904,0.22079408,-1.0149344,0.6856529,-0.6736579,-1.2625179,-0.053015918,0.23955342,0.3060555,0.54788727,-1.4573717,0.8235621,0.5236,0.5236,0.0,0.0,-0.2574336,0.16101323,0.76308554,1.2843705,-0.752054,0.8096899999999999,0.14795,-0.040350000000000004,0.040350000000000004,-0.0538,0.08339,0.55683,0.03228,0.11835999999999999,0.15602000000000002,0.2214689265536723,1.0,-1.0,1.0,-1.0,1.0,0.6169491525423729,1.0,1.0,1.0,1,1,1,1,1,1,1,1,1,1,1.0,1.0,-0.48541969821092285,0.7526732399225546,1.4889840181076623,-1.95,-1.37,10.28,0.44921425,0.19499981,-0.871884,-0.28680325,-0.9579895
0.9984,47,0.2623107,0.398835,0.5184855,-1.9558254,0.8866409,0.5236,0.5236,0.0,0.0,-0.2162913,0.159534,0.5200195,1.4480779,-0.64887387,0.93525213,0.07194247,-2.853718,-0.35971236,2.3980825,0.0,0.0,0.0,0.0,-0.7194247,0.959233,-0.4796165,-1.4388494,0.7913672,1.0180304,1.1028856,-1.3289527,0.69153553,0.19438097,-0.43971983,0.5061212,0.02373657,0.21092232,-1.0761048,0.99523056,-0.67685854,-0.89797497,-0.1701108,0.2514076,0.2964214,0.5629618,-1.3964162,0.7929953,0.5236,0.5236,0.0,0.0,-0.27272618,0.23840764,0.76228535,1.3755063,-0.78132766,0.2152,0.81507,-0.24209999999999998,0.19099000000000002,-0.00269,-0.30666,-0.36046,0.15333,0.58911,0.10491,0.12429378531073447,0.7412429378531074,-1.0,1.0,-1.0,0.415819209039548,0.13333333333333333,1.0,1.0,1.0,1,1,1,1,1,1,1,1,1,1,1.0,1.0,-0.2857976650140715,0.531234591075774,1.1519173063162575,-5.23,-2.35,9.22,0.46331623,0.19083731,-0.8654012,-0.05814483,-0.9983082
1.0164,48,0.2623107,0.38042724,0.52308744,-1.9650294,0.88357294,0.5236,0.5236,0.0,0.0,-0.25003886,0.17794177,0.50928164,1.4112623,-0.6427379,0.69544387,-0.3117507,-2.1582742,-0.3836932,1.8705043,0.0,0.0,0.0,0.0,-1.4148686,1.1990412,-0.551559,-1.774581,0.6714631,1.1118958,1.0236273,-1.2342811,0.8292429,0.17095777,-0.50016594,0.4286266,0.07586001,0.29655644,-1.0973753,1.3905088,-0.71264094,-0.30757472,-0.21270941,0.27487394,0.27660683,0.58662975,-1.3619894,0.7871395,0.5236,0.5236,0.0,0.0,-0.2780438,0.33480763,0.75333977,1.4719063,-0.79197735,-0.27976,0.71016,-0.20175,0.17216,-0.06994,0.16409,0.4304,0.13181,0.16409,0.12373999999999999,-1.0,1.0,-1.0,1.0,-1.0,0.9491525423728814,1.0,1.0,-1.0,1.0,1,1,1,1,1,1,1,1,1,1,1.0,1.0,-0.02181661564992912,0.3425208657038871,0.9675669040743565,-5.02,-3.31,9.29,0.47356015,0.18370868,-0.8613896,0.17364818,-0.9848077
1.0366,49,0.26691267,0.3666214,0.54763114,-1.9726993,0.874369,0.5236,0.5236,0.0,0.0,-0.2791845,0.22089323,0.5016117,1.3974565,-0.6534758,0.33573154,-0.5995206,-1.0071946,-0.3836932,0.9832138,0.0,0.0,0.0,0.0,-1.7985618,1.3429261,-0.57553977,-1.8705043,0.43165484,1.1976882,0.90050834,-1.100932,0.85079116,0.15651971,-0.43678683,0.37896422,0.11604509,0.33849588,-1.0961394,1.7634596,-0.8250135,0.23514384,-0.2540782,0.29632205,0.24582708,0.619967,-1.3566023,0.78352994,0.5236,0.5236,0.0,0.0,-0.27773485,0.4304649,0.72524667,1.5683063,-0.8023195,-0.30396999999999996,0.09146,-0.39812000000000003,0.12643,-0.00269,0.01614,0.39543,0.06456,-0.00807,0.048420000000000005,0.1288135593220339,1.0,-0.9423728813559322,1.0,-1.0,0.19096045197740114,1.0,1.0,-1.0,1.0,1,1,1,1,1,1,1,1,1,1,1.0,1.0,0.3512475119638588,0.23234695667174513,0.6959500392327389,-4.97,0.17,10.77,0.48087117,0.17254189,-0.85964656,0.39607978,-0.9182161
1.0743,50,0.28225246,0.3420777,0.5767768,-1.9834372,0.8713011,0.5236,0.5236,0.0,0.0,-0.28992236,0.29299033,0.5000777,1.441942,-0.70102924,0.1918466,-0.7673864,0.16786577,-0.43165484,0.11990412,0.0,0.0,0.0,0.0,-1.630696,1.7266194,-0.4796165,-1.1510795,-0.14388494,1.2487022,0.7654238,-0.9303218,0.727174,0.14054227,-0.35073042,0.31805763,0.17432815,0.3283388,-1.076548,1.9945476,-1.0068516,0.59586686,-0.2941138,0.30907553,0.21205595,0.6626196,-1.3875066,0.7795356,0.5236,0.5236,0.0,0.0,-0.27283698,0.4882369,0.67978716,1.6647063,-0.81232846,0.12373999999999999,0.48419999999999996,-0.12643,0.14257,-0.25286,-0.14257,0.040350000000000004,0.0,-0.28783,0.39543,-0.40451977401129946,0.6293785310734463,-0.41694915254237286,1.0,-1.0,-0.04632768361581921,1.0,1.0,-1.0,0.9627118644067797,1,1,1,1,1,1,1,1,1,1,1.0,1.0,0.6643159465403417,0.14180800172453928,0.030543261909900768,-2.76,-0.56,6.97,0.4837014,0.16123381,-0.8602538,0.5971586,-0.8021232
1.1009,51,0.30526218,0.28225246,0.6227962,-1.9757673,0.8114758,0.5236,0.5236,0.0,0.0,-0.28532043,0.42031074,0.5752428,1.5707964,-0.7853982,0.4796165,-1.1990412,1.0551562,-0.28776988,-0.57553977,0.0,0.0,0.0,0.0,-0.5275781,2.8297372,0.407674,1.5827343,-1.7026385,1.2121233,0.454515,-0.78762585,0.42430392,0.111278705,-0.2972245,0.10709863,0.3733638,0.28163722,-1.0758092,2.0641341,-1.2493098,0.77626,-0.46180403,0.2999308,0.13432875,0.69829357,-1.463224,0.7722197,0.5236,0.5236,0.0,0.0,-0.2726523,0.50563353,0.6191726,1.7611064,-0.854251,0.12643,0.39005,-0.27707,0.00269,0.23671999999999999,-0.13719,-0.1883,0.45192,-0.04304,0.08608,0.21242937853107344,0.22372881355932203,-0.23728813559322035,1.0,-0.09943502824858758,-0.1480225988700565,0.3367231638418079,0.9570621468926553,-1.0,0.08926553672316384,1,1,1,1,1,1,1,1,1,1,1.0,1.0,2.2907446432425576,0.09053895494720585,0.18980455615438332,-4.0,-3.44,6.89,0.48885822,0.1173668,-0.86443204,0.76604444,-0.64278764
1.1165,52,0.3113981,0.26537868,0.6458059,-1.9650294,0.79767,0.5236,0.5236,0.0,0.0,-0.28532043,0.44332045,0.6181943,1.6290876,-0.79153407,0.5275781,-1.3189453,1.1270987,-0.04796165,-0.8633097,0.0,0.0,0.0,0.0,-0.1918466,2.877699,1.1270987,2.4700248,-1.8225427,0.96993583,0.33623657,-0.52711874,0.24625419,0.087168954,-0.34923127,0.015033958,0.42757407,0.25637612,-0.96567154,1.9551206,-1.2831404,0.9177448,-0.6108189,0.23938397,0.10475914,0.76342034,-1.5077366,0.76619226,0.5236,0.5236,0.0,0.0,-0.24511789,0.47838014,0.6107149,1.8294362,-0.8915047,0.01883,0.5918,-0.07532,0.72361,0.00538,-0.13181,-0.39812000000000003,-0.17216,0.27707,0.26631,-0.14124293785310735,1.0,-0.17401129943502824,-0.7050847457627119,-1.0,-0.05536723163841808,0.10621468926553672,-0.5514124293785311,-1.0,0.2384180790960452,1,1,1,1,1,1,1,1,1,1,1.0,1.0,2.510001630524345,0.0272707695624114,0.47560222116845474,-4.38,-0.01,9.62,0.49069092,0.074470766,-0.8681455,0.89363265,-0.4487992
1.1407,53,0.3021942,0.23469906,0.6780195,-1.9680973,0.7823302,0.5236,0.5236,0.0,0.0,-0.28685442,0.45252433,0.62739813,1.7119225,-0.799204,0.407674,-1.2470028,1.1750604,0.21582742,-1.0791371,0.0,0.0,0.0,0.0,0.0,2.32614,1.7266194,3.0935264,-1.366907,0.8702803,0.29497826,-0.28493223,0.1524074,-0.111828506,-0.44724697,0.115211986,0.46490392,0.17217739,-0.9400811,1.7908583,-1.3625299,1.0181078,-0.7452736,0.21447009,0.094444565,0.823967,-1.5311983,0.7164429,0.5236,0.5236,0.0,0.0,-0.23872028,0.43731457,0.5908675,1.854527,-0.9251184,0.37929,0.70209,-0.00269,0.21251,-0.00269,-0.65098,0.15871000000000002,-0.00269,0.16140000000000002,0.00269,0.42598870056497173,0.888135593220339,-1.0,1.0,-0.615819209039548,-0.1288135593220339,0.1480225988700565,-1.0,-1.0,1.0,1,1,1,1,1,1,1,1,1,1,1.0,1.0,1.497710664367634,0.008726646259971648,0.2127120025868089,-5.44,-1.76,7.71,0.48773733,0.0316315,-0.87241715,0.9730449,-0.23061587
1.1604,54,0.27458256,0.19788352,0.71330106,-1.9788352,0.76852435,0.5236,0.5236,0.0,0.0,-0.28071848,0.45252433,0.61972827,1.7886215,-0.8206797,0.0,-1.2470028,1.2709837,0.21582742,-0.9832138,0.0,0.0,0.0,0.0,0.023980824,1.4388494,1.4388494,3.3812962,-0.8633097,0.99216264,0.27094188,-0.1963858,0.15355575,-0.13708067,-0.49654275,0.22180906,0.661765,0.123075485,-0.99983126,1.5945152,-1.4271033,0.87393403,-1.0624826,0.24494067,0.08843547,0.84610355,-1.5309111,0.71012986,0.5236,0.5236,0.0,0.0,-0.25365782,0.3882288,0.5747242,1.8184836,-1.0044206,0.58104,0.57835,-0.0269,0.15871000000000002,0.0,-0.33356,-0.17485,0.0,0.07801000000000001,0.03228,0.32994350282485874,0.559322033898305,-1.0,1.0,-1.0,-1.0,-0.0847457627118644,-1.0,-1.0,1.0,1,1,1,1,1,1,1,1,1,1,1.0,1.0,1.6111570657472654,0.6686792696703274,-0.29561514205653955,-6.74,-0.01,9.16,0.4907392,0.005101239,-0.87129164,1.0,0.0
1.1768,55,0.25310683,0.16566992,0.75318456,-1.9865052,0.7562525,0.5236,0.5236,0.0,0.0,-0.27458256,0.45252433,0.6043884,1.8453789,-0.8513593,-0.43165484,-1.3908877,1.4628303,0.0,-0.7913672,0.0,0.0,0.0,0.0,0.07194247,0.7673864,0.7913672,3.549162,-0.7673864,1.0854132,0.27244592,-0.19668642,0.35166973,-0.18353653,-0.52764213,0.2622171,0.78324056,0.046122286,-1.0349077,1.3744118,-1.471858,0.8276969,-1.215987,0.2682533,0.08881148,0.8460284,-1.4813826,0.6985159,0.5236,0.5236,0.0,0.0,-0.2624269,0.33320296,0.5635355,1.8069242,-1.0427967,-0.40888,0.5299299999999999,-0.30666,0.16409,-0.14526,0.061869999999999994,-0.60525,-0.0538,0.64022,0.17754,-1.0,1.0,-1.0,1.0,-1.0,0.9129943502824859,-1.0,-1.0,1.0,1.0,1,1,1,1,1,1,1,1,1,1,1.0,1.0,1.7224218055619038,1.014472627721704,-0.30543261909900765,-6.65,1.27,8.1,0.5049175,-0.019380672,-0.86294997,0.9730449,0.23061587
1.2005,56,0.2561748,0.1349903,0.799204,-1.9972429,0.72403896,0.5236,0.5236,0.0,0.0,-0.2791845,0.4325826,0.57370883,1.8699226,-0.88050497,-0.7673864,-1.6067152,1.7985618,-0.3117507,-0.815348,0.0,0.0,0.0,0.0,0.11990412,0.07194247,-0.16786577,3.285373,-1.0791371,0.93482876,0.10194217,-0.21504328,0.5656386,-0.30576044,-0.48948964,0.19117415,0.7909665,-0.1471412,-0.91359025,1.1705627,-1.5354319,0.83578366,-1.1583003,0.2306072,0.046185542,0.8414392,-1.4278904,0.6679599,0.5236,0.5236,0.0,0.0,-0.23209757,0.2822407,0.54764205,1.8089459,-1.028375,0.10222,0.24209999999999998,-0.02152,0.14795,-0.00807,-0.21788999999999997,-0.75589,0.0,0.86618,0.00269,-0.08813559322033898,0.3096045197740113,-0.4101694915254237,1.0,-0.4,0.06779661016949153,-0.9988700564971752,-0.15819209039548024,0.34576271186440677,1.0,1,1,1,1,1,1,1,1,1,1,1.0,1.0,1.7344209441693648,0.40142572795869574,-0.06763150851478027,-7.17,2.67,9.21,0.5225303,-0.050007787,-0.85115296,0.89363265,0.4487992
1.2186,57,0.26844662,0.12732041,0.8237477,-2.0033789,0.7040972,0.5236,0.5236,0.0,0.0,-0.28071848,0.41110685,0.5522331,1.8699226,-0.877437,-0.5995206,-1.5107919,1.8944851,-0.407674,-0.93525213,0.0,0.0,0.0,0.0,0.0959233,-0.26378906,-0.7194247,2.5419674,-1.1510795,0.90338403,0.022963315,-0.18113182,0.63218045,-0.33641872,-0.49353212,0.19461909,0.7810537,-0.23452434,-0.84266657,1.0043532,-1.5769501,0.7588229,-1.0800796,0.22274601,0.026440829,0.84991705,-1.4112549,0.66029537,0.5236,0.5236,0.0,0.0,-0.21436664,0.2406883,0.5372625,1.7897058,-1.0088198,0.5971799999999999,0.40619,0.37929,0.16140000000000002,0.00538,-0.41426,-0.7774099999999999,0.09415,0.44384999999999997,0.16678,1.0,1.0,0.8067796610169492,1.0,-1.0,-1.0,-1.0,-1.0,0.08926553672316384,-0.014689265536723164,1,1,1,1,1,1,1,1,1,1,1.0,1.0,1.2904528156933073,0.015271630954950384,-0.4112432050011639,-4.54,2.42,8.41,0.52658623,-0.072456636,-0.8470283,0.76604444,0.64278764
1.2403,58,0.25310683,0.13345633,0.82988364,-2.0095148,0.67648554,0.5236,0.5236,0.0,0.0,-0.2715146,0.37889326,0.5276894,1.8729905,-0.86823314,-0.23980825,-1.0311754,1.6546768,-0.3836932,-1.1270987,0.0,0.0,0.0,0.0,0.04796165,-0.69544387,-1.0551562,1.4148686,-0.7913672,1.0376216,0.077922314,-0.1298173,0.69890624,-0.28780097,-0.56225693,0.29804534,0.8141836,-0.16345374,-0.9223858,0.80451244,-1.6210078,0.7004368,-1.0490043,0.2563054,0.04018058,0.8627457,-1.3945735,0.67244977,0.5236,0.5236,0.0,0.0,-0.23429646,0.19072811,0.5262481,1.7751092,-1.0010511,-0.02152,0.13181,-0.37929,0.08608,-0.00807,-0.73975,-0.72361,0.0,0.13988,0.17485,0.3559322033898305,1.0,-0.8508474576271187,1.0,-0.655367231638418,0.04067796610169491,-0.9548022598870056,-0.17401129943502824,1.0,1.0,1,1,1,1,1,1,1,1,1,1,1.0,1.0,0.08944812416470937,0.35997415822383044,-1.1955505376161157,-6.3,1.86,8.69,0.5276997,-0.07451079,-0.8461567,0.5971586,0.8021232
1.2604,59,0.2469709,0.124252446,0.84215546,-2.0141168,0.66114575,0.5236,0.5236,0.0,0.0,-0.25770876,0.33287382,0.5123496,1.8791264,-0.8620972,-0.0959233,-0.5035973,1.1750604,-0.33573154,-1.1510795,0.0,0.0,0.0,0.0,0.14388494,-1.1510795,-1.1270987,0.57553977,-0.21582742,1.0148504,0.017827228,0.03346532,0.731545,-0.101162404,-0.5396785,0.26078013,0.8336718,-0.18113217,-0.99317974,0.78552645,-1.6629982,0.45757267,-0.9293948,0.2506126,0.025156807,0.90356636,-1.3864138,0.7191094,0.5236,0.5236,0.0,0.0,-0.25199494,0.18598162,0.51575047,1.7143931,-0.97114867,-0.16678,0.01883,-0.09953000000000001,0.07801000000000001,0.17754,0.36584,-0.63215,0.0,0.02152,0.10491,0.04858757062146893,0.7751412429378531,-1.0,1.0,0.7932203389830509,0.4327683615819209,-1.0,-0.5242937853107345,1.0,1.0,1,1,1,1,1,1,1,1,1,1,1.0,1.0,-0.08726646259971647,0.3021601267515183,-1.0591966898040588,-7.56,4.09,9.4,0.5357648,-0.064291775,-0.8419161,0.39607978,0.9182161
1.2784,60,0.2561748,0.11351458,0.8513593,-2.0187187,0.6534758,0.5236,0.5236,0.0,0.0,-0.25770876,0.29299033,0.5000777,1.8806604,-0.85749525,-0.0959233,-0.28776988,0.7673864,-0.3117507,-1.0311754,0.0,0.0,0.0,0.0,0.26378906,-1.5587536,-1.0071946,0.3117507,0.11990412,1.0477699,0.036767386,0.17082232,0.6286854,0.11964514,-0.52694964,0.25646073,0.81571645,-0.23216727,-1.0995748,0.8036527,-1.7322261,0.18823306,-0.830367,0.25884247,0.029891847,0.9379056,-1.4121287,0.7743113,0.5236,0.5236,0.0,0.0,-0.2785937,0.19051318,0.49844348,1.6470582,-0.94639176,0.74513,0.94419,-0.269,0.05649,0.05649,0.1076,-0.56221,0.03497,0.07801000000000001,0.01076,0.25084745762711863,1.0,-1.0,1.0,1.0,1.0,-1.0,-1.0,1.0,-1.0,1,1,1,1,1,1,1,1,1,1,1.0,1.0,-0.23125612588924865,0.2399827721492203,-1.1617347833587255,-6.33,-0.61,8.92,0.5419366,-0.050009217,-0.83893013,0.17364818,0.9848077
1.3035,61,0.25924274,0.09664079,0.8651652,-2.0233207,0.6427379,0.5236,0.5236,0.0,0.0,-0.26691267,0.25924274,0.4878059,1.8791264,-0.8544273,-0.0959233,-0.33573154,0.5275781,-0.26378906,-0.7913672,0.0,0.0,0.0,0.0,0.26378906,-1.8944851,-0.8393288,0.16786577,0.23980825,1.045282,0.17759904,0.43106028,0.39734247,0.33754486,-0.5686412,0.24118124,0.7310211,-0.2990342,-1.2918859,0.84961367,-1.8824841,-0.08170848,-0.7557328,0.2582205,0.06509976,1.0029651,-1.4699644,0.82878625,0.5236,0.5236,0.0,0.0,-0.32667145,0.20200342,0.460879,1.5795729,-0.9277332,0.0269,0.57835,-0.00269,0.04304,0.08070000000000001,0.33625,-0.5406899999999999,0.0,0.19099000000000002,0.00807,-0.3107344632768362,0.5141242937853108,-1.0,1.0,1.0,0.1016949152542373,-0.7423728813559322,-0.559322033898305,1.0,1.0,1,1,1,1,1,1,1,1,1,1,1.0,1.0,-0.48432886742842646,0.29343348049154666,-0.6708609312353204,-3.84,1.9,8.66,0.54605454,-0.03674386,-0.8369434,-0.05814483,0.9983082
1.3204,62,0.25924274,0.084368944,0.88050497,-2.0263886,0.6320001,0.5236,0.5236,0.0,0.0,-0.28225246,0.24543692,0.47706804,1.8530488,-0.8513593,0.04796165,-0.5275781,0.551559,-0.23980825,-0.5995206,0.0,0.0,0.0,0.0,0.0,-1.7985618,-0.6714631,-0.023980824,0.21582742,0.95802236,0.48380017,0.73647046,-0.0077374093,0.39641395,-0.5776993,0.16065684,0.636043,-0.31978428,-1.4386464,0.93388706,-1.9671141,-0.40113372,-0.72788846,0.2364056,0.14165005,1.0793176,-1.5663644,0.84350353,0.5236,0.5236,0.0,0.0,-0.3633616,0.22307177,0.4397215,1.4997166,-0.9207721,0.03766,-0.01883,-0.269,0.01076,0.09415,0.62139,-0.57566,0.0,0.040350000000000004,0.00538,-0.024858757062146894,-0.5016949152542373,-1.0,1.0,1.0,0.6644067796610169,-0.688135593220339,-1.0,1.0,0.6508474576271186,1,1,1,1,1,1,1,1,1,1,1.0,1.0,-0.40033489717619936,0.3425208657038871,-0.018544123302439753,-6.02,1.65,9.63,0.5519273,-0.02550496,-0.83350205,-0.28680325,0.9579895
1.3405,63,0.25464082,0.08743691,0.9249904,-2.0294566,0.6212622,0.5236,0.5236,0.0,0.0,-0.31446606,0.24390295,0.45866024,1.8146993,-0.8452234,0.0959233,-0.5275781,0.7673864,-0.1918466,-0.4796165,0.0,0.0,0.0,0.0,-0.43165484,-1.3429261,-0.6235014,-0.5275781,0.1918466,0.8510307,0.9891972,0.799222,-0.48949638,0.32601616,-0.5739644,0.06452251,0.45245364,-0.36135474,-1.4168743,0.9221878,-1.8603947,-0.64502406,-0.7087935,0.20965768,0.23805004,1.0950055,-1.6627644,0.8259041,0.5236,0.5236,0.0,0.0,-0.35791856,0.22014695,0.46640134,1.4387441,-0.91599834,-0.00269,-0.00807,-0.13719,0.0,0.11567,0.43309,0.0,0.0,0.55145,0.08608,-0.15819209039548024,-1.0,-1.0,1.0,1.0,1.0,1.0,-0.6090395480225989,1.0,1.0,1,1,1,1,1,1,1,1,1,1,1.0,1.0,-0.40251655874119224,0.13635384781205698,0.1832595714594046,-6.4,1.5,7.38,0.5574503,-0.01633554,-0.8300496,-0.5,0.8660254
1.3606,64,0.24083498,0.11044662,0.9817477,-2.0309906,0.6151263,0.5236,0.5236,0.0,0.0,-0.3512816,0.24543692,0.43411657,1.7686799,-0.8406215,-0.04796165,-0.23980825,1.3189453,-0.14388494,-0.45563567,0.0,0.0,0.0,0.0,-0.93525213,-0.7194247,-0.7194247,-1.1270987,0.1918466,0.7744392,1.4974728,0.43725652,-1.0089983,0.22741166,-0.55336046,-0.023931144,0.16392983,-0.42939293,-1.203116,0.7868524,-1.5372796,-0.7816958,-0.7021957,0.19050981,0.33445004,1.0045141,-1.7591645,0.80125296,0.5236,0.5236,0.0,0.0,-0.304479,0.18631311,0.5471801,1.4045761,-0.9143489,0.34432,-0.55414,-0.05649,0.0,0.00269,-0.53531,-0.37929,0.25555,0.11028999999999999,0.03228,0.4463276836158192,-1.0,-1.0,1.0,1.0,0.01807909604519774,-0.020338983050847456,1.0,1.0,1.0,1,1,1,1,1,1,1,1,1,1,1.0,1.0,-0.3196134192714616,-0.31088677301149,0.13526301702956053,-2.75,0.69,6.55,0.5551295,-0.012245504,-0.8316738,-0.6862416,0.72737366
1.3804,65,0.21935925,0.17794177,1.033903,-2.0325246,0.6227962,0.5236,0.5236,0.0,0.0,-0.3681554,0.24236897,0.4233787,1.7272624,-0.83448553,-0.28776988,0.45563567,1.8944851,-0.11990412,-0.35971236,0.0,0.0,0.0,0.0,-1.2470028,-0.3117507,-0.7913672,-1.7026385,0.23980825,0.76303196,1.8589994,-0.2322859,-1.3983955,0.16660258,-0.5321174,0.015550134,-0.19686908,-0.47058776,-0.8629888,0.5377396,-1.2105962,-0.69459665,-0.7902354,0.187658,0.43085003,0.9081141,-1.8555645,0.7860507,0.5236,0.5236,0.0,0.0,-0.21944721,0.1240349,0.62885094,1.4263508,-0.9363588,0.32280000000000003,-0.0538,0.01883,0.0,-0.02152,-0.49765,-0.8339,0.1076,0.02152,0.09684000000000001,0.392090395480226,-1.0,1.0,1.0,1.0,-1.0,-0.3977401129943503,1.0,1.0,1.0,1,1,1,1,1,1,1,1,1,1,1.0,1.0,-0.37742745074377376,-0.4919646829059017,-0.025089107997418484,-4.27,0.62,7.3,0.5508988,-0.01020183,-0.83450973,-0.8354878,0.549509
1.4004,66,0.20095149,0.24850489,1.0431069,-2.0325246,0.6289321,0.5236,0.5236,0.0,0.0,-0.35434955,0.22702916,0.41264084,1.6919808,-0.82834965,-0.6235014,1.486811,2.206236,-0.07194247,-0.11990412,0.0,0.0,0.0,0.0,-1.1510795,-0.1918466,-0.7913672,-1.9664276,0.26378906,0.8722817,1.962119,-0.6933797,-1.4013011,0.06747658,-0.32873628,0.1876981,-0.3374648,-0.51104903,-0.66704655,0.30002058,-0.9358105,-0.43461528,-0.94132227,0.21497042,0.51122975,0.81171405,-1.9196253,0.76126915,0.5236,0.5236,0.0,0.0,-0.17046164,0.06460515,0.6975474,1.4913462,-0.9741306,-0.18292,0.00807,0.040350000000000004,0.0,0.0,-0.46268,-1.0813799999999998,0.10222,0.00538,0.11028999999999999,0.23954802259887006,-1.0,1.0,1.0,1.0,-1.0,-0.9423728813559322,1.0,1.0,1.0,1,1,1,1,1,1,1,1,1,1,1.0,1.0,-0.806123948264881,-0.595593607243065,-0.5323254218582705,-5.53,-1.3,8.54,0.537852,0.007144144,-0.843009,-0.9396926,0.34202015
1.4205,67,0.19788352,0.32060197,0.99555355,-2.0325246,0.62433016,0.5236,0.5236,0.0,0.0,-0.3113981,0.19328158,0.4049709,1.6873789,-0.8222137,-0.7673864,2.5179865,1.5347728,-0.04796165,0.04796165,0.0,0.0,0.0,0.0,-0.43165484,-0.43165484,-0.6714631,-1.774581,0.28776988,1.0006343,1.825404,-1.0209824,-1.2412635,0.15017778,-0.04892696,0.4018555,-0.34840807,-0.46848053,-0.54568267,0.14508182,-0.5281713,-0.2854037,-0.87097305,0.24705859,0.47705102,0.71531403,-1.8796159,0.78194445,0.5236,0.5236,0.0,0.0,-0.14012067,0.025870454,0.7939474,1.5286491,-0.95654327,-0.20175,-0.01076,0.18292,0.0,0.01076,-0.42502,-0.69402,0.05649,0.0,0.08070000000000001,-0.5672316384180791,-1.0,1.0,1.0,1.0,-1.0,-0.8836158192090395,1.0,1.0,1.0,1,1,1,1,1,1,1,1,1,1,1.0,1.0,-1.141008998491293,-0.2552544031041707,-0.9533861039019025,-6.22,0.53,7.31,0.5306506,0.03163494,-0.8470001,-0.99323833,0.11609291
1.4403,68,0.21475731,0.38502917,0.9188545,-2.0325246,0.6181943,0.5236,0.5236,0.0,0.0,-0.2561748,0.14266022,0.39730102,1.6674371,-0.81607777,-0.5275781,3.1654687,0.023980824,-0.023980824,0.07194247,0.0,0.0,0.0,0.0,0.6714631,-0.959233,-0.5035973,-1.3429261,0.28776988,1.1730322,1.6855627,-1.3888955,-1.1405445,0.38141945,0.15921701,0.66698486,-0.32670137,-0.2434579,-0.6453571,0.15326056,-0.07555828,-0.58433217,-0.51771533,0.29015803,0.4420907,0.618914,-1.8544362,0.8397549,0.5236,0.5236,0.0,0.0,-0.16503927,0.027915139,0.8903474,1.453917,-0.8682288,-0.31473,0.3766,0.04573,0.0,0.00269,-0.4035,-0.5191699999999999,0.05111,0.43309,0.08877,-0.45875706214689266,-0.7615819209039548,1.0,1.0,1.0,-1.0,-0.96045197740113,1.0,1.0,1.0,1,1,1,1,1,1,1,1,1,1,1.0,1.0,-1.682061066609535,0.3021601267515183,-1.4464416175903005,-5.69,0.08,6.25,0.5324001,0.071394645,-0.8434768,-0.99323833,-0.11609291
1.4603,69,0.24083498,0.4310486,0.8467574,-2.0355926,0.62433016,0.5236,0.5236,0.0,0.0,-0.20555343,0.09510681,0.38656315,1.6336895,-0.8084079,0.0,3.2374113,-1.6786577,0.0,-0.04796165,0.0,0.0,0.0,0.0,1.7026385,-1.5587536,-0.45563567,-1.103118,0.3117507,1.3629706,1.663228,-1.6733273,-0.7604817,0.6427475,0.25615358,0.8626273,-0.37496656,-0.010932652,-0.6961088,0.4133508,0.20230916,-0.87538314,-0.21349163,0.33764264,0.43650702,0.522514,-1.7594205,0.9050869,0.5236,0.5236,0.0,0.0,-0.17772721,0.0929377,0.9820773,1.3811543,-0.7921729,-0.25555,0.44653999999999994,0.00538,0.0,0.00538,0.38198000000000004,-0.34701,0.12912,0.74244,0.0,-0.5175141242937853,-0.28361581920903955,1.0,1.0,1.0,0.4384180790960452,-0.9242937853107345,1.0,1.0,-0.3129943502824859,1,1,1,1,1,1,1,1,1,1,1.0,1.0,-2.2231131347277775,0.5028729907308662,-2.1085759025656494,-5.36,-2.43,7.55,0.53658694,0.12547565,-0.8344641,-0.9396926,-0.34202015
1.4804,70,0.2791845,0.45405832,0.78079623,-2.0371265,0.6688156,0.5236,0.5236,0.0,0.0,-0.18867964,0.070563115,0.3742913,1.5892041,-0.799204,0.6714631,2.853718,-2.9016798,-0.023980824,0.14388494,0.0,0.0,0.0,0.0,2.1342933,-1.9424467,-0.45563567,-1.1990412,0.33573154,1.3183203,1.6089742,-1.8270898,-0.30524698,0.62548524,0.19448265,0.8673825,-0.4360585,0.065234974,-0.6540308,0.6259049,0.25233403,-0.9998617,-0.05856809,0.32648006,0.42294356,0.43842757,-1.6630205,0.9007713,0.5236,0.5236,0.0,0.0,-0.1672077,0.14607623,0.99458355,1.3500346,-0.753442,-0.48689,0.55145,0.029589999999999998,0.0,0.01345,0.09415,0.70209,0.15871000000000002,0.1076,0.0,-0.5819209039548022,0.006779661016949152,1.0,1.0,1.0,0.5502824858757062,0.11751412429378531,1.0,1.0,-1.0,1,1,1,1,1,1,1,1,1,1,1.0,1.0,-2.414008521664657,0.11671889372712078,-2.3049254434150113,-6.78,-5.1,9.54,0.5337154,0.18776986,-0.8245546,-0.8354878,-0.549509
1.5006,71,0.31600004,0.45866024,0.7086991,-2.0355926,0.72710687,0.5236,0.5236,0.0,0.0,-0.1917476,0.09050487,0.3666214,1.5477866,-0.7838642,1.2470028,2.1103125,-3.3093536,-0.04796165,0.8393288,0.0,0.0,0.0,0.0,1.7506001,-1.6067152,-0.4796165,-1.630696,0.407674,1.089337,1.3826613,-1.7461122,-0.05899119,0.49083194,0.038944,0.6339113,-0.41175747,0.0100956,-0.6127281,0.6943659,0.050011955,-1.0119885,0.08406837,0.26923424,0.36636534,0.45867196,-1.5840478,0.867108,0.5236,0.5236,0.0,0.0,-0.15688203,0.16319148,0.944003,1.3470029,-0.7177829,0.85542,0.25017,0.01345,0.00807,0.00269,-0.059179999999999996,0.46806,0.059179999999999996,0.01614,-0.00807,0.18418079096045198,0.14124293785310735,1.0,1.0,1.0,-1.0,0.4180790960451977,1.0,1.0,-1.0,1,1,1,1,1,1,1,1,1,1,1.0,1.0,-1.3319043854281727,-0.38833575856873837,-0.9872018581592925,-7.05,2.22,9.81,0.5224639,0.22857797,-0.8214521,-0.6862416,-0.72737366
1.5215,72,0.32980588,0.45099035,0.64120394,-2.0294566,0.7869322,0.5236,0.5236,0.0,0.0,-0.18867964,0.13192235,0.36201948,1.5033011,-0.7593205,1.4628303,1.1750604,-3.3812962,0.0,1.7506001,0.0,0.0,0.0,0.0,1.0311754,-0.5995206,-0.4796165,-1.918466,0.57553977,0.91430265,1.2056503,-1.5089153,0.13964546,0.34018788,-0.16325021,0.52955353,-0.32454687,0.085253105,-0.76412404,0.7592966,-0.33092844,-1.1026455,0.1008953,0.22547567,0.3221126,0.51797116,-1.5343887,0.829447,0.5236,0.5236,0.0,0.0,-0.19473101,0.17942415,0.8487679,1.3243387,-0.71357614,0.7881699999999999,0.01345,-0.00269,0.00269,-0.01345,-0.41964,-0.33625,0.01614,0.00807,0.0,0.45649717514124294,1.0,1.0,1.0,-0.8067796610169492,-0.8994350282485876,0.13785310734463277,1.0,1.0,-1.0,1,1,1,1,1,1,1,1,1,1,1.0,1.0,-0.7068583470577035,-0.23234695667174513,1.1704614296186973,-5.72,-5.73,8.09,0.52129346,0.23565318,-0.8201955,-0.5,-0.8660254
1.5441,73,0.3037282,0.42951462,0.5752428,-2.0325246,0.83295155,0.5236,0.5236,0.0,0.0,-0.18100974,0.16873789,0.35588354,1.4572817,-0.73017484,1.103118,0.3836932,-3.3333344,0.04796165,2.446044,0.0,0.0,0.0,0.0,0.45563567,0.551559,-0.3836932,-2.0863316,0.815348,0.9234223,1.085796,-1.3705602,0.30182323,0.18433246,-0.29928625,0.5042118,-0.1829314,0.090364754,-0.8887847,0.78571415,-0.5318428,-1.1655113,0.004994355,0.22775558,0.292149,0.55256,-1.4938443,0.7904831,0.5236,0.5236,0.0,0.0,-0.22589618,0.18602854,0.7985393,1.3086222,-0.7375514,0.62946,0.15064,-0.01614,0.029589999999999998,-0.38198000000000004,0.18292,-0.040350000000000004,0.059179999999999996,0.03228,0.0,0.43954802259887005,1.0,-1.0,1.0,-0.5254237288135594,0.9796610169491525,0.16836158192090395,1.0,1.0,-0.535593220338983,1,1,1,1,1,1,1,1,1,1,1.0,1.0,-0.17998707911191522,-0.08399397025222712,1.0941032748439452,-3.6,1.18,5.76,0.5245059,0.22755802,-0.8204334,-0.28680325,-0.9579895
1.5627,74,0.27765054,0.400369,0.53842723,-2.0340586,0.8528933,0.5236,0.5236,0.0,0.0,-0.19788352,0.19634955,0.34667966,1.4127963,-0.70563114,0.28776988,-0.33573154,-3.1894495,0.04796165,2.3980825,0.0,0.0,0.0,0.0,0.14388494,1.3189453,-0.3117507,-2.1582742,1.103118,0.90427107,1.0280977,-1.2487066,0.44476607,0.12545153,-0.43772987,0.47171175,-0.09503476,0.12531729,-0.9661832,0.8910829,-0.65156347,-1.0175788,-0.11468905,0.22296777,0.27772444,0.58302337,-1.4581085,0.7757629,0.5236,0.5236,0.0,0.0,-0.2452458,0.21237072,0.76860917,1.3456054,-0.76747227,0.33087,0.70209,-0.26362,0.00269,-0.03497,0.05649,-0.42502,0.11567,0.51648,0.28783,0.6666666666666666,1.0,-0.8689265536723164,1.0,-1.0,0.1977401129943503,0.33785310734463275,1.0,1.0,0.9977401129943503,1,1,1,1,1,1,1,1,1,1,1.0,1.0,-0.017453292519943295,-0.08835729338221293,1.2980886311707824,-8.04,-1.97,9.28,0.528534,0.2183519,-0.8203501,-0.05814483,-0.9983082
1.5969,75,0.25924274,0.36508742,0.5430292,-2.0355926,0.85902923,0.5236,0.5236,0.0,0.0,-0.22856314,0.21015537,0.3359418,1.3790487,-0.69949526,-0.5035973,-0.91127133,-2.4940057,0.0,1.8705043,0.0,0.0,0.0,0.0,-0.21582742,1.4628303,-0.33573154,-2.1582742,1.1270987,0.9605203,0.98920816,-1.1377418,0.6346749,0.10367603,-0.54306227,0.44701275,0.008489937,0.2223869,-1.0665563,1.1555425,-0.7957206,-0.5631657,-0.24816091,0.23703009,0.26800203,0.61076456,-1.4106313,0.77031904,0.5236,0.5236,0.0,0.0,-0.27033907,0.27848563,0.7325699,1.4420054,-0.8008402,0.34163,0.061869999999999994,-0.29052,0.00269,-0.00269,0.33356,0.01883,0.11835999999999999,-0.5406899999999999,0.02152,0.42259887005649716,1.0,-1.0,1.0,-1.0,0.6146892655367232,0.9129943502824859,1.0,0.5548022598870056,1.0,1,1,1,1,1,1,1,1,1,1,1.0,1.0,0.2683443724941282,0.07744898555724837,1.6995143591294783,-6.32,-1.03,10.64,0.53580743,0.1990142,-0.82055086,0.17364818,-0.9848077
1.6141,76,0.24390295,0.3282719,0.5752428,-2.0355926,0.8360195,0.5236,0.5236,0.0,0.0,-0.25924274,0.22549517,0.33133984,1.3759807,-0.7255729,-0.8633097,-1.3429261,-0.69544387,-0.04796165,0.6235014,0.0,0.0,0.0,0.0,-0.91127133,1.0071946,-0.43165484,-1.5107919,0.45563567,0.9260572,0.8628114,-1.0066322,0.60253465,-0.115713686,-0.5142352,0.28107503,0.018014397,0.1561451,-0.9322823,1.4726709,-0.73469627,-0.032191608,-0.20995943,0.22841431,0.23640284,0.64354193,-1.4186664,0.7154716,0.5236,0.5236,0.0,0.0,-0.23677059,0.35776773,0.747826,1.5384054,-0.79128987,-0.8339,0.41157,-0.11028999999999999,0.00269,-0.14795,0.04573,0.06725,-0.03766,-0.01614,0.09415,-1.0,1.0,-1.0,1.0,-1.0,1.0,1.0,0.9016949152542373,-1.0,1.0,1,1,1,1,1,1,1,1,1,1,1.0,1.0,0.27052603405912107,-0.46687557490848314,0.6468626540203983,-3.0,-2.46,6.37,0.5348283,0.17453368,-0.82673854,0.39607978,-0.9182161
1.6340,77,0.25003886,0.30986413,0.59825253,-2.0355926,0.800738,0.5236,0.5236,0.0,0.0,-0.2715146,0.25310683,0.3359418,1.4081944,-0.7424467,-0.57553977,-1.3189453,0.26378906,-0.023980824,-0.16786577,0.0,0.0,0.0,0.0,-1.0311754,0.7434055,-0.23980825,-0.7434055,-0.14388494,0.9511622,0.76205575,-0.8352384,0.5659399,-0.11117304,-0.47855967,0.2562463,0.05431446,0.2205978,-0.8919117,1.6526792,-0.8216751,0.42084613,-0.26480013,0.23469056,0.21121395,0.6863904,-1.4278151,0.71660674,0.5236,0.5236,0.0,0.0,-0.22667792,0.4027698,0.72608125,1.6348054,-0.805,0.09146,0.029589999999999998,-0.09684000000000001,0.00807,-0.00269,-0.86349,0.5084099999999999,0.00269,-0.024210000000000002,-0.01345,0.02937853107344633,1.0,-0.7785310734463277,1.0,-1.0,-0.4937853107344633,1.0,1.0,-1.0,-0.8124293785310734,1,1,1,1,1,1,1,1,1,1,1.0,1.0,0.45487643630102215,-0.4068798818711781,0.4701480672559725,-4.69,-1.44,8.16,0.52956486,0.16223663,-0.83261055,0.5971586,-0.8021232
1.6560,78,0.2469709,0.28378645,0.6304661,-2.0355926,0.7746603,0.5236,0.5236,0.0,0.0,-0.25770876,0.3113981,0.3512816,1.4741555,-0.76238847,-0.28776988,-1.1510795,0.8872905,0.0,-0.815348,0.0,0.0,0.0,0.0,-0.7194247,1.0071946,0.0,0.4796165,-0.6235014,0.89135706,0.6341105,-0.603145,0.33884236,-0.25838637,-0.46798867,0.14831059,0.111593634,0.19808456,-0.8198787,1.6856371,-0.96736807,0.69123924,-0.27181447,0.21973927,0.17922762,0.74441373,-1.4845895,0.67980343,0.5236,0.5236,0.0,0.0,-0.20866968,0.41100928,0.689658,1.7312055,-0.80675364,0.09415,0.23403,-0.24209999999999998,0.00269,0.0,-0.32280000000000003,0.12912,0.00269,-0.04573,0.19637000000000002,-0.09491525423728814,0.37401129943502825,-1.0,1.0,-0.8847457627118644,-0.09830508474576272,1.0,1.0,-1.0,0.9977401129943503,1,1,1,1,1,1,1,1,1,1,1.0,1.0,0.6850417314077742,-0.5039638215133627,0.05672320068981571,-3.21,-3.61,5.53,0.5225499,0.1520702,-0.8389376,0.76604444,-0.64278764
1.6739,79,0.2469709,0.25310683,0.6672816,-2.0325246,0.7501166,0.5236,0.5236,0.0,0.0,-0.24543692,0.3666214,0.3834952,1.5416507,-0.78079623,-0.07194247,-1.1510795,1.1990412,0.0,-1.223022,0.0,0.0,0.0,0.0,-0.23980825,1.5347728,0.3836932,1.5587536,-0.815348,0.6815239,0.46578154,-0.3438994,0.047211062,-0.31002077,-0.5277776,0.03793191,0.15938146,0.14587362,-0.79331946,1.5385439,-1.1521853,0.8604684,-0.33894193,0.16728099,0.13714539,0.80922514,-1.5574973,0.66689485,0.5236,0.5236,0.0,0.0,-0.20202987,0.374236,0.6434537,1.8151171,-0.82353544,1.04103,0.20982,-0.02152,-0.059179999999999996,-0.048420000000000005,-0.040350000000000004,0.08339,0.00538,-0.01614,0.00538,0.9163841807909604,1.0,-1.0,1.0,-1.0,-1.0,0.655367231638418,1.0,-1.0,0.8994350282485876,1,1,1,1,1,1,1,1,1,1,1.0,1.0,1.2686362000433782,-0.543233729683235,0.5530512067257032,-3.52,-4.18,5.36,0.5154669,0.12861153,-0.847203,0.89363265,-0.4487992
1.6959,80,0.22856314,0.21935925,0.720971,-2.0187187,0.71636903,0.5236,0.5236,0.0,0.0,-0.22702916,0.4065049,0.44792238,1.6260196,-0.79306805,-0.11990412,-1.2709837,1.5827343,0.0959233,-1.3189453,0.0,0.0,0.0,0.0,0.28776988,2.2541974,1.0311754,2.6858523,-0.8633097,0.55020726,0.2981915,-0.17594571,-0.19633365,-0.35134906,-0.49369162,0.03888844,0.22377872,0.029496524,-0.680862,1.381696,-1.1475831,0.73594356,-0.5550201,0.13445182,0.09524787,0.8512136,-1.6183834,0.65656275,0.5236,0.5236,0.0,0.0,-0.1739155,0.335024,0.6446042,1.7839859,-0.877555,0.42771,0.47881999999999997,-0.00269,0.0,-0.00269,0.029589999999999998,-0.39543,0.00269,-0.01883,0.75051,1.0,1.0,-1.0,1.0,-1.0,-0.39322033898305087,0.1310734463276836,1.0,-1.0,0.5254237288135594,1,1,1,1,1,1,1,1,1,1,1.0,1.0,2.0845776253507275,-0.284706834231575,0.5628686837681712,-3.2,-0.76,4.49,0.510219,0.09183941,-0.855127,0.9730449,-0.23061587
1.7139,81,0.20248546,0.19481556,0.7731263,-2.0156507,0.69949526,0.5236,0.5236,0.0,0.0,-0.22089323,0.40803888,0.49700978,1.6965828,-0.796136,-0.33573154,-1.4388494,1.8944851,0.21582742,-1.3429261,0.0,0.0,0.0,0.0,0.57553977,2.182255,1.6546768,3.285373,-0.7673864,0.34563434,0.279665,-0.036806528,-0.28955665,-0.36390185,-0.51679224,-0.0041596433,0.09045172,-0.1848029,-0.55315864,1.1520153,-1.1101038,0.6320126,-0.49652243,0.083308585,0.09061625,0.88599837,-1.6416892,0.65342456,0.5236,0.5236,0.0,0.0,-0.14198966,0.27760383,0.65397406,1.7580032,-0.8629306,0.72361,0.9388099999999999,0.0,-0.04304,-0.061869999999999994,-0.11835999999999999,-0.33625,0.03766,0.23403,0.12104999999999999,0.9288135593220339,0.9559322033898305,-1.0,1.0,-1.0,-1.0,-1.0,1.0,1.0,1.0,1,1,1,1,1,1,1,1,1,1,1.0,1.0,2.3387411976724013,-0.3676099737013056,1.4268066635053644,-5.1,2.73,9.11,0.5069777,0.041823108,-0.8609439,1.0,0.0
1.7339,82,0.17027187,0.17180584,0.82988364,-2.0202527,0.6826215,0.5236,0.5236,0.0,0.0,-0.21782528,0.400369,0.5292234,1.7702138,-0.799204,-0.7673864,-1.4388494,2.302159,0.23980825,-1.223022,0.0,0.0,0.0,0.0,0.57553977,1.5107919,2.206236,3.6450853,-0.5275781,0.1389974,0.330389,0.13577998,-0.40521845,-0.6097685,-0.5638658,-0.08619234,0.032937296,-0.36488882,-0.37933004,0.8380898,-1.0397323,0.6111126,-0.32853073,0.03164935,0.10329725,0.929145,-1.6706047,0.5919579,0.5236,0.5236,0.0,0.0,-0.09853251,0.19912246,0.67156696,1.7527782,-0.8209327,0.6267699999999999,0.024210000000000002,-0.01076,0.09415,-0.00269,-0.04304,-1.13249,0.00269,0.01883,-0.040350000000000004,0.9096045197740112,1.0,-0.6847457627118644,1.0,-0.6542372881355932,-1.0,-1.0,1.0,1.0,0.6644067796610169,1,1,1,1,1,1,1,1,1,1,1.0,1.0,1.3449943548181302,-0.6741334235828098,1.455168263850272,-8.06,-6.46,11.9,0.496688,-0.0,-0.86792916,0.9730449,0.23061587
1.7579,83,0.124252446,0.17640778,0.877437,-2.0248547,0.66574764,0.5236,0.5236,0.0,0.0,-0.20555343,0.36508742,0.53842723,1.8193012,-0.796136,-1.3189453,-1.103118,2.5419674,0.0959233,-1.0311754,0.0,0.0,0.0,0.0,0.43165484,0.26378906,2.0383701,3.549162,-0.21582742,0.064116865,0.38370776,0.28489634,-0.38772446,-0.85312456,-0.5770345,-0.13505226,0.053017464,-0.53622776,-0.19447035,0.6171808,-0.9332367,0.55780905,-0.21343838,0.012929216,0.11662694,0.9664241,-1.6662312,0.53111887,0.5236,0.5236,0.0,0.0,-0.052317586,0.14389521,0.6981908,1.7394522,-0.79215956,0.33894,0.00269,0.0,0.040350000000000004,-0.00269,-0.6698099999999999,-0.9280499999999999,0.00269,0.41426,0.024210000000000002,0.8598870056497175,1.0,-1.0,1.0,-1.0,-1.0,-1.0,1.0,1.0,1.0,1,1,1,1,1,1,1,1,1,1,1.0,1.0,1.3919000784654778,-0.8737554567796612,0.5061454830783556,-5.88,2.74,9.6,0.48253903,-0.03162518,-0.8753034,0.89363265,0.4487992
1.7739,84,0.08743691,0.19021362,0.9004467,-2.0279226,0.65040785,0.5236,0.5236,0.0,0.0,-0.18254371,0.33900976,0.53842723,1.830039,-0.79460204,-1.6067152,-0.6714631,2.3980825,-0.04796165,-0.8872905,0.0,0.0,0.0,0.0,0.43165484,-0.407674,1.5107919,3.0695455,-0.0959233,0.06665471,0.5826776,0.2625282,-0.25164682,-0.8978365,-0.6263011,-0.08854259,0.10635035,-0.5615953,-0.14899154,0.4140085,-0.94935095,0.5823828,-0.19993748,0.013563678,0.16636941,0.96083206,-1.6322118,0.5199409,0.5236,0.5236,0.0,0.0,-0.040947884,0.09310213,0.69416225,1.7455957,-0.7887844,0.4304,0.20713,-0.00269,0.00269,-0.00269,-0.50303,-0.86887,0.00269,0.21788999999999997,0.0,1.0,-0.19887005649717515,-1.0,1.0,-1.0,-0.8971751412429378,-0.7785310734463277,1.0,1.0,-1.0,1,1,1,1,1,1,1,1,1,1,1.0,1.0,0.3021601267515183,-0.23889194136672387,0.001090830782496456,-3.61,-3.83,11.64,0.4755285,-0.04387924,-0.87860525,0.76604444,0.64278764
1.7979,85,0.046019424,0.20248546,0.93266034,-2.0340586,0.6135923,0.5236,0.5236,0.0,0.0,-0.1196505,0.29299033,0.5399612,1.8423109,-0.79460204,-1.8705043,0.0,1.9664276,-0.16786577,-0.93525213,0.0,0.0,0.0,0.0,0.91127133,-1.1510795,0.6474822,1.9664276,-0.023980824,0.13818993,0.56519127,0.20851116,0.028798554,-1.0033257,-0.64309156,-0.035285242,0.24239212,-0.56898296,-0.16118234,0.23042646,-0.8862476,0.60243034,-0.23599689,0.03144748,0.16199782,0.9473278,-1.5621004,0.4935686,0.5236,0.5236,0.0,0.0,-0.043995585,0.047206614,0.7099381,1.7506076,-0.7977992,-0.08070000000000001,0.47075,0.13988,0.00269,-0.00269,-0.22326999999999997,-0.72899,0.00269,0.82583,0.0,0.22259887005649717,-0.011299435028248588,0.1096045197740113,1.0,-1.0,-1.0,-1.0,1.0,0.9683615819209039,-1.0,1,1,1,1,1,1,1,1,1,1,1.0,1.0,-0.2977968036215325,0.49523717525339095,-0.7821256710499589,-5.27,-1.79,11.46,0.48165342,-0.037756734,-0.875548,0.5971586,0.8021232
1.8138,86,0.032213595,0.20248546,0.9526021,-2.0355926,0.5813787,0.5236,0.5236,0.0,0.0,-0.08130098,0.25770876,0.53842723,1.8285052,-0.796136,-1.8225427,0.26378906,1.630696,-0.1918466,-1.0791371,0.0,0.0,0.0,0.0,1.4628303,-1.5107919,0.3117507,1.1990412,0.0,0.1903004,0.41931805,0.1326005,0.32520607,-1.099356,-0.57475877,-0.0071287174,0.2819947,-0.591335,-0.1465915,0.036570877,-0.79266423,0.63367575,-0.09895417,0.0444751,0.12552951,0.92835015,-1.4879985,0.469561,0.5236,0.5236,0.0,0.0,-0.040347874,-0.0012572808,0.73333395,1.7584189,-0.76353854,-0.45461,0.59987,0.39812000000000003,0.00269,-0.00269,0.08877,-0.6079399999999999,0.00269,0.06456,0.0,-1.0,0.7220338983050848,1.0,1.0,-1.0,-0.04632768361581921,-1.0,1.0,0.04632768361581921,0.6384180790960452,1,1,1,1,1,1,1,1,1,1,1.0,1.0,-0.9533861039019025,0.4625122517784973,-1.2315479534384988,-5.31,1.13,11.71,0.49070877,-0.012242215,-0.87123764,0.39607978,0.9182161
1.8338,87,0.03834952,0.1994175,0.95567006,-2.0371265,0.54609716,0.5236,0.5236,0.0,0.0,-0.05982525,0.21015537,0.5353593,1.8100973,-0.796136,-1.4388494,0.28776988,1.2949644,-0.16786577,-1.4148686,0.0,0.0,0.0,0.0,1.8465234,-1.8465234,0.07194247,0.3117507,0.0,0.25404167,0.21206579,0.103849255,0.49260643,-0.9880483,-0.50117046,0.04659488,0.29571283,-0.56677145,-0.21636276,-0.028008275,-0.6791463,0.50083447,0.07886675,0.060410418,0.07371645,0.9211623,-1.4461484,0.49738795,0.5236,0.5236,0.0,0.0,-0.05779069,-0.017402068,0.76171345,1.7252086,-0.7190833,0.19099000000000002,0.39543,0.6079399999999999,0.00269,-0.00269,0.12912,-0.52724,0.00538,0.33894,-0.01345,-0.11186440677966102,1.0,0.096045197740113,1.0,-1.0,0.15932203389830507,-1.0,1.0,0.6949152542372882,-1.0,1,1,1,1,1,1,1,1,1,1,1.0,1.0,-1.038470904936626,0.2977968036215325,-1.3646293089030663,-3.34,1.36,9.57,0.49585304,0.016324379,-0.86825293,0.17364818,0.9848077
1.8580,88,0.05675729,0.18100974,0.9495341,-2.0371265,0.5046797,0.5236,0.5236,0.0,0.0,-0.052155346,0.15033011,0.5261554,1.7978255,-0.79460204,-0.57553977,0.0,0.7434055,-0.0959233,-1.6786577,0.0,0.0,0.0,0.0,1.6786577,-2.1582742,-0.04796165,-0.28776988,0.0,0.3099232,0.06452683,0.24717087,0.48655495,-0.77706677,-0.41507277,0.1003928,0.31584224,-0.5119808,-0.29789612,-0.032393143,-0.7216915,0.25922924,0.29115185,0.0743808,0.036831707,0.95699275,-1.4476613,0.55013335,0.5236,0.5236,0.0,0.0,-0.07817403,-0.018498287,0.7510772,1.6648073,-0.66601205,-0.01076,1.0168199999999998,0.34432,0.00269,0.33087,0.06456,-0.47881999999999997,0.03228,0.62139,-0.00269,-0.3954802259887006,0.927683615819209,0.19322033898305085,1.0,0.9310734463276836,0.13559322033898305,-1.0,1.0,0.1977401129943503,-1.0,1,1,1,1,1,1,1,1,1,1,1.0,1.0,-1.122464875188853,-0.0032724923474893677,-0.8715737952146683,-4.83,1.45,8.73,0.49899492,0.04694022,-0.86533266,-0.05814483,0.9983082
1.8738,89,0.06749515,0.15646604,0.9495341,-2.0371265,0.5000777,0.5236,0.5236,0.0,0.0,-0.05829127,0.107378654,0.52155346,1.7809517,-0.7900001,-0.023980824,-0.28776988,0.3836932,-0.04796165,-1.6067152,0.0,0.0,0.0,0.0,1.1510795,-2.32614,-0.16786577,-0.57553977,0.0,0.43469042,-0.041028775,0.46620533,0.32769403,-0.5558298,-0.46801558,0.11921579,0.36450452,-0.4090061,-0.41625872,-0.036989138,-0.8394273,-0.021844367,0.3285592,0.1055726,0.010442806,1.0117513,-1.4873766,0.6054426,0.5236,0.5236,0.0,0.0,-0.10776468,-0.019647285,0.7216432,1.5945389,-0.6566602,-0.6482899999999999,0.6348400000000001,0.0,0.00269,0.0,0.16947,-0.54338,0.05111,0.35777,-0.01883,-1.0,1.0,-1.0,1.0,1.0,1.0,-1.0,0.9615819209039548,1.0,-1.0,1,1,1,1,1,1,1,1,1,1,1.0,1.0,-0.9686577348568529,-0.001090830782496456,-0.7199483164476609,-3.59,0.32,8.64,0.4979089,0.07244166,-0.86419845,-0.28680325,0.9579895
1.9124,90,0.09970875,0.07363108,0.9786797,-2.0371265,0.50774765,0.5236,0.5236,0.0,0.0,-0.09817477,0.03681554,0.5046797,1.7226604,-0.7669904,0.6474822,-1.2709837,0.16786577,0.0,-0.69544387,0.0,0.0,0.0,0.0,-0.14388494,-2.32614,-0.33573154,-0.93525213,0.26378906,0.5994698,0.010265276,0.68862987,-0.13443147,-0.27410284,-0.58858246,0.1340979,0.34170297,-0.27748004,-0.6704081,0.09172084,-1.0056508,-0.42536798,0.27971315,0.14676745,0.02326632,1.0673575,-1.5837766,0.6758743,0.5236,0.5236,0.0,0.0,-0.17130204,0.01253021,0.6800873,1.4981389,-0.6688717,0.30666,0.15064,-0.06994,0.0,0.13181,-0.16409,-0.30666,0.08070000000000001,0.5649,-0.00269,-0.34576271186440677,0.480225988700565,-0.2440677966101695,1.0,1.0,-0.0011299435028248588,-0.5751412429378531,1.0,1.0,-1.0,1,1,1,1,1,1,1,1,1,1,1.0,1.0,-0.631591023065448,0.35452000431134817,-0.16035212502697904,-5.27,-1.85,8.73,0.5020259,0.08979325,-0.8601786,-0.5,0.8660254
1.9281,91,0.11351458,0.044485442,0.99555355,-2.0371265,0.5276894,0.5236,0.5236,0.0,0.0,-0.11351458,0.01994175,0.49700978,1.6827769,-0.7516506,0.7434055,-1.6546768,0.43165484,0.0,-0.1918466,0.0,0.0,0.0,0.0,-0.5995206,-2.1103125,-0.3836932,-1.2949644,0.43165484,0.529003,0.4037265,0.6771619,-0.7845354,-0.25418624,-0.53811985,0.05256337,0.17186835,-0.2055485,-0.6501696,0.17824504,-1.0617832,-0.81645685,0.45527428,0.12915076,0.11966632,1.0644904,-1.6801766,0.6808535,0.5236,0.5236,0.0,0.0,-0.1662424,0.03416126,0.66605425,1.4017389,-0.6249814,0.16140000000000002,-0.18023,-0.03766,0.0,0.18023,0.07532,0.11298,0.07801000000000001,0.45999,-0.31204000000000004,-1.0,-0.8632768361581921,-1.0,-0.2994350282485876,0.7853107344632768,1.0,1.0,1.0,1.0,0.39887005649717516,1,1,1,1,1,1,1,1,1,1,1.0,1.0,-0.7646723785300157,-0.14508049407202864,-0.3676099737013056,-5.9,-1.02,8.23,0.508149,0.11122137,-0.85405767,-0.6862416,0.72737366
1.9482,92,0.13805827,0.0398835,1.0231652,-2.0386605,0.558369,0.5236,0.5236,0.0,0.0,-0.14112623,0.023009712,0.48933986,1.6352235,-0.717903,0.8633097,-1.7026385,0.7673864,0.0,0.3836932,0.0,0.0,0.0,0.0,-0.91127133,-1.6067152,-0.407674,-1.7266194,0.7194247,0.45063818,0.79058266,0.37943843,-1.234931,-0.14997903,-0.49316344,0.014300456,-0.076049656,-0.18119802,-0.55355495,0.18606532,-0.97543335,-0.97081417,0.47930515,0.10955954,0.21606633,0.9900596,-1.7765766,0.70690525,0.5236,0.5236,0.0,0.0,-0.14208874,0.036116328,0.6876417,1.3572965,-0.61897373,0.5191699999999999,-0.44115999999999994,-0.08070000000000001,0.0,0.00538,0.14526,0.00807,0.061869999999999994,0.46268,-0.00269,-0.0576271186440678,-1.0,-0.5581920903954802,1.0,1.0,0.1615819209039548,1.0,1.0,1.0,-1.0,1,1,1,1,1,1,1,1,1,1,1.0,1.0,-0.7352199474026112,-0.4494222823885398,-0.29561514205653955,-6.51,-1.27,7.33,0.49805748,0.13676168,-0.8562915,-0.8354878,0.549509
1.9679,93,0.13652429,0.07823302,1.0446409,-2.0386605,0.5905826,0.5236,0.5236,0.0,0.0,-0.16106798,0.03681554,0.48320395,1.5800002,-0.67341757,0.8633097,-1.0791371,1.0551562,0.0,0.815348,0.0,0.0,0.0,0.0,-1.0791371,-0.8633097,-0.407674,-2.1342933,1.103118,0.38936114,1.0890536,-0.004197861,-1.4091566,-0.0894099,-0.4309833,-0.00348707,-0.3288146,-0.23785537,-0.45370972,0.2542425,-0.8647584,-0.8646491,0.45155287,0.094240285,0.29296342,0.89415056,-1.8729767,0.72204757,0.5236,0.5236,0.0,0.0,-0.11712743,0.053160626,0.71531045,1.3838377,-0.6259118,0.11298,-0.38198000000000004,0.00807,0.0,0.00538,-0.6994,-0.21788999999999997,0.00269,0.36584,-0.00538,0.3220338983050847,-1.0,1.0,1.0,1.0,-0.16836158192090395,0.05875706214689266,1.0,1.0,-0.5333333333333333,1,1,1,1,1,1,1,1,1,1,1.0,1.0,-0.34579335805137656,-0.7439465936625829,0.48214720586343357,-4.85,0.83,6.76,0.49467266,0.13973227,-0.8577726,-0.9396926,0.34202015
1.9880,94,0.12578642,0.14572817,1.0246992,-2.0386605,0.6320001,0.5236,0.5236,0.0,0.0,-0.159534,0.049087387,0.48473793,1.5278449,-0.6304661,0.57553977,0.11990412,0.8872905,0.0,1.3189453,0.0,0.0,0.0,0.0,-0.959233,-0.14388494,-0.3117507,-2.3980825,1.5827343,0.52386266,1.2165725,-0.22737439,-1.4432591,-0.05026353,-0.32367492,0.11055341,-0.44568816,-0.41807154,-0.29188988,0.22846717,-0.6659558,-0.57977617,0.43524003,0.12786567,0.32484314,0.83835644,-1.9301149,0.7318341,0.5236,0.5236,0.0,0.0,-0.07667247,0.04671679,0.7650111,1.455056,-0.62999,0.06994,-0.06994,0.15064,0.0,0.00269,-0.6456000000000001,-0.30396999999999996,0.00269,0.5084099999999999,0.20713,0.2937853107344633,-1.0,1.0,1.0,1.0,-0.2248587570621469,0.12429378531073447,1.0,1.0,0.7446327683615819,1,1,1,1,1,1,1,1,1,1,1.0,1.0,-0.5290529295107811,-0.9621127501618741,0.13744467859455345,-2.1,-0.75,7.87,0.4732319,0.14482528,-0.8689518,-0.99323833,0.11609291
2.0099,95,0.11504856,0.21935925,0.9633399,-2.0371265,0.67341757,0.5236,0.5236,0.0,0.0,-0.14112623,0.05982525,0.49087384,1.4818255,-0.6166603,0.11990412,1.5827343,0.1918466,0.0,1.630696,0.0,0.0,0.0,0.0,-0.57553977,0.33573154,-0.14388494,-2.5179865,1.7506001,0.7404988,1.2387192,-0.47905153,-1.4780805,0.22739631,-0.21969369,0.3375017,-0.52620775,-0.47634837,-0.37819856,0.19434157,-0.4299003,-0.5225099,0.16509908,0.1820247,0.3303798,0.7754371,-1.9388201,0.8012491,0.5236,0.5236,0.0,0.0,-0.098249644,0.03818539,0.8240249,1.4693725,-0.6975252,-0.01883,-0.03766,0.09684000000000001,-0.0269,0.00269,-0.46537,-0.41695,0.00538,-0.9468799999999999,0.14526,-0.27231638418079096,-1.0,1.0,1.0,1.0,-0.15028248587570622,-1.0,1.0,-0.4011299435028249,0.9548022598870056,1,1,1,1,1,1,1,1,1,1,1.0,1.0,-0.7003133623627247,0.011999138607461015,-0.10471975511965977,-3.74,-3.84,6.42,0.4683915,0.15715095,-0.8694326,-0.99323833,-0.11609291
2.0279,96,0.12578642,0.28378645,0.8943108,-2.0309906,0.7040972,0.5236,0.5236,0.0,0.0,-0.111980595,0.05982525,0.5200195,1.4802915,-0.6151263,-0.14388494,2.6139097,-1.0551562,0.023980824,1.7985618,0.0,0.0,0.0,0.0,0.07194247,0.4796165,0.07194247,-2.2541974,1.486811,0.7542418,1.1768839,-0.70620817,-1.376342,0.40739778,-0.08483409,0.4746256,-0.4975636,-0.39658344,-0.3487894,0.24276888,-0.3096764,-0.6533899,0.24727438,0.18546046,0.314921,0.71864796,-1.9133856,0.84624946,0.5236,0.5236,0.0,0.0,-0.09089735,0.05029222,0.8540809,1.4366525,-0.6769814,-0.87963,0.16140000000000002,0.17485,0.05649,0.00269,0.12912,-0.24478999999999998,0.03497,-0.09953000000000001,0.01883,-0.696045197740113,-0.5389830508474577,1.0,-0.7028248587570621,1.0,1.0,-0.5401129943502825,1.0,-0.6338983050847458,1.0,1,1,1,1,1,1,1,1,1,1,1.0,1.0,-0.7755806863549801,0.14944381720201447,-0.19853120241435498,-4.63,-0.2,3.97,0.47035408,0.16324653,-0.86724716,-0.9396926,-0.34202015
2.0478,97,0.16106798,0.32980588,0.83141756,-2.0233207,0.7470486,0.5236,0.5236,0.0,0.0,-0.10277671,0.05982525,0.55990297,1.4894954,-0.62586415,0.04796165,3.0215838,-2.2781782,0.14388494,1.8705043,0.0,0.0,0.0,0.0,0.5995206,0.35971236,0.6235014,-1.5107919,0.8393288,0.6507216,0.9853381,-0.71910304,-1.1444321,0.36344028,0.061100163,0.50181574,-0.48618975,-0.48766622,-0.079203136,0.26519108,-0.24663341,-0.8565347,0.56841856,0.15958041,0.26703453,0.71542424,-1.8554081,0.8352601,0.5236,0.5236,0.0,0.0,-0.023500783,0.05589777,0.8698417,1.3858664,-0.59669536,0.23403,0.8823199999999999,0.0538,0.01076,0.0,0.10491,-0.1883,0.00269,0.7639600000000001,-0.09684000000000001,-0.29717514124293787,0.847457627118644,1.0,1.0,1.0,-0.24745762711864408,0.2271186440677966,1.0,0.2384180790960452,0.5446327683615819,1,1,1,1,1,1,1,1,1,1,1.0,1.0,-1.0231992739816755,-1.0068368122442288,-0.9555677654668955,-6.13,1.35,7.22,0.4574039,0.19398826,-0.86784226,-0.8354878,-0.549509
2.0678,98,0.19021362,0.3420777,0.7746603,-2.0294566,0.7900001,0.5236,0.5236,0.0,0.0,-0.10124273,0.06442719,0.5905826,1.4864274,-0.6304661,0.6474822,2.733814,-2.9016798,0.16786577,1.8465234,0.0,0.0,0.0,0.0,0.7194247,0.21582742,1.1510795,-0.7434055,0.1918466,0.5461639,0.709548,-0.64133036,-0.91060454,0.19776967,0.09955953,0.48734307,-0.5182823,-0.60203725,0.030800465,0.21876791,-0.27648693,-1.2138897,0.75220853,0.13344099,0.198087,0.73486745,-1.7969512,0.79384243,0.5236,0.5236,0.0,0.0,0.004000116,0.044291977,0.8623783,1.2965276,-0.5507479,0.43846999999999997,0.00807,-0.09953000000000001,0.07263,-0.00807,-0.9415,-0.1345,0.00269,0.23940999999999998,0.0,-0.02711864406779661,1.0,0.4327683615819209,1.0,-1.0,-0.7796610169491526,0.12542372881355932,1.0,1.0,-1.0,1,1,1,1,1,1,1,1,1,1,1.0,1.0,-0.5355979142057599,-1.89913639232633,-1.1071932442339028,-2.49,-3.16,6.85,0.44107705,0.20828637,-0.872965,-0.6862416,-0.72737366
2.0878,99,0.18714565,0.34667966,0.7455147,-2.0325246,0.82681566,0.5236,0.5236,0.0,0.0,-0.075165056,0.070563115,0.60285443,1.4741555,-0.6166603,0.9832138,2.0143893,-2.877699,0.0959233,1.9424467,0.0,0.0,0.0,0.0,0.6714631,0.14388494,1.4628303,-0.21582742,-0.023980824,0.51583225,0.64493245,-0.72737634,-0.53752625,0.20181128,-0.093503796,0.66970444,-0.5288596,-0.25485715,-0.37966776,0.18761495,-0.44608262,-1.676797,0.43413997,0.12585807,0.1819331,0.7133559,-1.7036816,0.79485285,0.5236,0.5236,0.0,0.0,-0.09239988,0.036503736,0.81997937,1.2001276,-0.630265,0.25017,0.01345,-0.16409,0.024210000000000002,-0.25286,-0.52186,-0.01883,0.00269,1.1701499999999998,0.0,0.4090395480225989,1.0,-0.6903954802259887,1.0,-1.0,-0.5242937853107345,-1.0,1.0,1.0,-1.0,1,1,1,1,1,1,1,1,1,1,1.0,1.0,-0.18653206380689397,-0.619591884457987,-0.07526732399225546,-6.88,-3.56,11.15,0.4021958,0.22253475,-0.8880973,-0.5,-0.8660254
2.1246,100,0.16566992,0.3282719,0.7424467,-2.0355926,0.83295155,0.5236,0.5236,0.0,0.0,-0.04141748,0.08130098,0.59671855,1.438874,-0.58598065,0.69544387,0.9832138,-2.206236,-0.04796165,1.7985618,0.0,0.0,0.0,0.0,0.7673864,0.21582742,1.103118,-0.3836932,0.16786577,0.52223635,0.68807757,-0.6797202,-0.06854087,0.1210672,-0.2814626,0.735726,-0.3672849,0.059021723,-0.7297601,0.21547028,-0.6989813,-1.8499964,0.033778235,0.1274591,0.1927194,0.72527,-1.6072816,0.77466685,0.5236,0.5236,0.0,0.0,-0.18614003,0.04346757,0.7567547,1.1375009,-0.726665,0.24478999999999998,0.73975,0.01345,0.00269,-0.00269,0.33625,-0.15871000000000002,0.03766,0.80431,0.47613,0.26440677966101694,1.0,1.0,1.0,-1.0,1.0,-1.0,1.0,1.0,0.9186440677966101,1,1,1,1,1,1,1,1,1,1,1.0,1.0,-0.22689280275926285,0.0272707695624114,0.6392268385429232,-5.77,-1.41,9.12,0.40399647,0.22138192,-0.887568,-0.28680325,-0.9579895
2.1526,101,0.14266022,0.25464082,0.7332428,-2.0371265,0.8467574,0.5236,0.5236,0.0,0.0,-0.10277671,0.08590292,0.57370883,1.3514371,-0.5660389,-0.5035973,-0.8872905,-0.6474822,-0.0959233,0.7673864,0.0,0.0,0.0,0.0,0.35971236,0.28776988,-0.023980824,-1.486811,0.7913672,0.51591855,0.7231192,-0.69584286,0.20845814,0.031655446,-0.45292625,0.5939096,-0.17806323,0.07227819,-0.9712254,0.32211122,-0.80915654,-1.6822454,-0.31857502,0.12587965,0.2014798,0.7212393,-1.5171856,0.7523139,0.5236,0.5236,0.0,0.0,-0.24650635,0.07012781,0.72921085,1.1794387,-0.8184438,0.17485,0.24747999999999998,0.09415,0.00269,-0.00269,0.1345,-0.48419999999999996,0.1883,0.7774099999999999,0.13988,0.10847457627118644,0.496045197740113,0.09830508474576272,1.0,-1.0,0.9028248587570622,-0.2994350282485876,1.0,0.9932203389830508,1.0,1,1,1,1,1,1,1,1,1,1,1.0,1.0,0.30761428066400054,0.03599741582238305,0.9512044423369095,-3.89,1.37,11.2,0.4110561,0.2213379,-0.8843316,-0.05814483,-0.9983082
2.1678,102,0.14266022,0.23316509,0.7332428,-2.0355926,0.8360195,0.5236,0.5236,0.0,0.0,-0.15339808,0.08283496,0.56297094,1.3084856,-0.55990297,-0.551559,-1.3429261,-0.28776988,-0.07194247,0.407674,0.0,0.0,0.0,0.0,-0.551559,0.1918466,-0.33573154,-1.8465234,0.7194247,0.3801791,0.7638743,-0.7449359,0.49629566,-0.21962216,-0.5179389,0.32846507,-0.047299612,0.0147246905,-0.8624949,0.837452,-0.59518826,-0.9887665,-0.3480665,0.09194478,0.21166858,0.708966,-1.4452262,0.6894945,0.5236,0.5236,0.0,0.0,-0.21932372,0.16652781,0.7827029,1.2758387,-0.82581663,0.16140000000000002,0.1076,0.23940999999999998,0.35239,-0.47613,-0.02152,-0.2959,0.12104999999999999,0.50303,0.11028999999999999,0.1016949152542373,0.5887005649717514,1.0,1.0,-0.8146892655367232,1.0,1.0,1.0,1.0,1.0,1,1,1,1,1,1,1,1,1,1,1.0,1.0,-0.05126904677733343,-0.6599526234103559,0.6730425928003133,-2.7,0.85,6.56,0.4071452,0.20612362,-0.889801,0.17364818,-0.9848077
2.1880,103,0.13959225,0.22856314,0.7347768,-2.0187187,0.799204,0.5236,0.5236,0.0,0.0,-0.20708741,0.09203885,0.5506991,1.2716701,-0.5553011,-0.35971236,-1.366907,-0.16786577,0.04796165,-0.04796165,0.0,0.0,0.0,0.0,-1.6546768,0.0959233,-0.5035973,-2.0623507,0.5035973,0.41506672,0.7435065,-0.7259039,0.69371134,-0.4451563,-0.48501202,0.20867796,0.0074334666,0.07015948,-0.69640875,1.2312276,-0.40853485,-0.18908264,-0.36248899,0.10066668,0.20657662,0.713724,-1.3958722,0.63311094,0.5236,0.5236,0.0,0.0,-0.17780219,0.2629278,0.8293663,1.3722388,-0.82942224,0.22865,0.00807,0.73975,0.00269,-0.00269,-0.19906000000000001,0.024210000000000002,0.13719,-0.95495,0.0269,0.21016949152542372,0.0711864406779661,0.34576271186440677,1.0,-1.0,0.5152542372881356,1.0,1.0,0.11864406779661017,1.0,1,1,1,1,1,1,1,1,1,1,1.0,1.0,-0.08835729338221293,-0.7166758241001716,0.8399397025222711,0.18,-3.54,7.44,0.39778754,0.2039936,-0.894512,0.39607978,-0.9182161
2.2079,104,0.12578642,0.22702916,0.7347768,-2.0125828,0.76238847,0.5236,0.5236,0.0,0.0,-0.22549517,0.13038836,0.5430292,1.277806,-0.5691069,-0.26378906,-0.959233,-0.0959233,0.26378906,-0.6235014,0.0,0.0,0.0,0.0,-2.1103125,0.28776988,-0.551559,-1.7985618,0.28776988,0.58625084,0.67537427,-0.6833148,0.7592171,-0.30565763,-0.44491398,0.31778347,0.048009124,0.21267107,-0.6787787,1.4500077,-0.49533743,0.33673877,-0.38408864,0.14346272,0.18954358,0.7243713,-1.3794957,0.6679856,0.5236,0.5236,0.0,0.0,-0.17339468,0.35210192,0.80766565,1.4686388,-0.8348222,0.30934999999999996,0.00807,0.04573,0.00538,-0.00538,-0.7639600000000001,0.36046,0.048420000000000005,-0.11567,0.00538,0.08813559322033898,1.0,0.3129943502824859,1.0,-1.0,-0.04180790960451977,1.0,1.0,-1.0,1.0,1,1,1,1,1,1,1,1,1,1,1.0,1.0,0.05017821599483697,-0.05781403147231216,0.7188574856651644,-1.1,-3.81,5.44,0.39697394,0.19899721,-0.89599764,0.5971586,-0.8021232
2.2279,105,0.124252446,0.22089323,0.7347768,-2.0171847,0.72403896,0.5236,0.5236,0.0,0.0,-0.20862138,0.19021362,0.5430292,1.3207575,-0.59978646,-0.28776988,-0.57553977,-0.023980824,0.3117507,-1.2709837,0.0,0.0,0.0,0.0,-1.7266194,0.8872905,-0.4796165,-1.0071946,-0.11990412,0.91098565,0.6553176,-0.5753068,0.8451473,0.035570204,-0.48085165,0.4885063,0.22213544,0.46559256,-0.9472485,1.666191,-0.9113844,0.6202812,-0.39309037,0.22464642,0.1845294,0.7513733,-1.3580133,0.75329256,0.5236,0.5236,0.0,0.0,-0.24051213,0.40614775,0.7112656,1.5650388,-0.8370726,-0.10491,0.61332,-0.15871000000000002,0.02152,0.30128,-0.03228,0.08877,0.0,-0.28245,0.00538,-0.2903954802259887,0.9468926553672317,0.17175141242937852,1.0,-0.9050847457627119,-0.21468926553672316,1.0,1.0,-1.0,1.0,1,1,1,1,1,1,1,1,1,1,1.0,1.0,0.47560222116845474,0.9086620418195478,0.9293878266869805,-1.95,-0.94,6.98,0.41113997,0.1846559,-0.89267355,0.76604444,-0.64278764
2.2478,106,0.1441942,0.20862138,0.73784477,-2.0171847,0.6979613,0.5236,0.5236,0.0,0.0,-0.18867964,0.2561748,0.56297094,1.3821167,-0.6580778,-0.1918466,-0.33573154,0.0,0.23980825,-1.6067152,0.0,0.0,0.0,0.0,-0.7673864,1.7506001,-0.21582742,0.26378906,-0.7673864,1.0728852,0.53406954,-0.38898152,0.9559573,0.22184852,-0.5136477,0.47961485,0.4320906,0.5459143,-1.2355461,1.9401025,-1.4921978,1.0046594,-0.46220052,0.26512128,0.15421739,0.7979546,-1.3303107,0.79986215,0.5236,0.5236,0.0,0.0,-0.31258652,0.47462562,0.6148656,1.6614388,-0.8543501,-0.60525,0.16140000000000002,0.0,0.00269,0.00269,0.90115,0.08608,-0.17485,-0.048420000000000005,0.12373999999999999,-0.6350282485875707,0.5175141242937853,-1.0,1.0,1.0,0.5129943502824859,1.0,1.0,-1.0,1.0,1,1,1,1,1,1,1,1,1,1,1.0,1.0,0.5945027764605685,1.2566370614359172,0.8726646259971648,-6.85,-2.08,7.35,0.43591633,0.16844542,-0.8840832,0.89363265,-0.4487992
2.2700,107,0.19328158,0.19634955,0.7485826,-2.0171847,0.7086991,0.5236,0.5236,0.0,0.0,-0.21168935,0.3267379,0.59518456,1.4511458,-0.72403896,0.3117507,-0.3836932,0.07194247,0.023980824,-1.4388494,0.0,0.0,0.0,0.0,0.0,2.5659482,0.26378906,1.6546768,-1.6786577,0.86263937,0.16578016,-0.19177872,0.9615698,0.02263911,-0.45972645,0.21633999,0.54709435,0.3645994,-1.2810196,1.9473112,-1.895998,1.3735601,-0.5861623,0.21255985,0.06214504,0.84725535,-1.3289076,0.7500598,0.5236,0.5236,0.0,0.0,-0.32395488,0.4764278,0.5184656,1.7578388,-0.8853406,-0.03497,0.35508,-0.44115999999999994,0.00269,0.00269,0.45192,0.040350000000000004,-0.41695,-0.07263,0.09684000000000001,-0.6350282485875707,0.4350282485875706,-0.08587570621468926,1.0,1.0,0.8892655367231639,1.0,-0.5005649717514125,-1.0,1.0,1,1,1,1,1,1,1,1,1,1,1.0,1.0,1.3548118318605984,0.34797501961636945,0.8846637646046258,-7.26,-2.47,5.73,0.44887003,0.14078197,-0.88243765,0.9730449,-0.23061587
2.2899,108,0.24083498,0.17640778,0.77772826,-1.9972429,0.7562525,0.5236,0.5236,0.0,0.0,-0.26537868,0.39730102,0.6166603,1.5309129,-0.7900001,1.103118,-0.5275781,0.3117507,0.023980824,-0.5995206,0.0,0.0,0.0,0.0,-0.1918466,3.1175072,0.815348,2.6618714,-2.446044,0.63591015,-0.1319094,0.06506642,0.9918089,-0.23575267,-0.43580666,0.13405776,0.6092384,0.11467664,-1.2255015,1.6298802,-2.0010684,1.2209431,-0.80087686,0.15587755,-0.01227735,0.9114666,-1.3213478,0.6854619,0.5236,0.5236,0.0,0.0,-0.31007537,0.39707005,0.43123293,1.8542389,-0.9390192,0.37390999999999996,0.98185,-0.059179999999999996,0.03228,-0.05649,0.2152,-0.28783,-0.06725,-0.00807,0.14526,1.0,1.0,-1.0,1.0,-1.0,0.9525423728813559,0.4937853107344633,-1.0,-1.0,1.0,1,1,1,1,1,1,1,1,1,1,1.0,1.0,1.7169676516494217,-0.48105637508093707,1.315541923690726,-2.89,-1.57,3.93,0.446919,0.1020363,-0.8887361,1.0,0.0
2.3098,109,0.24236897,0.14112623,0.81761175,-1.9911071,0.77005833,0.5236,0.5236,0.0,0.0,-0.31446606,0.43411657,0.59518456,1.6106799,-0.84215546,1.5827343,-0.7673864,0.7434055,0.3117507,0.33573154,0.0,0.0,0.0,0.0,-1.0791371,3.1894495,0.91127133,3.3333344,-2.9256606,0.36728436,-0.31873688,0.33187923,0.6446088,-0.58481705,-0.3050965,-0.031602286,0.48696908,-0.29872417,-1.0101409,1.1721445,-1.7354705,0.73146576,-0.95870274,0.08872109,-0.05898422,0.9781698,-1.4081478,0.5981958,0.5236,0.5236,0.0,0.0,-0.2562352,0.30067006,0.49763238,1.7828665,-0.9784757,1.19705,0.86887,-0.00807,0.02152,-0.00538,-0.58373,-0.43577999999999995,-0.03497,0.14795,0.01345,1.0,1.0,-1.0,1.0,-1.0,-0.7819209039548023,-1.0,-1.0,-1.0,1.0,1,1,1,1,1,1,1,1,1,1,1.0,1.0,2.1925698728178764,-1.3526301702956054,1.8282323914640601,-1.14,-3.18,6.4,0.42941368,0.05099925,-0.90166676,0.9730449,0.23061587
2.3299,110,0.21015537,0.10124273,0.85749525,-2.0279226,0.76392245,0.5236,0.5236,0.0,0.0,-0.3344078,0.4371845,0.5353593,1.6935148,-0.874369,1.1750604,-1.0791371,1.2709837,0.1918466,0.8633097,0.0,0.0,0.0,0.0,-1.7985618,2.6858523,0.1918466,3.7170277,-2.853718,0.37826818,-0.2754222,0.47566962,0.71020365,-0.4142445,-0.42389312,0.07222336,0.50346863,-0.44738036,-0.97899324,1.0313989,-1.7964994,0.50376123,-1.0177146,0.091467045,-0.048155546,1.0141175,-1.3917491,0.6408389,0.5236,0.5236,0.0,0.0,-0.24844831,0.24744973,0.48237517,1.7259403,-0.9932287,0.6698099999999999,0.6590499999999999,-0.00269,0.0,-0.00269,-0.31204000000000004,-0.33625,0.70747,0.33356,0.01614,1.0,1.0,-1.0,1.0,-1.0,-1.0,-1.0,0.7288135593220338,0.9966101694915255,1.0,1,1,1,1,1,1,1,1,1,1,1.0,1.0,2.524182430696799,-0.41996985126113556,2.5547256926067,-7.21,-5.61,17.02,0.41631678,-0.010203843,-0.9091624,0.89363265,0.4487992
2.3499,111,0.16260196,0.05982525,0.8989127,-2.070874,0.7455147,0.5236,0.5236,0.0,0.0,-0.31600004,0.4325826,0.5046797,1.7640779,-0.8881749,0.07194247,-1.486811,1.7026385,-0.3117507,0.5995206,0.0,0.0,0.0,0.0,-1.6546768,1.7266194,-0.8633097,3.8848934,-2.3501208,0.7042744,-0.07784096,0.35903138,0.65686005,-0.4081687,-0.5919432,0.13580124,0.86840576,-0.2874663,-1.0483305,0.9975092,-1.7416928,0.2545551,-1.31902,0.17296861,0.0012397598,0.9849579,-1.4050851,0.6423578,0.5236,0.5236,0.0,0.0,-0.26578262,0.2389773,0.49607682,1.6636388,-1.068555,0.25824,0.52455,-0.00269,0.0,0.30666,-0.23403,-0.00269,0.0,0.52724,0.07263,0.7378531073446327,0.6497175141242938,-0.9740112994350283,1.0,-0.8971751412429378,-0.6531073446327683,-1.0,-0.6463276836158192,1.0,1.0,1,1,1,1,1,1,1,1,1,1,1.0,1.0,1.7496925751243153,0.6850417314077742,-0.07308566242726254,-9.98,0.03,12.58,0.42441115,-0.053051393,-0.9039141,0.76604444,0.64278764
2.3699,112,0.124252446,0.02147573,0.93572825,-2.0877478,0.72403896,0.5236,0.5236,0.0,0.0,-0.29145634,0.4310486,0.47553405,1.7916895,-0.8881749,-1.0791371,-1.7506001,1.8705043,-1.103118,-0.0959233,0.0,0.0,0.0,0.0,-0.6714631,0.7673864,-1.6067152,3.5971236,-1.5587536,0.5540446,-0.0427332,0.4184333,0.65242654,-0.23639968,-0.50627434,0.06866786,0.75449306,-0.4244777,-1.001631,0.90706265,-1.6087503,0.024896517,-1.0224271,0.13541116,0.0100167,0.9998083,-1.4061934,0.6853001,0.5236,0.5236,0.0,0.0,-0.25410774,0.21636567,0.52931243,1.6062242,-0.99440676,-0.92536,-0.00538,0.0,0.0,0.0,0.03497,-1.34231,0.28514,0.01076,0.08877,-0.9898305084745763,-1.0,0.631638418079096,1.0,-1.0,0.7649717514124293,-1.0,1.0,1.0,1.0,1,1,1,1,1,1,1,1,1,1,1.0,1.0,2.1467549799530254,0.1658062789394613,0.7963064712224129,-6.42,8.09,8.73,0.43140158,-0.09178757,-0.89747846,0.5971586,0.8021232
2.3898,113,0.13959225,0.01994175,0.96180594,-2.070874,0.6933593,0.5236,0.5236,0.0,0.0,-0.28992236,0.398835,0.46633017,1.8070294,-0.8866409,-1.4388494,-1.6786577,1.8465234,-1.1750604,-0.6714631,0.0,0.0,0.0,0.0,0.0959233,-0.023980824,-1.6546768,2.853718,-0.815348,0.56985134,-0.032682545,0.2916675,0.5579857,-0.17836463,-0.5241644,0.12689033,0.7143875,-0.38420984,-0.9398532,0.74063265,-1.6144564,-0.045888297,-0.9395842,0.13936284,0.012529364,0.9681169,-1.4298036,0.69980884,0.5236,0.5236,0.0,0.0,-0.2386633,0.17475817,0.5278859,1.5885279,-0.97369605,0.69402,-0.01076,-0.00269,0.0,0.45461,-0.29052,-0.86618,0.05649,0.05111,0.0,0.022598870056497175,-0.6463276836158192,-1.0,1.0,1.0,-1.0,-1.0,1.0,1.0,0.9446327683615819,1,1,1,1,1,1,1,1,1,1,1.0,1.0,0.9653852425093635,-0.20616701789183017,-0.04145156973486532,-1.91,1.43,14.62,0.42560193,-0.11839286,-0.89713216,0.39607978,0.9182161
2.4098,114,0.14572817,0.027611654,0.9802137,-2.0586023,0.6795535,0.5236,0.5236,0.0,0.0,-0.27611655,0.3589515,0.4571263,1.8008934,-0.8866409,-0.9832138,-1.1510795,1.6546768,-0.5995206,-0.9832138,0.0,0.0,0.0,0.0,0.551559,-0.6235014,-1.1990412,1.8225427,-0.3117507,0.91480374,0.310319,0.016961241,0.18081588,-5.736947e-05,-0.56126225,0.2705144,0.6582427,-0.30466184,-0.9943358,0.65164167,-1.4237422,-0.34720635,-1.0405508,0.22560094,0.09827975,0.89944035,-1.5240961,0.74438566,0.5236,0.5236,0.0,0.0,-0.25228393,0.15251042,0.5755645,1.5131984,-0.9989377,0.17216,0.15871000000000002,0.55683,0.0,0.18292,-0.25555,-0.71016,0.06725,0.01345,0.0,-0.12090395480225989,0.03954802259887006,0.632768361581921,1.0,0.9898305084745763,-0.13220338983050847,-1.0,1.0,1.0,1.0,1,1,1,1,1,1,1,1,1,1,1.0,1.0,-0.21380283336930536,0.5126904677733343,-2.3267420590649404,-2.24,2.91,9.5,0.43660653,-0.10405108,-0.8936152,0.17364818,0.9848077
2.4298,115,0.15339808,0.030679615,0.9740778,-2.0540004,0.6672816,0.5236,0.5236,0.0,0.0,-0.2623107,0.31446606,0.44945636,1.7809517,-0.8866409,-0.28776988,-0.5275781,1.1990412,0.07194247,-1.0071946,0.0,0.0,0.0,0.0,0.57553977,-1.2470028,-0.7673864,0.7434055,-0.04796165,0.89721656,0.5746768,-0.03866307,-0.10610355,0.28264302,-0.5464205,0.30077475,0.40233546,-0.28599483,-1.0076029,0.4818037,-1.3509082,-0.59275615,-0.8249402,0.22120415,0.1643692,0.8855342,-1.5958259,0.8150608,0.5236,0.5236,0.0,0.0,-0.25560072,0.110050924,0.593773,1.451811,-0.94503504,-0.9388099999999999,-0.0269,0.0,0.0,0.13988,0.01076,-0.65367,0.05649,0.03228,0.0,-0.7129943502824859,-1.0,1.0,1.0,1.0,0.7175141242937854,-1.0,1.0,1.0,1.0,1,1,1,1,1,1,1,1,1,1,1.0,1.0,-0.6414085001079162,0.5552328682906961,-1.684242728174528,-5.07,2.43,10.65,0.44916457,-0.076562144,-0.8901625,-0.05814483,0.9983082
2.4500,116,0.19328158,0.06442719,0.9387962,-2.0540004,0.66114575,0.5236,0.5236,0.0,0.0,-0.2623107,0.26691267,0.4387185,1.7656119,-0.8866409,0.3836932,0.0959233,0.4796165,0.33573154,-0.8633097,0.0,0.0,0.0,0.0,0.4796165,-1.7985618,-0.5275781,-0.023980824,0.0,1.0892546,0.88426566,-0.19614492,-0.3125119,0.3867024,-0.5147545,0.37257943,0.24555492,-0.27191943,-1.1444383,0.38891357,-1.2895166,-0.75146925,-0.88057256,0.26921365,0.24176642,0.8461638,-1.647428,0.8410756,0.5236,0.5236,0.0,0.0,-0.28980955,0.086828396,0.60912085,1.4121327,-0.9589431,0.3497,-0.38736000000000004,0.00807,0.0,0.04304,-0.1345,-0.49495999999999996,0.09684000000000001,0.67519,0.0,-0.103954802259887,-0.8508474576271187,1.0,1.0,1.0,0.09943502824858758,-1.0,1.0,1.0,-0.22598870056497175,1,1,1,1,1,1,1,1,1,1,1.0,1.0,-0.9752027195518316,0.8650288105196896,-1.3908092476829814,-5.58,5.6,11.11,0.4645785,-0.047989424,-0.8842307,-0.28680325,0.9579895
2.4700,117,0.22089323,0.12578642,0.9019807,-2.0555344,0.6626797,0.5236,0.5236,0.0,0.0,-0.26691267,0.21322332,0.42951462,1.7257284,-0.88203895,0.8393288,0.7913672,-0.407674,0.21582742,-0.551559,0.0,0.0,0.0,0.0,0.35971236,-2.1342933,-0.45563567,-0.69544387,0.0,1.0136979,1.0976679,-0.43493882,-0.5288304,0.38402337,-0.45139077,0.38328463,-0.02188653,-0.3330456,-0.92084056,0.20581356,-1.2170336,-0.69503164,-0.59478104,0.25032446,0.295117,0.7864653,-1.7015077,0.8404059,0.5236,0.5236,0.0,0.0,-0.23391014,0.04105339,0.6272416,1.4262421,-0.8874953,-0.2152,-0.18561,0.11567,0.0,0.00269,0.57028,-0.42771,0.07532,0.26631,0.0,-0.8542372881355932,-1.0,0.5050847457627119,1.0,1.0,0.4271186440677966,-1.0,1.0,1.0,1.0,1,1,1,1,1,1,1,1,1,1,1.0,1.0,-1.3777192782930239,0.10471975511965977,-1.1519173063162575,-3.43,-1.33,5.53,0.4714862,-0.0153079955,-0.8817405,-0.5,0.8660254
2.4919,118,0.25310683,0.20248546,0.8636312,-2.0555344,0.69029135,0.5236,0.5236,0.0,0.0,-0.28225246,0.15493207,0.41877675,1.6827769,-0.878971,1.2709837,1.7026385,-1.1990412,0.04796165,-0.16786577,0.0,0.0,0.0,0.0,0.0,-2.3980825,-0.43165484,-1.223022,0.07194247,1.011291,1.203453,-0.6655222,-0.6305856,0.3534223,-0.40186912,0.40955162,-0.25019386,-0.30227473,-0.67520374,0.026672628,-1.0647103,-0.54643553,-0.40327746,0.24972276,0.32156324,0.7288195,-1.7269465,0.8327556,0.5236,0.5236,0.0,0.0,-0.17250094,-0.003731843,0.6653224,1.4633912,-0.83961934,0.15871000000000002,-0.05649,0.47075,0.0,0.00269,-0.50303,-0.39543,0.1076,0.43846999999999997,0.0,-0.14463276836158193,-1.0,0.6971751412429379,1.0,1.0,-0.18305084745762712,-1.0,1.0,1.0,-0.5853107344632769,1,1,1,1,1,1,1,1,1,1,1.0,1.0,-2.2165681500327987,-0.032724923474893676,-1.0308350894591507,-3.57,-0.91,8.69,0.46935016,0.027548814,-0.8825823,-0.6862416,0.72737366
2.5100,119,0.25924274,0.2638447,0.8237477,-2.0540004,0.72864085,0.5236,0.5236,0.0,0.0,-0.2699806,0.10584468,0.41110685,1.6444274,-0.87283504,1.3429261,2.5419674,-1.630696,0.0,0.407674,0.0,0.0,0.0,0.0,-0.14388494,-2.5419674,-0.45563567,-1.6067152,0.11990412,1.064169,1.3416781,-0.87337995,-0.71892,0.3497697,-0.2655205,0.41267312,-0.3883964,-0.26752862,-0.53770494,0.06327423,-0.80163187,-0.55495816,-0.22317453,0.26294225,0.35611954,0.676855,-1.7490301,0.8318424,0.5236,0.5236,0.0,0.0,-0.13812624,0.0054185567,0.73109204,1.4612604,-0.79459363,0.14257,-0.00269,0.43577999999999995,0.0,-0.15602000000000002,-1.03296,-0.51648,0.08608,-0.40888,0.059179999999999996,0.004519774011299435,-0.8531073446327684,1.0,1.0,0.8983050847457628,-1.0,-1.0,1.0,1.0,-1.0,1,1,1,1,1,1,1,1,1,1,1.0,1.0,-2.5405448924342457,0.007635815477475192,-1.3482668471656196,-5.3,-1.08,6.15,0.46923044,0.08160529,-0.879297,-0.8354878,0.549509
2.5300,120,0.2623107,0.32213596,0.7731263,-2.0555344,0.76238847,0.5236,0.5236,0.0,0.0,-0.23623304,0.06442719,0.40190297,1.6168158,-0.8605632,1.0071946,3.0215838,-1.8944851,0.0,1.0791371,0.0,0.0,0.0,0.0,0.04796165,-2.5419674,-0.45563567,-1.7985618,0.21582742,1.0005789,1.3647003,-1.0160607,-0.7161301,0.3804674,-0.1517798,0.3898471,-0.48836792,-0.23190375,-0.45823157,0.16342643,-0.60167545,-0.581907,0.016929813,0.24704473,0.3618751,0.6411848,-1.7483326,0.8395169,0.5236,0.5236,0.0,0.0,-0.118257895,0.030456606,0.78108114,1.4545233,-0.7345675,0.05111,0.16140000000000002,0.28514,0.0,0.00538,-0.5460699999999999,0.39274000000000003,0.08070000000000001,0.77203,0.0,-0.20225988700564973,-0.6045197740112994,0.992090395480226,1.0,1.0,-0.7796610169491526,-0.05536723163841808,1.0,1.0,-0.9254237288135593,1,1,1,1,1,1,1,1,1,1,1.0,1.0,-2.282017996982586,-0.07744898555724837,-1.1301006906663282,-8.99,-1.18,11.43,0.46442357,0.13167173,-0.8757701,-0.9396926,0.34202015
2.5499,121,0.2699806,0.36508742,0.717903,-2.0540004,0.79153407,0.5236,0.5236,0.0,0.0,-0.1917476,0.049087387,0.3911651,1.5723304,-0.83448553,0.6714631,3.0455647,-2.1342933,0.0,1.5107919,0.0,0.0,0.0,0.0,0.6714631,-2.2781782,-0.45563567,-1.8225427,0.407674,1.0347661,1.3877907,-1.185255,-0.7364582,0.4356772,-0.08374809,0.47286412,-0.538598,-0.17221916,-0.51516587,0.27411205,-0.41604742,-0.75703347,0.14855723,0.2555915,0.36764768,0.59888625,-1.7534146,0.85331935,0.5236,0.5236,0.0,0.0,-0.13249147,0.05812801,0.8274882,1.4107417,-0.7016607,0.18561,0.53531,0.19099000000000002,0.00807,0.00269,-0.41157,0.22057999999999997,0.1076,0.62139,0.0,0.04406779661016949,-0.6056497175141243,0.7887005649717514,1.0,1.0,-0.6757062146892655,0.5016949152542373,1.0,0.8711864406779661,-1.0,1,1,1,1,1,1,1,1,1,1,1.0,1.0,-1.8620481457214504,0.1876228945893904,-0.9610219193793778,-8.33,-0.73,9.5,0.46435198,0.17349415,-0.86849123,-0.99323833,0.11609291
2.5698,122,0.2715146,0.38809714,0.67341757,-2.0386605,0.8206797,0.5236,0.5236,0.0,0.0,-0.15493207,0.049087387,0.38196123,1.5278449,-0.7869322,0.35971236,2.6618714,-2.3501208,0.07194247,1.630696,0.0,0.0,0.0,0.0,1.3908877,-1.6786577,-0.45563567,-1.8705043,0.8393288,0.95847464,1.3925233,-1.3213508,-0.6810147,0.4639291,-0.05637809,0.45726985,-0.5688486,-0.13206074,-0.45576525,0.3705862,-0.30083686,-0.80926585,0.26389712,0.23651867,0.36883083,0.5648623,-1.7395537,0.8603823,0.5236,0.5236,0.0,0.0,-0.117641315,0.08224655,0.8562908,1.3976836,-0.6728257,0.22865,0.39812000000000003,0.38198000000000004,0.00269,0.00269,-0.04304,0.00269,0.07801000000000001,0.52455,-0.00269,-0.1536723163841808,0.1152542372881356,1.0,1.0,0.9322033898305084,-0.47344632768361583,1.0,1.0,0.8745762711864407,-1.0,1,1,1,1,1,1,1,1,1,1,1.0,1.0,-1.6929693744344996,-0.09490227807719166,-0.8879362569521152,-5.73,-2.34,8.47,0.46023405,0.21123824,-0.862301,-0.99323833,-0.11609291
2.5898,123,0.2715146,0.3926991,0.6304661,-2.0141168,0.8452234,0.5236,0.5236,0.0,0.0,-0.1441942,0.06442719,0.3742913,1.4802915,-0.73017484,0.23980825,1.9904084,-2.3741016,0.3117507,1.486811,0.0,0.0,0.0,0.0,1.630696,-0.8872905,-0.45563567,-2.0143893,1.486811,0.8884058,1.3538843,-1.3904645,-0.6405285,0.43418154,-0.08534111,0.5034758,-0.57232463,-0.115311086,-0.5232414,0.35610506,-0.38759398,-0.9477369,0.24913484,0.21900146,0.3591711,0.5475839,-1.7294322,0.8529454,0.5236,0.5236,0.0,0.0,-0.13451035,0.07862627,0.8346015,1.3630658,-0.6765163,0.44653999999999994,0.269,0.00269,0.00538,0.00269,-0.6805699999999999,-0.12373999999999999,0.00538,0.40619,0.0,0.192090395480226,0.14463276836158193,1.0,1.0,0.9502824858757062,-0.7728813559322034,0.4135593220338983,1.0,1.0,-1.0,1,1,1,1,1,1,1,1,1,1,1.0,1.0,-1.040652566501619,0.04908738521234052,0.14944381720201447,-3.88,-1.74,7.65,0.4593681,0.2317257,-0.8574871,-0.9396926,-0.34202015
2.6103,124,0.2623107,0.3926991,0.59518456,-2.0156507,0.8651652,0.5236,0.5236,0.0,0.0,-0.13652429,0.084368944,0.38963112,1.4465439,-0.6856894,0.07194247,1.1990412,-2.2302167,0.551559,1.3189453,0.0,0.0,0.0,0.0,1.366907,-0.04796165,-0.33573154,-2.1342933,2.0623507,0.795209,1.228163,-1.4124589,-0.575698,0.4096378,-0.120913096,0.51570624,-0.52939254,-0.15199164,-0.58170146,0.3509835,-0.5037704,-1.1367993,0.210152,0.19570225,0.32774076,0.5420853,-1.7132245,0.8468095,0.5236,0.5236,0.0,0.0,-0.14912537,0.07734588,0.8055574,1.3158002,-0.686262,0.13719,0.00807,0.24478999999999998,0.15871000000000002,-0.00269,-0.11298,-0.44653999999999994,0.00269,0.65098,0.1076,0.30282485875706217,1.0,0.2440677966101695,1.0,-1.0,0.022598870056497175,-0.9457627118644067,1.0,0.9163841807909604,0.05649717514124294,1,1,1,1,1,1,1,1,1,1,1.0,1.0,-0.27270769562411395,0.07308566242726254,0.7101308394051928,-4.44,-4.21,8.81,0.46335074,0.23575775,-0.8542391,-0.8354878,-0.549509
2.6443,125,0.24390295,0.38963112,0.57064086,-2.0217867,0.8697671,0.5236,0.5236,0.0,0.0,-0.14266022,0.088970885,0.39730102,1.4220002,-0.66421366,-0.14388494,0.551559,-1.9664276,0.5035973,1.0791371,0.0,0.0,0.0,0.0,0.7913672,0.3836932,-0.023980824,-2.0143893,2.206236,0.69106656,1.1261175,-1.3572285,-0.40069005,0.38792703,-0.21005787,0.5500822,-0.45363483,-0.095765434,-0.66114295,0.3940102,-0.6283337,-1.3071582,0.12393872,0.16966665,0.30222937,0.5558929,-1.6694726,0.8413818,0.5236,0.5236,0.0,0.0,-0.16898574,0.08810255,0.77441657,1.2732105,-0.7078153,0.16947,0.024210000000000002,0.02152,0.08070000000000001,-0.00269,0.03228,-0.36046,0.00269,0.89039,0.27438,0.3480225988700565,1.0,0.7966101694915254,1.0,-1.0,-0.4214689265536723,-0.3129943502824859,1.0,0.6135593220338983,1.0,1,1,1,1,1,1,1,1,1,1,1.0,1.0,-0.07090400086226964,0.006544984694978735,1.1093749057988957,-4.8,-1.15,7.63,0.46833467,0.2265148,-0.854022,-0.6862416,-0.72737366
2.6603,126,0.22242722,0.3742913,0.55683506,-2.0263886,0.8697671,0.5236,0.5236,0.0,0.0,-0.159534,0.09203885,0.38656315,1.3867186,-0.6580778,-0.551559,-0.023980824,-1.3908877,0.04796165,0.6235014,0.0,0.0,0.0,0.0,0.023980824,0.45563567,0.14388494,-1.5587536,1.486811,0.70015293,1.0628561,-1.28644,-0.1139421,0.35114887,-0.32403338,0.6140575,-0.3586148,0.034027983,-0.8132602,0.50929123,-0.69741714,-1.4294561,-0.041364,0.17193824,0.28641403,0.57359004,-1.5977856,0.83218724,0.5236,0.5236,0.0,0.0,-0.20701505,0.11692281,0.75714576,1.242636,-0.749141,0.42771,0.47613,0.12373999999999999,0.25286,-0.22057999999999997,0.16409,0.34163,0.19099000000000002,0.55683,0.23940999999999998,1.0,1.0,-1.0,1.0,-0.2214689265536723,1.0,1.0,-0.43050847457627117,1.0,1.0,1,1,1,1,1,1,1,1,1,1,1.0,1.0,-0.3196134192714616,0.04363323129985824,1.0471975511965976,-4.4,-0.54,8.14,0.47476053,0.2225759,-0.851506,-0.5,-0.8660254
2.6802,127,0.20401944,0.3666214,0.56143695,-2.0279226,0.8697671,0.5236,0.5236,0.0,0.0,-0.17333983,0.10431069,0.3758253,1.3683108,-0.65194184,-0.69544387,-0.23980825,-0.8633097,-0.11990412,0.26378906,0.0,0.0,0.0,0.0,-0.28776988,0.3117507,0.0,-1.2470028,0.8393288,0.90785587,1.0745449,-1.3043011,0.17402878,0.25818717,-0.37576854,0.6792888,-0.22734992,0.1320025,-1.0177853,0.58839995,-0.64931333,-1.4318042,-0.28934282,0.22386397,0.28933623,0.5691247,-1.5257928,0.80894685,0.5236,0.5236,0.0,0.0,-0.25814632,0.13669999,0.7691717,1.242049,-0.8111357,0.269,0.04573,-0.029589999999999998,0.00538,-0.01345,0.45999,-0.08070000000000001,0.15064,0.7881699999999999,0.09415,0.0327683615819209,1.0,-1.0,1.0,-1.0,0.37401129943502825,-0.11751412429378531,1.0,0.7378531073446327,1.0,1,1,1,1,1,1,1,1,1,1,1.0,1.0,-0.030543261909900768,0.28034351110158917,0.36106498900632694,-5.02,0.07,8.15,0.4814239,0.21929269,-0.84861165,-0.28680325,-0.9579895
2.7000,128,0.19788352,0.34974763,0.57370883,-2.0309906,0.874369,0.5236,0.5236,0.0,0.0,-0.1994175,0.12578642,0.36355343,1.3330293,-0.6458059,-0.7434055,-0.407674,-0.3117507,-0.14388494,0.11990412,0.0,0.0,0.0,0.0,-0.551559,0.35971236,-0.26378906,-1.1990412,0.45563567,0.8720987,1.0705584,-1.2613962,0.45924142,0.20631844,-0.43287963,0.58074445,-0.10995278,0.18555678,-1.0016893,0.8406299,-0.63723886,-1.0862277,-0.33691728,0.21492468,0.2883396,0.579851,-1.4544897,0.7959796,0.5236,0.5236,0.0,0.0,-0.25412232,0.19975747,0.77219033,1.328443,-0.8230293,-0.02152,0.54338,0.11567,0.01076,-0.00269,0.35777,0.02152,0.14795,0.40081,0.06456,-0.03502824858757062,0.5774011299435028,0.4192090395480226,1.0,-1.0,0.8757062146892656,0.22937853107344633,1.0,1.0,1.0,1,1,1,1,1,1,1,1,1,1,1.0,1.0,-0.11453723216212788,-0.01090830782496456,0.5628686837681712,-3.32,-4.02,8.26,0.4848216,0.21740422,-0.84716195,-0.05814483,-0.9983082
2.7202,129,0.21475731,0.33287382,0.5752428,-2.0340586,0.87283504,0.5236,0.5236,0.0,0.0,-0.23623304,0.15033011,0.35281557,1.3038837,-0.65040785,-0.45563567,-0.5995206,0.04796165,-0.11990412,0.023980824,0.0,0.0,0.0,0.0,-0.8393288,0.5995206,-0.407674,-1.2709837,0.23980825,0.901867,0.9878274,-1.2214595,0.60987926,0.031371452,-0.4272415,0.4495622,-0.029848667,0.1560672,-0.929368,1.1585522,-0.5403723,-0.5383429,-0.30127007,0.22236675,0.26765686,0.58983517,-1.4168303,0.75224286,0.5236,0.5236,0.0,0.0,-0.23604201,0.27923805,0.7964069,1.4248431,-0.8141175,0.23134,0.28245,-0.6079399999999999,0.00807,-0.00538,-0.16140000000000002,0.16409,0.12912,-0.34701,0.00269,-0.1807909604519774,0.4542372881355932,-0.08361581920903954,1.0,-1.0,0.2655367231638418,0.2824858757062147,1.0,-1.0,1.0,1,1,1,1,1,1,1,1,1,1,1.0,1.0,0.27270769562411395,-0.2028945255443408,0.5017821599483697,-2.85,-3.32,8.16,0.48372862,0.208187,-0.85009694,0.17364818,-0.9848077
2.7400,130,0.22549517,0.32213596,0.58444667,-2.0371265,0.86823314,0.5236,0.5236,0.0,0.0,-0.25464082,0.18561168,0.34514567,1.3192235,-0.6872234,-0.0959233,-0.69544387,0.23980825,-0.11990412,0.04796165,0.0,0.0,0.0,0.0,-1.1750604,0.959233,-0.5035973,-1.1510795,-0.023980824,0.94290006,0.864538,-1.1134199,0.6378996,-0.049764454,-0.40100142,0.34902507,0.0003817808,0.20651485,-0.829659,1.4858036,-0.4762675,0.024069456,-0.25447792,0.23262502,0.2368345,0.616845,-1.4098252,0.7319589,0.5236,0.5236,0.0,0.0,-0.21111475,0.3610509,0.8124331,1.5212431,-0.8024195,0.17216,0.01883,-0.36315,0.00269,-0.01614,-0.66443,0.39543,0.0538,-0.269,-0.03497,-0.26666666666666666,1.0,-0.7615819209039548,1.0,-1.0,0.23615819209039549,0.7389830508474576,1.0,-1.0,1.0,1,1,1,1,1,1,1,1,1,1,1.0,1.0,0.4625122517784973,-0.32506757318394386,0.15489797111449674,-4.06,-2.87,6.66,0.48070085,0.19799568,-0.85423905,0.39607978,-0.9182161
2.7601,131,0.23623304,0.30679616,0.59978646,-2.0386605,0.8452234,0.5236,0.5236,0.0,0.0,-0.25003886,0.24083498,0.33900976,1.3729128,-0.72710687,0.28776988,-0.7194247,0.35971236,-0.11990412,-0.11990412,0.0,0.0,0.0,0.0,-1.1510795,1.3908877,-0.4796165,-0.45563567,-0.6235014,1.0237882,0.7605319,-0.9670535,0.61552215,-0.004940003,-0.37129796,0.32997993,0.077471524,0.30621386,-0.85502726,1.6923026,-0.6340213,0.4183171,-0.25871754,0.25284705,0.21083298,0.65343666,-1.4154196,0.743165,0.5236,0.5236,0.0,0.0,-0.21745682,0.41267565,0.7729947,1.6176431,-0.8034794,0.26631,0.23134,-0.55952,0.00269,-0.01614,-0.41426,0.19099000000000002,0.00269,-0.16678,-0.05649,-0.0711864406779661,1.0,-0.35480225988700564,1.0,-1.0,0.15480225988700566,1.0,1.0,-1.0,1.0,1,1,1,1,1,1,1,1,1,1,1.0,1.0,0.7853981633974483,-0.07635815477475191,0.284706834231575,-2.55,-3.13,6.98,0.47764325,0.18268834,-0.85934967,0.5971586,-0.8021232
2.7822,132,0.25003886,0.28225246,0.61972827,-2.0386605,0.80227196,0.5236,0.5236,0.0,0.0,-0.23469906,0.30833015,0.35588354,1.441942,-0.76545644,0.4796165,-0.7434055,0.5035973,-0.0959233,-0.57553977,0.0,0.0,0.0,0.0,-0.6714631,1.9424467,-0.28776988,0.7673864,-1.2949644,1.2083017,0.6462104,-0.79631513,0.5486061,0.09823259,-0.36888504,0.3848106,0.26373136,0.42161608,-1.0221888,1.88671,-0.9670273,0.6729084,-0.33934456,0.2989754,0.18225259,0.6961212,-1.4321486,0.76895815,0.5236,0.5236,0.0,0.0,-0.25924718,0.4612775,0.68974316,1.7140431,-0.8236361,0.2152,0.47613,-0.13719,0.00269,0.60525,0.15064,0.06994,-0.00538,-0.06725,0.12912,-0.34915254237288135,0.5480225988700564,-0.2384180790960452,1.0,0.1344632768361582,-0.11864406779661017,1.0,1.0,-1.0,0.5785310734463277,1,1,1,1,1,1,1,1,1,1,1.0,1.0,1.2697270308258746,0.571595330028143,0.10362892433716332,-2.83,-2.86,6.19,0.48466614,0.16427632,-0.8591345,0.76604444,-0.64278764
2.8023,133,0.2638447,0.25157285,0.6458059,-2.0279226,0.7715923,0.5236,0.5236,0.0,0.0,-0.23009712,0.37735927,0.398835,1.518641,-0.7884661,0.551559,-0.91127133,0.7194247,-0.023980824,-1.103118,0.0,0.0,0.0,0.0,-0.04796165,2.5899289,0.16786577,2.1342933,-1.6786577,1.1571083,0.44607133,-0.50244534,0.49579188,0.1737549,-0.44308385,0.27930775,0.44102347,0.38946274,-1.1885242,2.0404274,-1.4220946,0.9765984,-0.5526455,0.28617707,0.13221782,0.7695887,-1.4453521,0.78783876,0.5236,0.5236,0.0,0.0,-0.30083105,0.49970686,0.59334314,1.8104432,-0.87696135,-0.93612,0.74244,-0.024210000000000002,0.02152,0.30128,0.040350000000000004,0.08608,-0.00538,-0.01345,0.01345,-1.0,1.0,-1.0,1.0,0.7502824858757062,1.0,0.7966101694915254,1.0,-1.0,1.0,1,1,1,1,1,1,1,1,1,1,1.0,1.0,1.9405879620611952,0.791943148092427,0.6479534848028948,-5.12,-1.77,6.14,0.5000651,0.12960869,-0.8562339,0.89363265,-0.4487992
2.8223,134,0.28685442,0.22242722,0.6780195,-2.000311,0.7715923,0.5236,0.5236,0.0,0.0,-0.2469709,0.42644665,0.45405832,1.592272,-0.796136,0.6474822,-1.1510795,0.9832138,0.21582742,-1.3189453,0.0,0.0,0.0,0.0,0.16786577,2.9496412,0.959233,3.0215838,-1.5107919,0.9106574,0.1717082,-0.19407609,0.52777016,0.031467386,-0.43909606,0.14558642,0.5234308,0.2426571,-1.1951674,1.9725494,-1.7740446,1.1984153,-0.79478675,0.22456436,0.06362705,0.846681,-1.4373575,0.7522669,0.5236,0.5236,0.0,0.0,-0.30249184,0.48273736,0.49694315,1.8996038,-0.93749666,0.07263,0.90115,-0.03766,0.03766,0.0,0.6267699999999999,-0.39543,-0.7774099999999999,0.20713,0.01345,1.0,1.0,-1.0,1.0,1.0,0.7096045197740113,0.0903954802259887,0.6045197740112994,-1.0,1.0,1,1,1,1,1,1,1,1,1,1,1.0,1.0,2.3594669825398342,0.25634523388666713,1.22500296874352,-5.72,0.47,7.12,0.5095119,0.08066421,-0.8566744,0.9730449,-0.23061587
2.8422,135,0.2945243,0.19328158,0.717903,-1.9926411,0.76852435,0.5236,0.5236,0.0,0.0,-0.2883884,0.44945636,0.48320395,1.676641,-0.81607777,0.7673864,-1.3429261,1.2709837,0.57553977,-1.0791371,0.0,0.0,0.0,0.0,-0.1918466,2.8297372,1.630696,3.549162,-1.1510795,0.67550546,-0.085465305,0.07014304,0.586977,-0.23812452,-0.47595894,0.15461287,0.59401137,0.0036002249,-1.1844867,1.6437814,-1.8971472,1.1303054,-1.0002403,0.16577637,-0.0006663259,0.91273576,-1.4225558,0.6848689,0.5236,0.5236,0.0,0.0,-0.29982167,0.40054536,0.45721322,1.8825763,-0.9888601,1.15939,0.84197,-0.11835999999999999,0.18561,-0.14257,-0.47343999999999997,-0.36315,-0.50572,0.29320999999999997,0.09146,1.0,1.0,-1.0,1.0,-1.0,0.0011299435028248588,-0.16836158192090395,-1.0,-1.0,1.0,1,1,1,1,1,1,1,1,1,1,1.0,1.0,2.1085759025656494,-0.23671027980173093,1.4704398948052224,-4.79,-1.95,9.94,0.51111645,0.029585581,-0.8590021,1.0,0.0
2.8623,136,0.26537868,0.15339808,0.77772826,-2.0033789,0.76392245,0.5236,0.5236,0.0,0.0,-0.319068,0.44945636,0.4878059,1.759476,-0.8513593,0.5035973,-1.4628303,1.6546768,0.5995206,-0.57553977,0.0,0.0,0.0,0.0,-0.8633097,2.1342933,1.7985618,3.812951,-0.9832138,0.4870295,-0.24872294,0.25840774,0.63682157,-0.5252598,-0.48552096,0.09326588,0.5866713,-0.29312912,-1.0668304,1.268024,-1.8640746,0.8941157,-1.1138844,0.11865737,-0.041480735,0.959802,-1.4100946,0.6130851,0.5236,0.5236,0.0,0.0,-0.2704076,0.306606,0.46548137,1.823529,-1.017271,0.70747,0.65636,-0.048420000000000005,0.09146,-0.029589999999999998,-0.48419999999999996,-0.32818,-0.02152,0.20713,0.040350000000000004,1.0,1.0,-1.0,1.0,-1.0,-0.6757062146892655,-1.0,-1.0,0.11751412429378531,1.0,1,1,1,1,1,1,1,1,1,1,1.0,1.0,1.961313746928628,-0.62177354602298,1.490074848890159,-7.33,-3.33,10.72,0.5010011,-0.017346272,-0.8652728,0.9730449,0.23061587
2.8823,137,0.22396119,0.107378654,0.84215546,-2.0125828,0.7347768,0.5236,0.5236,0.0,0.0,-0.3267379,0.44178647,0.478602,1.837709,-0.8989127,-0.14388494,-1.630696,2.1582742,0.3117507,-0.3836932,0.0,0.0,0.0,0.0,-1.2470028,1.1990412,1.2470028,3.956836,-1.1990412,0.5865365,-0.18802664,0.34534085,0.73417825,-0.52045137,-0.5622447,0.10710122,0.7341765,-0.39388624,-1.0443622,1.0940137,-1.8142087,0.56513864,-1.2626456,0.14353414,-0.026306659,0.9815352,-1.3857555,0.6142872,0.5236,0.5236,0.0,0.0,-0.26479053,0.26310343,0.47794783,1.7412847,-1.0544614,0.6348400000000001,0.6240800000000001,-0.16140000000000002,0.21788999999999997,-0.024210000000000002,-0.11835999999999999,-0.22057999999999997,0.04304,0.0538,0.024210000000000002,1.0,1.0,-1.0,1.0,-1.0,-1.0,-1.0,0.4429378531073446,1.0,1.0,1,1,1,1,1,1,1,1,1,1,1.0,1.0,1.9176805156287695,-0.13744467859455345,0.9162978572970231,-6.96,-0.2,10.77,0.49793407,-0.05816033,-0.86526245,0.89363265,0.4487992
2.9023,138,0.17947575,0.06442719,0.90658265,-2.0233207,0.6795535,0.5236,0.5236,0.0,0.0,-0.32366994,0.4387185,0.46633017,1.8745245,-0.9249904,-1.0791371,-1.8465234,2.6378906,-0.1918466,-0.7673864,0.0,0.0,0.0,0.0,-1.0791371,0.3836932,0.43165484,3.7889702,-1.630696,0.69326013,-0.07852014,0.37882286,0.7434834,-0.38327062,-0.5638468,0.12088251,0.88381803,-0.37622806,-1.0775559,1.0294892,-1.7417693,0.2667551,-1.2908127,0.17021504,0.0010699648,0.9899057,-1.3834292,0.64858234,0.5236,0.5236,0.0,0.0,-0.27308896,0.2469723,0.4960577,1.6666888,-1.0615032,0.13719,0.0,-0.06456,0.16678,-0.00269,-0.89039,-0.05111,0.13988,0.33356,0.00269,0.6621468926553672,0.28926553672316385,-0.7740112994350282,1.0,-0.8983050847457628,-0.7378531073446327,-1.0,1.0,1.0,1.0,1,1,1,1,1,1,1,1,1,1,1.0,1.0,1.7616917137317762,0.17453292519943295,0.36979163526629855,-6.85,1.43,9.63,0.49915168,-0.09288917,-0.8615215,0.76604444,0.64278764
2.9221,139,0.1672039,0.053689327,0.9526021,-2.0279226,0.62586415,0.5236,0.5236,0.0,0.0,-0.31446606,0.44638842,0.4555923,1.8637867,-0.9188545,-1.5107919,-1.8465234,2.9016798,-0.3836932,-1.5107919,0.0,0.0,0.0,0.0,-0.5035973,0.023980824,-0.11990412,2.9496412,-1.5347728,0.7932444,0.077966124,0.32831043,0.66300124,-0.19059129,-0.5309709,0.13621102,0.93802106,-0.34448174,-1.152389,0.9917484,-1.6148059,-0.04923349,-1.2822014,0.19521111,0.04019153,0.97727764,-1.4035498,0.6967522,0.5236,0.5236,0.0,0.0,-0.29179725,0.2375371,0.52779853,1.5876917,-1.0593504,-0.27169,-0.04304,-0.01883,0.061869999999999994,0.6590499999999999,-0.13988,-0.13988,0.13719,0.81238,0.11298,0.3073446327683616,-0.1807909604519774,-0.5322033898305085,1.0,0.6915254237288135,-0.43389830508474575,-1.0,1.0,1.0,1.0,1,1,1,1,1,1,1,1,1,1,1.0,1.0,1.8260507298990674,0.34579335805137656,0.028361600344907856,-7.13,4.27,10.88,0.5040082,-0.12243114,-0.8549774,0.5971586,0.8021232
2.9444,140,0.18100974,0.04295146,0.9802137,-2.0325246,0.61052436,0.5236,0.5236,0.0,0.0,-0.30679616,0.44945636,0.4387185,1.836175,-0.9111846,-1.2470028,-1.4388494,2.6618714,-0.3836932,-1.9424467,0.0,0.0,0.0,0.0,0.0,0.04796165,-0.45563567,1.4388494,-0.8872905,0.7678376,0.21147509,0.121505655,0.42279613,-0.05476219,-0.4847875,0.1665207,0.7714415,-0.3616003,-1.0241646,0.88144267,-1.5141686,-0.20496912,-1.0682485,0.1888594,0.073568776,0.92557645,-1.463601,0.7307095,0.5236,0.5236,0.0,0.0,-0.25974113,0.20996067,0.5529579,1.5487578,-1.0058621,0.15064,-0.30666,0.50303,0.029589999999999998,0.11298,0.08608,-0.98723,0.20175,0.36584,0.11835999999999999,-0.2711864406779661,-0.8158192090395481,-0.1694915254237288,1.0,1.0,-0.2384180790960452,-1.0,1.0,1.0,1.0,1,1,1,1,1,1,1,1,1,1,1.0,1.0,1.040652566501619,-0.26398104936414235,-0.7232208087951503,-3.94,-3.45,11.42,0.50417876,-0.13982286,-0.85220504,0.39607978,0.9182161
2.9620,141,0.19481556,0.050621364,0.9817477,-2.0340586,0.60285443,0.5236,0.5236,0.0,0.0,-0.30679616,0.40957287,0.42798063,1.8162333,-0.90658265,-0.5995206,-0.93525213,2.0623507,-0.28776988,-1.774581,0.0,0.0,0.0,0.0,0.1918466,-0.0959233,-0.551559,0.1918466,-0.23980825,0.86801153,0.49595174,-0.14096184,0.036114756,0.06348013,-0.4850639,0.22376391,0.55364984,-0.37171882,-0.90069914,0.7524005,-1.3040609,-0.46043164,-1.002409,0.21390289,0.14468794,0.85995954,-1.560001,0.76027006,0.5236,0.5236,0.0,0.0,-0.22887479,0.17770013,0.6054848,1.4848921,-0.98940223,0.72361,-0.08339,0.048420000000000005,0.0,0.029589999999999998,-0.31742000000000004,-0.62946,0.13181,0.35239,0.01076,0.24180790960451978,-1.0,1.0,0.14350282485875707,1.0,-1.0,-1.0,1.0,1.0,-1.0,1,1,1,1,1,1,1,1,1,1,1.0,1.0,0.5137812985558308,-0.2301652951067522,-1.858775653373961,-5.74,4.53,9.38,0.5030982,-0.13164231,-0.85414433,0.17364818,0.9848077
2.9822,142,0.1994175,0.070563115,0.96027195,-2.0371265,0.59518456,0.5236,0.5236,0.0,0.0,-0.2960583,0.3666214,0.41724277,1.8116313,-0.9035147,0.04796165,-0.28776988,1.1750604,-0.21582742,-1.1750604,0.0,0.0,0.0,0.0,0.26378906,-0.6235014,-0.57553977,-0.57553977,0.11990412,0.8197229,0.72533303,-0.27450475,-0.20197172,0.2316311,-0.4763214,0.24209048,0.2633624,-0.37139958,-0.82174385,0.53943396,-1.2263842,-0.55514336,-0.79775107,0.20183073,0.20203325,0.82657385,-1.6197929,0.8023078,0.5236,0.5236,0.0,0.0,-0.20913596,0.12445849,0.624904,1.4612142,-0.9382378,-0.48957999999999996,-0.6725,0.00269,0.00269,0.06994,-0.01883,-0.68326,0.09953000000000001,0.03228,0.01076,-0.9706214689265537,-0.9774011299435028,1.0,1.0,1.0,-1.0,-1.0,1.0,1.0,1.0,1,1,1,1,1,1,1,1,1,1,1.0,1.0,0.12762720155208535,-0.3937899124812206,-1.2806353386508393,-4.77,2.71,8.75,0.50090516,-0.12140065,-0.85694563,-0.05814483,0.9983082
3.0064,143,0.21322332,0.13038836,0.90658265,-2.0371265,0.5905826,0.5236,0.5236,0.0,0.0,-0.26691267,0.30986413,0.40803888,1.8039614,-0.9019807,0.43165484,0.5275781,-0.0959233,-0.11990412,-0.57553977,0.0,0.0,0.0,0.0,0.407674,-1.486811,-0.551559,-0.6235014,0.16786577,0.9211152,0.8669168,-0.4303292,-0.29367444,0.25481993,-0.44816285,0.33144724,0.10717553,-0.3050469,-0.78258264,0.3191163,-1.1370298,-0.52725875,-0.6498879,0.22717881,0.2374292,0.7876177,-1.6427187,0.808105,0.5236,0.5236,0.0,0.0,-0.19934566,0.06937908,0.64724255,1.4681853,-0.90127194,0.09146,-0.00807,0.07532,0.0,0.00269,-0.27707,-0.48419999999999996,0.06725,1.076,0.0,0.13333333333333333,-0.768361581920904,0.8361581920903954,1.0,1.0,-0.6135593220338983,-1.0,1.0,1.0,0.831638418079096,1,1,1,1,1,1,1,1,1,1,1.0,1.0,-0.8377580409572781,-0.1407171709420428,-1.3864459245529956,-4.78,0.8,9.15,0.5002123,-0.09595909,-0.8605693,-0.28680325,0.9579895
3.0242,144,0.21322332,0.18100974,0.8651652,-2.0371265,0.59518456,0.5236,0.5236,0.0,0.0,-0.24390295,0.2638447,0.400369,1.7763498,-0.89737874,0.43165484,1.2470028,-1.0071946,-0.07194247,-0.35971236,0.0,0.0,0.0,0.0,0.6714631,-2.0383701,-0.5035973,-0.5995206,0.14388494,1.1163951,1.0604994,-0.64268374,-0.41569293,0.32211003,-0.41573167,0.43487775,0.001724394,-0.2519313,-0.8960117,0.23774591,-1.0044901,-0.61171126,-0.63787776,0.27599877,0.28582487,0.7345291,-1.6732233,0.8249275,0.5236,0.5236,0.0,0.0,-0.22770293,0.049036477,0.6803775,1.4470723,-0.8982694,-0.39812000000000003,-0.01076,-0.00538,0.0,0.19906000000000001,-0.46268,-0.45999,0.08608,0.67788,0.01883,-1.0,-1.0,1.0,-0.296045197740113,1.0,-1.0,-1.0,1.0,1.0,-0.11977401129943503,1,1,1,1,1,1,1,1,1,1,1.0,1.0,-1.3024519543007682,0.4243331743911214,-1.2424562612634633,-3.57,0.02,6.41,0.50726384,-0.06430105,-0.85938865,-0.5,0.8660254
3.0463,145,0.23316509,0.23776703,0.8237477,-2.0386605,0.6043884,0.5236,0.5236,0.0,0.0,-0.22242722,0.20248546,0.38502917,1.7410682,-0.8851069,0.3836932,2.0623507,-1.774581,-0.023980824,-0.07194247,0.0,0.0,0.0,0.0,1.0311754,-2.3501208,-0.4796165,-0.815348,0.1918466,1.323086,1.2955128,-0.85692734,-0.4917579,0.42111102,-0.3845665,0.6095085,-0.12869196,-0.17056899,-0.9881683,0.13583013,-0.9244772,-0.7364867,-0.5741723,0.3276715,0.3445782,0.68096817,-1.6922395,0.8496778,0.5236,0.5236,0.0,0.0,-0.25074208,0.023557533,0.7003807,1.4158783,-0.88234305,-0.029589999999999998,0.01345,0.57835,0.0,0.00269,-0.02152,-0.42771,0.15333,0.78279,0.13988,-0.2689265536723164,-0.5107344632768361,0.6440677966101694,1.0,1.0,-0.21807909604519773,-1.0,1.0,1.0,0.9423728813559322,1,1,1,1,1,1,1,1,1,1,1.0,1.0,-2.040944394050869,1.0722866591940163,-1.160643952576229,-5.02,0.98,8.88,0.52141285,-0.021427924,-0.85303545,-0.6862416,0.72737366
3.0640,146,0.26077673,0.27458256,0.79153407,-2.0386605,0.6151263,0.5236,0.5236,0.0,0.0,-0.22702916,0.15646604,0.3758253,1.7103885,-0.878971,0.5275781,2.3501208,-1.9664276,0.0,0.11990412,0.0,0.0,0.0,0.0,0.9832138,-2.4940057,-0.5035973,-1.1270987,0.26378906,1.396035,1.5356668,-1.0555617,-0.7467278,0.44599256,-0.28489858,0.5948792,-0.2707425,-0.18220718,-0.9405181,0.14935608,-0.80922866,-0.91581345,-0.49056572,0.34590873,0.4046167,0.6313096,-1.755982,0.85589814,0.5236,0.5236,0.0,0.0,-0.23882952,0.02693902,0.72919285,1.3710467,-0.86144143,-0.18023,-0.061869999999999994,0.25555,0.0,0.06994,0.25555,-0.34163,0.13988,0.58104,0.01345,-1.0,-1.0,1.0,0.376271186440678,1.0,1.0,-1.0,1.0,1.0,-1.0,1,1,1,1,1,1,1,1,1,1,1.0,1.0,-1.9405879620611952,0.8792096106921434,-1.2839078309983287,-9.73,0.2,8.53,0.5370043,0.022460256,-0.8432805,-0.8354878,0.549509
3.0838,147,0.30066022,0.3267379,0.7501166,-2.0386605,0.6458059,0.5236,0.5236,0.0,0.0,-0.24390295,0.10124273,0.36355343,1.6674371,-0.8713011,0.8872905,2.3980825,-1.918466,0.0,0.45563567,0.0,0.0,0.0,0.0,0.57553977,-2.6139097,-0.5275781,-1.5347728,0.35971236,1.181889,1.5779983,-1.3318526,-0.7576191,0.4282665,-0.15853915,0.45448133,-0.49063042,-0.2903755,-0.5846377,0.11701369,-0.6937348,-0.7212653,-0.23121457,0.29237226,0.41519958,0.5622369,-1.7587048,0.85146666,0.5236,0.5236,0.0,0.0,-0.14985943,0.018853422,0.7580663,1.4196837,-0.7966036,-0.24209999999999998,-0.28514,0.0538,0.0,0.024210000000000002,-0.26093,-0.21251,0.12912,0.5918,0.0,-0.6192090395480226,-0.848587570621469,1.0,1.0,1.0,-0.5062146892655367,-0.6768361581920904,1.0,1.0,-1.0,1,1,1,1,1,1,1,1,1,1,1.0,1.0,-2.0398535632683727,-0.24107360293171679,-1.1475539831862718,-5.31,-1.24,6.8,0.5368071,0.06837657,-0.8409297,-0.9396926,0.34202015
3.1081,148,0.3344078,0.38502917,0.6841554,-2.0309906,0.71330106,0.5236,0.5236,0.0,0.0,-0.2469709,0.06135923,0.3512816,1.6198837,-0.8544273,1.4388494,2.422063,-2.0143893,0.0,1.0551562,0.0,0.0,0.0,0.0,0.0,-2.5179865,-0.551559,-1.8465234,0.43165484,1.1201344,1.5695995,-1.4457526,-0.6490942,0.48259905,-0.09805731,0.42504248,-0.5742442,-0.21145788,-0.55584115,0.25547084,-0.5061693,-0.6985817,-0.07641916,0.27693358,0.41309988,0.53376186,-1.7315736,0.8650498,0.5236,0.5236,0.0,0.0,-0.14266029,0.05346771,0.8049577,1.4253546,-0.75790477,0.25555,0.40619,0.20444,0.00269,0.03228,-1.1217300000000001,-0.16947,0.12373999999999999,0.17485,0.0,0.4384180790960452,-0.384180790960452,1.0,1.0,1.0,-0.896045197740113,-0.6621468926553672,1.0,1.0,-0.8666666666666667,1,1,1,1,1,1,1,1,1,1,1.0,1.0,-1.9798578702310676,-0.11453723216212788,-0.4068798818711781,-5.66,-3.23,7.54,0.5286887,0.107166626,-0.84202355,-0.99323833,0.11609291
3.1240,149,0.32060197,0.41570878,0.6304661,-2.0263886,0.7669904,0.5236,0.5236,0.0,0.0,-0.21782528,0.046019424,0.34514567,1.601476,-0.8360195,1.3908877,2.422063,-2.2781782,0.0959233,1.6786577,0.0,0.0,0.0,0.0,-0.0959233,-2.2541974,-0.5275781,-1.8465234,0.5275781,1.068224,1.5359695,-1.5485008,-0.53828794,0.5018083,-0.062061533,0.45026174,-0.5452641,-0.106010765,-0.56329966,0.4250063,-0.3251484,-0.7660274,0.094927326,0.26395598,0.40469238,0.5080748,-1.7038721,0.86985207,0.5236,0.5236,0.0,0.0,-0.14452492,0.09585158,0.85021293,1.4084932,-0.71506816,0.5460699999999999,0.60525,0.12373999999999999,0.0269,0.00807,-0.44653999999999994,0.32011,0.05111,0.53262,0.0,0.8700564971751412,0.2734463276836158,1.0,1.0,1.0,-0.6734463276836158,1.0,1.0,1.0,-1.0,1,1,1,1,1,1,1,1,1,1,1.0,1.0,-1.906772207803805,-0.06981317007977318,-0.38942658935123475,-5.92,-2.52,7.06,0.52666855,0.14289457,-0.8379746,-0.99323833,-0.11609291
3.1610,150,0.29912627,0.43411657,0.57217485,-2.0248547,0.83141756,0.5236,0.5236,0.0,0.0,-0.18100974,0.05829127,0.3344078,1.5508546,-0.79767,0.6474822,2.1103125,-2.6139097,0.14388494,2.446044,0.0,0.0,0.0,0.0,0.407674,-1.5107919,-0.4796165,-1.8465234,0.815348,1.0454811,1.4417694,-1.6140295,-0.46683592,0.47407374,-0.025145816,0.48127145,-0.5263419,-0.09780183,-0.5602703,0.45166504,-0.23863298,-0.85905325,0.18085185,0.25827026,0.38114235,0.49169263,-1.686009,0.86291844,0.5236,0.5236,0.0,0.0,-0.14376758,0.10251626,0.8718418,1.3852367,-0.693587,0.44653999999999994,0.39274000000000003,0.23671999999999999,0.029589999999999998,-0.07263,-0.19637000000000002,0.00538,0.09684000000000001,0.6456000000000001,0.0,0.42033898305084744,-0.17627118644067796,0.6949152542372882,1.0,-0.3446327683615819,-0.5276836158192091,1.0,1.0,1.0,-1.0,1,1,1,1,1,1,1,1,1,1,1.0,1.0,-1.3962634015954636,-0.16798794050445423,-0.519235452468313,-4.63,-2.77,7.54,0.52139574,0.17753984,-0.83464134,-0.9396926,-0.34202015
3.1870,151,0.28685442,0.4325826,0.5108156,-2.0263886,0.875903,0.5236,0.5236,0.0,0.0,-0.16106798,0.11044662,0.32520393,1.4618837,-0.7102331,-0.45563567,0.815348,-2.32614,0.07194247,2.32614,0.0,0.0,0.0,0.0,1.0791371,0.3117507,-0.35971236,-2.0383701,1.6786577,0.90579563,1.2900305,-1.5728767,-0.3804503,0.42861018,-0.10694843,0.47932947,-0.4889616,-0.09186915,-0.6332012,0.435309,-0.44118676,-1.0147469,0.19240236,0.22334892,0.34320763,0.50198084,-1.6644126,0.85155255,0.5236,0.5236,0.0,0.0,-0.1620003,0.09842725,0.82120335,1.3463132,-0.6906994,0.19368000000000002,0.57835,0.19637000000000002,0.06994,-0.24478999999999998,-0.14526,-0.31742000000000004,0.03766,0.42233,0.1345,0.4824858757062147,0.40451977401129946,-0.04971751412429379,1.0,0.020338983050847456,-0.096045197740113,0.2621468926553672,1.0,0.9220338983050848,-0.6937853107344633,1,1,1,1,1,1,1,1,1,1,1.0,1.0,-0.3119776037939864,-0.11235557059713495,0.9686577348568529,-5.59,-1.63,8.89,0.523555,0.21023844,-0.8256452,-0.8354878,-0.549509
3.2060,152,0.28071848,0.42644665,0.5046797,-2.0233207,0.874369,0.5236,0.5236,0.0,0.0,-0.16106798,0.11658254,0.32213596,1.435806,-0.6856894,-0.43165484,0.26378906,-1.7506001,0.023980824,1.5587536,0.0,0.0,0.0,0.0,0.7673864,0.8393288,-0.28776988,-2.0623507,1.8705043,0.7707796,1.1516222,-1.5130734,-0.29023165,0.32708782,-0.15641838,0.45023075,-0.4442602,-0.15574515,-0.5929573,0.46218854,-0.5128971,-1.1760038,0.1854417,0.18959491,0.30860555,0.51693165,-1.641858,0.826172,0.5236,0.5236,0.0,0.0,-0.15193933,0.10514714,0.80327576,1.305999,-0.69243956,0.7881699999999999,0.06994,-0.02152,0.00807,-0.00269,0.23671999999999999,-0.41695,0.00269,0.04573,0.01345,0.3694915254237288,1.0,-0.8124293785310734,1.0,-1.0,0.9570621468926553,-0.015819209039548022,1.0,1.0,-0.02937853107344633,1,1,1,1,1,1,1,1,1,1,1.0,1.0,-0.12980886311707826,-0.5083271446433485,0.47451139038595835,-2.98,-3.89,6.51,0.5235585,0.20615754,-0.82667136,-0.6862416,-0.72737366
3.2239,153,0.26537868,0.41417482,0.50928164,-2.0263886,0.877437,0.5236,0.5236,0.0,0.0,-0.16873789,0.11658254,0.31446606,1.4173982,-0.67341757,-0.407674,0.0,-1.1750604,0.023980824,0.91127133,0.0,0.0,0.0,0.0,0.3836932,0.815348,-0.23980825,-1.8944851,1.774581,0.81267595,1.0559181,-1.4251165,-0.09793837,0.29455715,-0.24106117,0.5277232,-0.37105903,-0.07533624,-0.74352247,0.46863195,-0.5737676,-1.3385826,0.006811045,0.200069,0.28467953,0.5389209,-1.5937847,0.8180393,0.5236,0.5236,0.0,0.0,-0.18958062,0.10675799,0.7880581,1.2653544,-0.7370972,0.70209,0.6725,-0.12643,0.08877,-0.08877,-0.2152,0.10491,0.12912,0.48957999999999996,0.28245,1.0,1.0,-1.0,1.0,-1.0,-1.0,1.0,1.0,1.0,1.0,1,1,1,1,1,1,1,1,1,1,1.0,1.0,0.06981317007977318,-0.33597588100890846,0.3512475119638588,-3.02,-3.1,8.66,0.51851207,0.20209722,-0.83084416,-0.5,-0.8660254
3.2461,154,0.239301,0.39423305,0.52155346,-2.0309906,0.88357294,0.5236,0.5236,0.0,0.0,-0.17180584,0.12885438,0.30066022,1.3943886,-0.66421366,-0.5995206,-0.28776988,-0.407674,-0.023980824,0.33573154,0.0,0.0,0.0,0.0,0.023980824,0.5275781,-0.28776988,-1.486811,1.2709837,0.93844885,1.0607543,-1.3740965,0.17683172,0.25311443,-0.35374448,0.62481695,-0.24193639,0.0900877,-0.96786565,0.56105626,-0.59939635,-1.3813239,-0.2403722,0.23151222,0.28588858,0.5516759,-1.5250921,0.80767864,0.5236,0.5236,0.0,0.0,-0.24566641,0.12986407,0.7816509,1.2546691,-0.79889303,0.44653999999999994,0.72899,-0.00269,0.03766,-0.048420000000000005,0.00269,-0.14526,0.15064,1.0786900000000001,0.12643,0.41468926553672314,0.7627118644067796,-1.0,1.0,-1.0,1.0,-0.9977401129943503,1.0,1.0,1.0,1,1,1,1,1,1,1,1,1,1,1.0,1.0,0.06326818538479445,0.00545415391248228,0.23671027980173093,-4.12,-4.47,8.84,0.5204266,0.1979662,-0.8306417,-0.28680325,-0.9579895
3.2640,155,0.23009712,0.36508742,0.53229135,-2.0340586,0.8881749,0.5236,0.5236,0.0,0.0,-0.18714565,0.13652429,0.28992236,1.3683108,-0.6580778,-0.69544387,-0.5995206,0.0,-0.04796165,0.21582742,0.0,0.0,0.0,0.0,-0.14388494,0.3836932,-0.407674,-1.2709837,0.8872905,1.0412943,1.0818151,-1.3679694,0.41462803,0.181404,-0.4223676,0.6144166,-0.10609785,0.15951152,-1.0730302,0.72615135,-0.5838607,-1.1588482,-0.4027778,0.25722358,0.2911538,0.55320764,-1.465643,0.78975105,0.5236,0.5236,0.0,0.0,-0.27195755,0.17113784,0.78553486,1.310288,-0.83949447,-0.67788,0.5084099999999999,0.01076,0.029589999999999998,-0.061869999999999994,0.17485,0.09146,0.18292,0.48957999999999996,0.12104999999999999,-1.0,0.5909604519774011,-1.0,1.0,-1.0,1.0,1.0,1.0,1.0,1.0,1,1,1,1,1,1,1,1,1,1,1.0,1.0,0.2498002491916884,0.05890486225480862,0.24107360293171679,-4.46,-2.5,9.34,0.52168995,0.1929538,-0.8310286,-0.05814483,-0.9983082
3.2840,156,0.24083498,0.3420777,0.5491651,-2.0371265,0.8851069,0.5236,0.5236,0.0,0.0,-0.22396119,0.14572817,0.27611655,1.3406992,-0.65194184,-0.6235014,-0.959233,0.3836932,-0.14388494,0.1918466,0.0,0.0,0.0,0.0,-0.4796165,0.3836932,-0.5275781,-1.223022,0.551559,1.1440405,1.0491365,-1.3717229,0.61763346,0.1341359,-0.4421861,0.5907249,0.014124438,0.22223082,-1.1207488,1.0579787,-0.5279008,-0.66070014,-0.4472391,0.2829101,0.28298414,0.5522693,-1.4148917,0.777934,0.5236,0.5236,0.0,0.0,-0.28388718,0.2540947,0.7995248,1.406688,-0.8506098,-0.20982,0.54338,0.12643,0.00538,-0.0269,-0.02152,0.00538,0.18561,-0.269,0.06994,-0.2248587570621469,0.2858757062146893,-0.04632768361581921,1.0,-1.0,0.296045197740113,1.0,1.0,-0.6305084745762712,1.0,1,1,1,1,1,1,1,1,1,1,1.0,1.0,0.5039638215133627,0.18871372537188688,0.2552544031041707,-5.81,0.65,9.93,0.5247212,0.18477535,-0.83097875,0.17364818,-0.9848077
3.3060,157,0.26537868,0.32520393,0.558369,-2.0371265,0.8513593,0.5236,0.5236,0.0,0.0,-0.26691267,0.17640778,0.26537868,1.3406992,-0.67341757,-0.16786577,-1.1510795,0.551559,-0.11990412,-0.04796165,0.0,0.0,0.0,0.0,-1.0071946,0.5275781,-0.57553977,-1.103118,0.26378906,0.9563264,0.8744524,-1.2113764,0.6260095,-0.08182335,-0.4012901,0.28542006,-0.023819933,0.12881042,-0.8120729,1.4849391,-0.47858828,0.068983495,-0.22372939,0.23598161,0.2393131,0.5923559,-1.4127977,0.7239442,0.5236,0.5236,0.0,0.0,-0.20671822,0.35049468,0.81185293,1.503088,-0.79473233,0.18561,0.53531,-0.08339,0.00269,-0.00269,-0.41426,0.27169,0.07263,-0.88501,0.00269,-0.3446327683615819,0.8723163841807909,-0.12994350282485875,1.0,-1.0,-0.0022598870056497176,0.727683615819209,1.0,-0.7593220338983051,1.0,1,1,1,1,1,1,1,1,1,1,1.0,1.0,0.5115996369908378,-0.7112216701876892,0.08835729338221293,-3.35,-0.09,6.85,0.52325344,0.17339782,-0.8343496,0.39607978,-0.9182161
3.3239,158,0.28532043,0.31293207,0.55990297,-2.0340586,0.8206797,0.5236,0.5236,0.0,0.0,-0.28685442,0.2162913,0.25924274,1.3729128,-0.7086991,0.3117507,-1.0791371,0.5275781,-0.0959233,-0.5035973,0.0,0.0,0.0,0.0,-1.3908877,0.7913672,-0.551559,-0.69544387,-0.14388494,0.9486304,0.76079994,-1.01287,0.5678773,-0.12799278,-0.3390179,0.20233168,-0.041756146,0.1630778,-0.72025883,1.6814994,-0.53319806,0.50186586,-0.21126549,0.2340576,0.21089998,0.64198256,-1.4273307,0.7124018,0.5236,0.5236,0.0,0.0,-0.18376471,0.40997484,0.7982005,1.599488,-0.7916164,0.30934999999999996,0.84197,-0.05649,0.23940999999999998,-0.00538,-0.26093,0.18023,0.03228,-0.17485,0.029589999999999998,1.0,1.0,-1.0,1.0,-1.0,-1.0,1.0,1.0,-1.0,-1.0,1,1,1,1,1,1,1,1,1,1,1.0,1.0,0.5159629601208237,-0.8017606251348951,0.11344640137963143,-0.15,-2.76,5.01,0.51110446,0.16424714,-0.8436795,0.5971586,-0.8021232
3.3460,159,0.27458256,0.28225246,0.5767768,-2.0309906,0.799204,0.5236,0.5236,0.0,0.0,-0.2638447,0.2945243,0.26077673,1.440408,-0.7516506,0.5995206,-0.959233,0.45563567,0.023980824,-1.0551562,0.0,0.0,0.0,0.0,-1.2949644,1.5587536,-0.43165484,0.35971236,-0.93525213,1.192753,0.635382,-0.822043,0.5344401,0.11043043,-0.39068386,0.36981276,0.19349241,0.3888613,-0.98613656,1.8180588,-0.96137,0.6782046,-0.3026001,0.29508823,0.17954549,0.6896893,-1.43569,0.77200764,0.5236,0.5236,0.0,0.0,-0.25023413,0.4441147,0.70180047,1.695888,-0.81445,0.23671999999999999,0.39274000000000003,-0.62946,0.048420000000000005,-0.00807,-0.40619,0.11567,0.00269,-0.024210000000000002,0.0,0.3073446327683616,0.8259887005649718,-0.9887005649717514,1.0,-1.0,-0.5548022598870056,1.0,1.0,-1.0,1.0,1,1,1,1,1,1,1,1,1,1,1.0,1.0,1.2402745996984703,0.34579335805137656,0.38179077387375954,-2.93,-2.37,4.28,0.5064218,0.14804669,-0.84948164,0.76604444,-0.64278764
3.3641,160,0.2638447,0.25924274,0.61052436,-2.0340586,0.79153407,0.5236,0.5236,0.0,0.0,-0.23316509,0.35588354,0.27304858,1.5033011,-0.76852435,0.407674,-1.0071946,0.57553977,0.04796165,-1.1750604,0.0,0.0,0.0,0.0,-0.57553977,2.2541974,-0.21582742,1.4628303,-1.4148686,1.1095765,0.46465072,-0.47872123,0.43964565,0.14202276,-0.49459425,0.28745762,0.3770415,0.35178855,-1.1545929,1.9131987,-1.4154166,0.9258241,-0.48867315,0.2742941,0.13686268,0.7755197,-1.4593886,0.77990574,0.5236,0.5236,0.0,0.0,-0.2923482,0.46789968,0.60540044,1.7922881,-0.8609683,-1.0248899999999999,0.80162,-0.029589999999999998,0.024210000000000002,-0.02152,0.44115999999999994,-0.12643,-0.45999,-0.01076,0.08877,-1.0,1.0,-1.0,1.0,1.0,1.0,1.0,0.43728813559322033,-1.0,1.0,1,1,1,1,1,1,1,1,1,1,1.0,1.0,1.5882496193148399,0.6610434541928523,0.7014041931452212,-4.0,-2.26,5.07,0.5163572,0.11939484,-0.8480095,0.89363265,-0.4487992
3.3881,161,0.28071848,0.22702916,0.66114575,-2.0340586,0.7853982,0.5236,0.5236,0.0,0.0,-0.239301,0.42031074,0.31600004,1.5830681,-0.7884661,0.11990412,-1.1750604,1.0311754,0.04796165,-0.91127133,0.0,0.0,0.0,0.0,0.35971236,2.973622,0.23980825,2.6378906,-1.486811,1.1569101,0.29583612,-0.21978182,0.5012971,0.12041407,-0.53270286,0.289223,0.64902765,0.27195522,-1.2897745,1.9059207,-1.8049201,1.0325466,-0.9228038,0.2861275,0.09465903,0.84025455,-1.4439758,0.7745035,0.5236,0.5236,0.0,0.0,-0.32614362,0.4660802,0.5090004,1.8581367,-0.9573683,0.50303,0.41157,-0.18292,0.00269,0.00269,0.061869999999999994,-0.35777,0.00269,-0.01614,0.44384999999999997,-0.3638418079096045,0.5231638418079096,-1.0,1.0,0.8259887005649718,0.7344632768361582,0.1807909604519774,1.0,-1.0,0.5943502824858757,1,1,1,1,1,1,1,1,1,1,1.0,1.0,2.0856684561332237,1.0395617357191225,0.5279620987282847,-7.34,-2.0,8.49,0.53376156,0.078584395,-0.8419757,0.9730449,-0.23061587
3.4061,162,0.28532043,0.1917476,0.7255729,-2.0309906,0.77772826,0.5236,0.5236,0.0,0.0,-0.28071848,0.44485444,0.36508742,1.6643691,-0.8145438,0.023980824,-1.3429261,1.7026385,0.0,-0.57553977,0.0,0.0,0.0,0.0,0.33573154,2.9496412,1.0071946,3.285373,-1.2470028,0.7496635,-0.01385162,0.007629753,0.469613,-0.30639327,-0.47554386,0.10611068,0.5792206,-0.04121082,-1.0689602,1.5913295,-1.8932083,1.077661,-0.9422739,0.18972751,0.017237095,0.8971075,-1.4518968,0.6781035,0.5236,0.5236,0.0,0.0,-0.27094004,0.38743237,0.45819795,1.8694153,-0.97436845,0.13719,0.66174,-0.11835999999999999,0.00269,0.0,0.12643,-0.30934999999999996,-0.22057999999999997,-0.02152,0.5191699999999999,-0.10734463276836158,0.656497175141243,-1.0,1.0,-0.5141242937853108,0.8429378531073446,0.0903954802259887,1.0,-1.0,1.0,1,1,1,1,1,1,1,1,1,1,1.0,1.0,2.143482487605536,-0.3556108350938446,0.6250460383704692,-7.25,-0.52,7.68,0.5470294,0.04592597,-0.8358527,1.0,0.0
3.4240,163,0.29145634,0.16413595,0.78079623,-2.0309906,0.7731263,0.5236,0.5236,0.0,0.0,-0.32213596,0.44945636,0.3926991,1.7364663,-0.85902923,0.1918466,-1.4628303,2.2541974,0.0,-0.407674,0.0,0.0,0.0,0.0,-0.35971236,2.3980825,1.486811,3.6211045,-1.223022,0.3718611,-0.17585343,0.14360029,0.40213567,-0.6307561,-0.42870966,0.013846297,0.40629113,-0.37429005,-0.86402696,1.1625769,-1.7214035,0.8505929,-0.94030946,0.093327515,-0.023263358,0.9311001,-1.4687661,0.586711,0.5236,0.5236,0.0,0.0,-0.21970674,0.29103237,0.5011492,1.8126483,-0.9738774,1.19167,0.28245,-0.07532,0.12104999999999999,-0.09146,-0.90922,-0.31742000000000004,-0.5299299999999999,0.31473,0.30396999999999996,1.0,1.0,-1.0,1.0,-1.0,-1.0,-1.0,-1.0,-1.0,1.0,1,1,1,1,1,1,1,1,1,1,1.0,1.0,1.9296796542362304,-1.261000384565903,1.485711525760173,-4.42,-6.13,9.02,0.53356963,0.002040419,-0.8457537,0.9730449,0.23061587
3.4458,164,0.25003886,0.15493207,0.8482914,-2.0371265,0.75471854,0.5236,0.5236,0.0,0.0,-0.33133984,0.43565056,0.4065049,1.8239032,-0.9142526,0.023980824,-1.3908877,2.7098331,0.0,-0.3836932,0.0,0.0,0.0,0.0,-1.223022,1.3429261,1.7506001,3.836932,-1.630696,0.34866,-0.034874223,0.17325535,0.29441723,-0.74838454,-0.4985083,-0.026341265,0.37620813,-0.5098518,-0.6837296,0.92817765,-1.5086709,0.5215248,-0.9200664,0.084065,0.011981444,0.9385139,-1.4956957,0.5573039,0.5236,0.5236,0.0,0.0,-0.1746324,0.22164442,0.55433226,1.7303813,-0.9688166,0.51379,0.00538,-0.19906000000000001,0.07801000000000001,-0.00269,-0.13181,-0.93074,0.0,0.059179999999999996,0.00538,1.0,1.0,-0.8632768361581921,1.0,-1.0,-1.0,-1.0,1.0,1.0,0.8553672316384181,1,1,1,1,1,1,1,1,1,1,1.0,1.0,1.9242255003237483,-0.9708393964218457,0.9686577348568529,-5.9,-1.29,9.96,0.49915192,-0.071453236,-0.8635635,0.89363265,0.4487992
3.4640,165,0.1994175,0.17487381,0.89277685,-2.0401945,0.722505,0.5236,0.5236,0.0,0.0,-0.32366994,0.4049709,0.40343696,1.8607187,-0.93572825,-0.551559,-1.0071946,2.9016798,-0.023980824,-0.57553977,0.0,0.0,0.0,0.0,-1.223022,0.35971236,1.366907,3.7889702,-1.918466,0.41868824,0.142826,0.028789219,0.3437644,-0.7180541,-0.5933158,0.05330482,0.41855243,-0.43170735,-0.5826314,0.6871826,-1.4280287,0.42572415,-0.87629706,0.10157206,0.0564065,0.90239733,-1.483359,0.5648865,0.5236,0.5236,0.0,0.0,-0.14935786,0.16139565,0.5744928,1.706431,-0.95787424,0.33356,0.0,-0.04304,0.03228,-0.00269,-0.19099000000000002,-0.91998,0.0,0.55145,-0.08608,1.0,1.0,-0.7909604519774012,1.0,-1.0,-1.0,-1.0,1.0,1.0,0.4214689265536723,1,1,1,1,1,1,1,1,1,1,1.0,1.0,1.371174293598045,-0.31306843457648287,0.2650718801466388,-5.86,-2.82,11.34,0.49593672,-0.08367656,-0.8643177,0.76604444,0.64278764
3.4864,166,0.14879614,0.21935925,0.9173205,-2.0417285,0.6688156,0.5236,0.5236,0.0,0.0,-0.28225246,0.3681554,0.39730102,1.8791264,-0.93572825,-1.486811,-0.0959233,2.6378906,-0.0959233,-1.0791371,0.0,0.0,0.0,0.0,-0.43165484,-0.5995206,0.7194247,3.1175072,-1.7266194,0.5755049,0.304017,-0.06711037,0.42960024,-0.61697334,-0.68878525,0.14692844,0.5584757,-0.26895073,-0.6269745,0.49044323,-1.3575932,0.40418565,-0.87876385,0.14077623,0.09670425,0.87842244,-1.4619,0.5901567,0.5236,0.5236,0.0,0.0,-0.16044363,0.11221081,0.5921017,1.7010465,-0.95849097,0.30666,0.61332,0.43577999999999995,0.00269,0.0,-0.51648,-0.85273,0.0,0.30396999999999996,0.0,0.6192090395480226,1.0,-0.28135593220338984,1.0,-1.0,-1.0,-1.0,1.0,1.0,-0.17288135593220338,1,1,1,1,1,1,1,1,1,1,1.0,1.0,0.46687557490848314,0.5126904677733343,-0.2977968036215325,-7.29,4.33,10.41,0.50744593,-0.1021018,-0.8556131,0.5971586,0.8021232
3.5081,167,0.13038836,0.22702916,0.9111846,-2.0432625,0.61205834,0.5236,0.5236,0.0,0.0,-0.22396119,0.32366994,0.3911651,1.8867964,-0.93572825,-1.9664276,0.6714631,1.9424467,-0.11990412,-1.7266194,0.0,0.0,0.0,0.0,0.69544387,-1.2709837,0.11990412,2.182255,-1.0791371,0.88419473,0.34812322,-0.14554879,0.46675214,-0.48995042,-0.6642785,0.25736266,0.6684376,-0.13691045,-0.69955367,0.3107168,-1.2425314,0.3405979,-0.8317624,0.21794869,0.107730806,0.8588128,-1.452612,0.6219124,0.5236,0.5236,0.0,0.0,-0.17858842,0.067279205,0.62086713,1.6851496,-0.94674057,-0.30666,0.059179999999999996,0.00807,0.00269,0.82314,0.81507,-0.59449,0.048420000000000005,0.04573,0.00269,0.2903954802259887,1.0,1.0,1.0,-0.18192090395480226,0.9378531073446328,-1.0,1.0,1.0,1.0,1,1,1,1,1,1,1,1,1,1,1.0,1.0,-0.7264933011426397,0.9926560120717749,-1.6766069126970529,-4.85,0.53,10.81,0.5234991,-0.08265775,-0.8480073,0.39607978,0.9182161
3.5241,168,0.14112623,0.23469906,0.89584476,-2.0432625,0.58751464,0.5236,0.5236,0.0,0.0,-0.19328158,0.28071848,0.3834952,1.8699226,-0.93572825,-1.6546768,0.93525213,1.0551562,-0.0959233,-2.0863316,0.0,0.0,0.0,0.0,1.5107919,-1.7026385,-0.14388494,1.1510795,-0.4796165,1.1740745,0.37094042,-0.2749223,0.4459224,-0.20241797,-0.55999386,0.36449862,0.66502345,-0.06251861,-0.8704946,0.3008668,-1.131611,0.01241114,-0.7790602,0.29041862,0.113435104,0.8264694,-1.4578195,0.69379556,0.5236,0.5236,0.0,0.0,-0.22132365,0.064816706,0.64859724,1.6031028,-0.933565,-0.94419,0.15064,0.05649,0.00269,0.29052,0.44653999999999994,-0.5111,0.06994,0.1883,0.0,-1.0,1.0,1.0,1.0,1.0,1.0,-1.0,1.0,1.0,-1.0,1,1,1,1,1,1,1,1,1,1,1.0,1.0,-0.9501136115544131,1.3220869083857045,-2.3081979357625007,-4.19,2.82,10.48,0.535834,-0.06225881,-0.84202486,0.17364818,0.9848077
3.5462,169,0.19021362,0.23623304,0.874369,-2.0432625,0.5798447,0.5236,0.5236,0.0,0.0,-0.1917476,0.22856314,0.37275735,1.8469129,-0.9341943,-0.6235014,0.815348,0.0959233,-0.04796165,-1.8944851,0.0,0.0,0.0,0.0,1.7985618,-2.0383701,-0.28776988,0.1918466,-0.0959233,1.1308353,0.33997846,-0.24755888,0.42665648,0.065692656,-0.47619358,0.42816406,0.49305633,-0.13138679,-0.87600446,0.29810202,-1.3376962,-0.11116374,-0.43674392,0.27960882,0.105694614,0.8333103,-1.462636,0.7608232,0.5236,0.5236,0.0,0.0,-0.22270112,0.06412551,0.59707594,1.5722091,-0.847986,-0.28245,0.91998,0.00269,0.00269,0.01345,0.00807,-0.50034,0.08877,0.00269,0.0,-1.0,1.0,1.0,1.0,1.0,1.0,-1.0,1.0,1.0,-0.9661016949152542,1,1,1,1,1,1,1,1,1,1,1.0,1.0,-1.1333731830138176,0.519235452468313,-1.5969762655748114,-5.42,1.4,8.93,0.56196094,-0.0071392492,-0.827133,-0.05814483,0.9983082
3.5676,170,0.25310683,0.20095149,0.85596126,-2.0432625,0.5813787,0.5236,0.5236,0.0,0.0,-0.21015537,0.18100974,0.36508742,1.8285052,-0.9341943,0.6235014,0.1918466,-0.5035973,-0.023980824,-1.3429261,0.0,0.0,0.0,0.0,1.2709837,-2.2541974,-0.3836932,-0.35971236,0.0,1.0963832,0.42474928,-0.10369902,0.12835684,0.24190664,-0.4885963,0.35322416,0.3664848,-0.2506827,-0.9878985,0.4188477,-1.4355319,-0.3220354,-0.37799245,0.2709958,0.12688732,0.8692753,-1.5372108,0.8048767,0.5236,0.5236,0.0,0.0,-0.25067464,0.09431193,0.57261705,1.5194912,-0.8332981,0.44384999999999997,0.50572,-0.1883,0.00269,0.00269,-0.18292,-0.51648,0.040350000000000004,0.18292,0.0,1.0,0.56045197740113,-0.8983050847457628,1.0,1.0,-0.11638418079096045,-0.9491525423728814,1.0,1.0,-1.0,1,1,1,1,1,1,1,1,1,1,1.0,1.0,-1.1671889372712079,0.23125612588924865,-1.3340860469931655,-4.75,-0.1,8.56,0.5635981,0.0091891,-0.82599795,-0.28680325,0.9579895
3.5881,171,0.27611655,0.17180584,0.8482914,-2.0447965,0.57217485,0.5236,0.5236,0.0,0.0,-0.23316509,0.14266022,0.35588354,1.7978255,-0.9295924,1.6546768,-0.43165484,-0.7194247,-0.023980824,-0.69544387,0.0,0.0,0.0,0.0,0.26378906,-2.32614,-0.407674,-0.8872905,0.0,0.9711143,0.6485147,0.04268,-0.34056312,0.33009347,-0.5293357,0.22108717,0.21555632,-0.36717677,-1.0526682,0.50519127,-1.4811565,-0.58985424,-0.3353542,0.23967858,0.18282866,0.90587,-1.6336108,0.8269234,0.5236,0.5236,0.0,0.0,-0.26686704,0.11589782,0.5612109,1.4525365,-0.8226385,0.061869999999999994,-0.00538,-0.58104,0.0,0.00269,0.11028999999999999,0.20982,0.09146,0.71016,0.0,-0.37401129943502825,-0.8610169491525423,-1.0,1.0,1.0,0.5615819209039548,0.4542372881355932,1.0,1.0,-1.0,1,1,1,1,1,1,1,1,1,1,1.0,1.0,-0.48978302134090873,-0.022907446432425576,-0.6948592084502424,-3.7,0.78,8.95,0.563054,0.044881117,-0.82520056,-0.5,0.8660254
3.6061,172,0.27304858,0.16873789,0.8605632,-2.0447965,0.57064086,0.5236,0.5236,0.0,0.0,-0.2561748,0.13805827,0.3436117,1.759476,-0.92038846,1.7985618,-0.8633097,-0.5995206,0.0,-0.33573154,0.0,0.0,0.0,0.0,-0.5275781,-1.9904084,-0.45563567,-1.1750604,0.07194247,0.982369,1.0311083,0.1012791,-0.6347516,0.33485702,-0.6335395,0.30362236,0.06601857,-0.29573336,-1.21297,0.45779952,-1.6503268,-0.7289915,-0.46982652,0.24249226,0.27847707,0.92051977,-1.727988,0.8281143,0.5236,0.5236,0.0,0.0,-0.3069425,0.104049884,0.5189183,1.4177521,-0.8562566,0.22326999999999997,-0.01076,-0.68326,0.0,0.01076,0.23134,0.00538,0.13719,0.60256,0.0,0.3502824858757062,-1.0,-0.9231638418079096,1.0,1.0,0.2598870056497175,0.37401129943502825,1.0,1.0,-1.0,1,1,1,1,1,1,1,1,1,1,1.0,1.0,-0.9359328113819593,0.6763150851478027,0.13744467859455345,-9.77,-3.44,8.1,0.57033277,0.059175845,-0.8192794,-0.6862416,0.72737366
3.6259,173,0.2561748,0.17794177,0.88357294,-2.0447965,0.5783107,0.5236,0.5236,0.0,0.0,-0.27458256,0.13652429,0.3344078,1.7165245,-0.9004467,1.1510795,-0.815348,-0.16786577,0.0,-0.16786577,0.0,0.0,0.0,0.0,-0.91127133,-1.4148686,-0.4796165,-1.5107919,0.23980825,0.9968467,1.46577,-0.048900016,-1.1177253,0.22585955,-0.60212076,0.22330211,-0.12224154,-0.35740808,-1.1162524,0.44703782,-1.4941502,-0.9241353,-0.6184918,0.24611168,0.37487707,0.882975,-1.824388,0.80086493,0.5236,0.5236,0.0,0.0,-0.2827631,0.10135946,0.5579625,1.3689662,-0.89342296,0.061869999999999994,-0.06725,-0.01614,0.0,0.048420000000000005,0.18561,-0.6375299999999999,0.02152,0.06994,0.32549,0.6384180790960452,-1.0,-0.7378531073446327,1.0,1.0,0.9966101694915255,-0.0022598870056497176,0.5107344632768361,1.0,0.8180790960451978,1,1,1,1,1,1,1,1,1,1,1.0,1.0,-0.6664976081053345,0.559596191420682,0.14180800172453928,-6.53,0.03,7.29,0.57436633,0.06325171,-0.8161511,-0.8354878,0.549509
3.6459,174,0.24850489,0.22396119,0.90811664,-2.0447965,0.59518456,0.5236,0.5236,0.0,0.0,-0.29912627,0.13038836,0.32366994,1.6674371,-0.875903,0.1918466,-0.14388494,0.43165484,0.0,0.023980824,0.0,0.0,0.0,0.0,-1.0551562,-0.7434055,-0.5035973,-1.8465234,0.551559,0.78426087,1.6258994,-0.5144888,-1.3614113,0.21613598,-0.5140902,0.12711088,-0.44823423,-0.43174684,-0.70858794,0.2377401,-1.2278311,-0.75078243,-0.5128472,0.19296522,0.42717487,0.78657496,-1.909653,0.798434,0.5236,0.5236,0.0,0.0,-0.1863631,0.049035024,0.62454224,1.4123044,-0.8670118,0.12104999999999999,-0.23671999999999999,0.1883,0.0,-0.01076,-0.55414,-0.29858999999999997,0.11567,0.538,0.40081,-0.03502824858757062,-1.0,1.0,1.0,1.0,0.384180790960452,-0.27796610169491526,1.0,1.0,0.6463276836158192,1,1,1,1,1,1,1,1,1,1,1.0,1.0,-0.5290529295107811,-0.5519603759432067,0.3141592653589793,-4.82,-0.22,5.03,0.5684982,0.07144501,-0.8195763,-0.9396926,0.34202015
3.6800,175,0.2469709,0.2945243,0.8989127,-2.0432625,0.63660204,0.5236,0.5236,0.0,0.0,-0.29912627,0.12885438,0.31293207,1.6244856,-0.86669916,-0.23980825,0.93525213,0.69544387,0.0,0.4796165,0.0,0.0,0.0,0.0,-0.959233,-0.33573154,-0.5035973,-2.0863316,0.7913672,0.8968525,1.6455804,-0.82266843,-1.3449373,0.20435384,-0.2658401,0.23350841,-0.5191057,-0.47503498,-0.6046559,0.1707251,-0.9210322,-0.53573024,-0.6546871,0.22111313,0.4320951,0.69017494,-1.9055344,0.7954885,0.5236,0.5236,0.0,0.0,-0.15486398,0.032281276,0.70124197,1.4660674,-0.9024718,0.73437,-0.00269,0.00538,0.00269,0.00538,-0.7774099999999999,-0.024210000000000002,0.09684000000000001,0.6267699999999999,-0.00538,0.3807909604519774,-1.0,1.0,1.0,1.0,-1.0,-1.0,1.0,1.0,-0.9288135593220339,1,1,1,1,1,1,1,1,1,1,1.0,1.0,-0.7624907169650227,-0.6032294227205401,-0.07090400086226964,-5.36,-1.75,5.51,0.5593316,0.083695605,-0.8247079,-0.99323833,0.11609291
3.7100,176,0.22396119,0.42951462,0.80380595,-2.0447965,0.6626797,0.5236,0.5236,0.0,0.0,-0.21782528,0.10277671,0.29145634,1.5539225,-0.8452234,-0.407674,2.9256606,-0.57553977,0.0,1.1510795,0.0,0.0,0.0,0.0,0.407674,-0.21582742,-0.5035973,-1.9904084,0.6474822,0.9882678,1.5866572,-1.0863409,-1.1600131,0.37839457,-0.039299455,0.40723893,-0.46086705,-0.3247592,-0.53171164,0.24473178,-0.47347325,-0.55482495,-0.4067074,0.24396695,0.4173643,0.6236148,-1.8593034,0.8389987,0.5236,0.5236,0.0,0.0,-0.13662791,0.050782945,0.797642,1.4612938,-0.8404769,0.01345,0.32011,0.13988,0.00269,0.061869999999999994,-0.09146,-0.55145,0.12104999999999999,0.65367,0.15064,-0.19322033898305085,0.021468926553672316,1.0,1.0,1.0,-0.5265536723163842,-0.4768361581920904,1.0,0.5220338983050847,1.0,1,1,1,1,1,1,1,1,1,1,1.0,1.0,-1.0275625971116615,-0.3567016658763411,-0.7690357016600015,-5.93,0.41,9.23,0.5447343,0.117311694,-0.8303628,-0.99323833,-0.11609291
3.7258,177,0.23009712,0.45405832,0.75318456,-2.0463305,0.6826215,0.5236,0.5236,0.0,0.0,-0.1917476,0.084368944,0.28225246,1.5339808,-0.8406215,-0.33573154,2.973622,-1.4628303,0.0,1.0311754,0.0,0.0,0.0,0.0,1.1270987,-0.45563567,-0.5035973,-1.774581,0.5035973,1.1125789,1.5238903,-1.3688561,-0.87704366,0.51754993,0.08593968,0.5958841,-0.436445,-0.1633136,-0.55049115,0.40303993,-0.07901984,-0.7256265,-0.13051914,0.2750447,0.40167257,0.552986,-1.788561,0.8737875,0.5236,0.5236,0.0,0.0,-0.14132279,0.090359986,0.894042,1.4185934,-0.7714298,-0.11298,0.74244,-0.09415,0.00269,0.46806,-0.30666,-0.39543,0.12373999999999999,0.52724,0.14795,-0.04858757062146893,0.1694915254237288,0.5864406779661017,1.0,1.0,-1.0,0.7774011299435029,1.0,0.7491525423728813,1.0,1,1,1,1,1,1,1,1,1,1,1.0,1.0,-1.473712387152712,-0.12544553998709243,-1.5827954654023577,-6.09,-1.92,7.68,0.53393984,0.16640955,-0.828985,-0.9396926,-0.34202015
3.7461,178,0.25924274,0.46172822,0.69182533,-2.0478644,0.73017484,0.5236,0.5236,0.0,0.0,-0.17333983,0.08283496,0.27458256,1.518641,-0.83295155,-0.04796165,2.4700248,-2.2781782,-0.023980824,0.959233,0.0,0.0,0.0,0.0,1.5347728,-0.6714631,-0.4796165,-1.486811,0.43165484,1.1058072,1.411242,-1.5985558,-0.5442553,0.51654714,0.12960705,0.5996055,-0.45582235,-0.13392411,-0.5052412,0.5258761,0.035116725,-0.8761741,0.06252791,0.2733518,0.3735105,0.49556106,-1.7053639,0.8735368,0.5236,0.5236,0.0,0.0,-0.1300103,0.12106903,0.9402792,1.3809565,-0.723168,0.06994,0.029589999999999998,0.25286,0.00269,0.00538,-0.19637000000000002,-0.07263,0.00807,0.7774099999999999,-0.00538,-0.09378531073446328,1.0,1.0,1.0,1.0,-0.4011299435028249,0.2271186440677966,1.0,1.0,-1.0,1,1,1,1,1,1,1,1,1,1,1.0,1.0,-1.1202832136238603,-0.47123889803846897,-1.7889624832941877,-6.99,-0.11,10.53,0.5203396,0.20711558,-0.8284623,-0.8354878,-0.549509
3.7659,179,0.28532043,0.45099035,0.6289321,-2.0478644,0.78079623,0.5236,0.5236,0.0,0.0,-0.16566992,0.09970875,0.26691267,1.4879614,-0.8084079,0.5035973,1.5347728,-2.7577949,-0.023980824,1.2470028,0.0,0.0,0.0,0.0,1.366907,-0.551559,-0.45563567,-1.2470028,0.45563567,1.0580678,1.3240165,-1.6283431,-0.2608875,0.49981645,-0.016641721,0.6842762,-0.43298832,0.036364656,-0.71756595,0.54727894,-0.16073917,-1.1149343,0.03778743,0.26141694,0.35170412,0.48811424,-1.634522,0.8693541,0.5236,0.5236,0.0,0.0,-0.18309149,0.12641974,0.8913152,1.3212664,-0.72935313,0.33894,0.04304,0.18023,0.00269,0.00807,-0.7478199999999999,0.18023,0.07532,0.33894,-0.00269,0.1016949152542373,1.0,1.0,1.0,1.0,-0.3344632768361582,-0.08700564971751412,1.0,1.0,-1.0,1,1,1,1,1,1,1,1,1,1,1.0,1.0,-0.5519603759432067,0.006544984694978735,-0.14180800172453928,-5.08,-4.64,7.94,0.51632303,0.22040668,-0.8275454,-0.6862416,-0.72737366
3.7858,180,0.29299033,0.42951462,0.5675729,-2.0463305,0.8375535,0.5236,0.5236,0.0,0.0,-0.159534,0.12271846,0.26077673,1.4496119,-0.76545644,0.8393288,0.5275781,-2.9496412,-0.023980824,1.9424467,0.0,0.0,0.0,0.0,0.959233,0.0,-0.43165484,-1.2470028,0.7673864,0.9486225,1.1941868,-1.5498666,0.014477778,0.3837354,-0.16288283,0.61490107,-0.34773833,0.06772724,-0.79077095,0.6012149,-0.41422832,-1.2530211,-0.012159295,0.23405564,0.3192467,0.50773335,-1.5656806,0.8403339,0.5236,0.5236,0.0,0.0,-0.20139274,0.13990372,0.82794297,1.2867447,-0.7418398,0.7774099999999999,0.62946,0.12643,0.00538,-0.30934999999999996,0.01076,-0.42233,0.00269,0.01076,0.16947,0.7627118644067796,0.47344632768361583,0.8824858757062147,1.0,0.6745762711864407,1.0,0.480225988700565,1.0,1.0,0.1615819209039548,1,1,1,1,1,1,1,1,1,1,1.0,1.0,-0.2628902185816459,-0.0719948316447661,0.4057890510886816,-4.22,-5.62,5.74,0.51739055,0.22144724,-0.8266003,-0.5,-0.8660254
3.8058,181,0.28685442,0.4049709,0.5200195,-2.0463305,0.8651652,0.5236,0.5236,0.0,0.0,-0.17794177,0.14112623,0.25310683,1.4143302,-0.7317088,0.7913672,-0.28776988,-2.9496412,0.0,2.2302167,0.0,0.0,0.0,0.0,0.45563567,0.5275781,-0.35971236,-1.4148686,1.223022,1.0312049,1.1260304,-1.4583861,0.23671637,0.3053197,-0.3336161,0.63817143,-0.2128943,0.14134757,-1.0042604,0.6539,-0.5801123,-1.2681451,-0.1690547,0.25470123,0.30220762,0.5306035,-1.510121,0.82073,0.5236,0.5236,0.0,0.0,-0.2547651,0.15307501,0.78647196,1.2829638,-0.7810637,0.3766,0.024210000000000002,-0.68864,0.00269,-0.23940999999999998,0.13988,-0.13988,0.09684000000000001,0.63215,0.36584,0.480225988700565,1.0,0.14463276836158193,1.0,-0.9740112994350283,-0.06327683615819209,0.3581920903954802,1.0,1.0,1.0,1,1,1,1,1,1,1,1,1,1,1.0,1.0,0.05999569303730508,0.28252517266658206,0.9315694882519735,-5.19,-1.88,7.93,0.5236565,0.2133415,-0.8247844,-0.28680325,-0.9579895
3.8259,182,0.2699806,0.37889326,0.5123496,-2.0463305,0.874369,0.5236,0.5236,0.0,0.0,-0.20555343,0.159534,0.24083498,1.3805827,-0.720971,0.3117507,-0.815348,-2.5659482,0.0,2.0143893,0.0,0.0,0.0,0.0,-0.07194247,0.815348,-0.3836932,-1.6786577,1.486811,1.0785736,1.1132056,-1.3616899,0.50838387,0.2522617,-0.47458145,0.6070385,-0.05489672,0.2222234,-1.132279,0.89236253,-0.7289798,-0.9764633,-0.2984625,0.2665434,0.2990014,0.5547775,-1.4422041,0.80746543,0.5236,0.5236,0.0,0.0,-0.28676975,0.21269064,0.74925506,1.3558842,-0.81341565,-0.17754,0.5460699999999999,-0.00269,0.00269,-0.01883,0.19099000000000002,-0.34163,0.20444,0.6590499999999999,0.07532,0.15254237288135594,0.8101694915254237,-1.0,1.0,-1.0,0.8282485875706215,-0.1288135593220339,1.0,0.7717514124293785,1.0,1,1,1,1,1,1,1,1,1,1,1.0,1.0,0.22907446432425577,0.46796640569097964,1.4442599560253078,-5.76,-2.38,7.59,0.5366431,0.1979254,-0.82026815,-0.05814483,-0.9983082
3.8459,183,0.27304858,0.35434955,0.52308744,-2.0478644,0.877437,0.5236,0.5236,0.0,0.0,-0.24236897,0.17333983,0.22856314,1.356039,-0.722505,-0.0959233,-1.103118,-1.7506001,0.0,1.4148686,0.0,0.0,0.0,0.0,-0.6714631,0.8633097,-0.43165484,-1.6786577,1.2709837,0.95804197,0.9881402,-1.2314161,0.5713984,0.06913421,-0.4981583,0.35851207,-0.04268841,0.12992273,-0.9781015,1.211169,-0.72417325,-0.42505306,-0.1895174,0.2364105,0.26773506,0.58734596,-1.4264505,0.7616836,0.5236,0.5236,0.0,0.0,-0.24822538,0.29239225,0.7504567,1.4522842,-0.78617936,0.22057999999999997,0.01345,-0.39274000000000003,0.00269,-0.00269,-0.03766,0.52724,0.17485,0.024210000000000002,0.00807,0.022598870056497175,0.8564971751412429,-1.0,1.0,-1.0,0.2271186440677966,0.9864406779661017,1.0,0.31186440677966104,1.0,1,1,1,1,1,1,1,1,1,1,1.0,1.0,0.27052603405912107,-0.3261584039664403,1.0057459814617324,-4.42,-1.71,9.49,0.5387584,0.18264724,-0.82242286,0.17364818,-0.9848077
3.8660,184,0.27458256,0.3420777,0.5445632,-2.0478644,0.86823314,0.5236,0.5236,0.0,0.0,-0.27611655,0.20555343,0.21782528,1.365243,-0.7424467,-0.1918466,-1.103118,-0.69544387,0.0,0.7194247,0.0,0.0,0.0,0.0,-1.2470028,0.8633097,-0.5275781,-1.3429261,0.6235014,0.98385274,0.8523293,-1.0858858,0.5668867,-0.013688117,-0.46218118,0.27778357,-0.03144408,0.15067407,-0.8972988,1.4780629,-0.7324105,0.063850604,-0.20422997,0.2428632,0.23378232,0.6237286,-1.4275783,0.740978,0.5236,0.5236,0.0,0.0,-0.2280247,0.35911572,0.7483974,1.5486842,-0.7898575,0.32549,0.00807,-0.24478999999999998,0.00269,-0.00807,-0.86887,0.42502,0.09146,-0.42233,-0.22326999999999997,0.5141242937853108,1.0,-1.0,1.0,-1.0,0.04406779661016949,0.7480225988700565,1.0,-1.0,0.6124293785310735,1,1,1,1,1,1,1,1,1,1,1.0,1.0,0.47123889803846897,-0.5159629601208237,0.595593607243065,-1.45,-3.78,6.39,0.5337574,0.16839382,-0.82870173,0.39607978,-0.9182161
3.8858,185,0.26844662,0.32213596,0.5752428,-2.0478644,0.8528933,0.5236,0.5236,0.0,0.0,-0.27458256,0.25770876,0.2162913,1.4081944,-0.7501166,-0.16786577,-1.0071946,0.23980825,0.0,0.11990412,0.0,0.0,0.0,0.0,-1.366907,1.1510795,-0.5275781,-0.57553977,0.0,0.9321753,0.70228666,-0.87702066,0.4361218,-0.097439386,-0.45491505,0.18666236,0.018557254,0.165875,-0.84984404,1.5954341,-0.8486058,0.382802,-0.21377452,0.22994383,0.19627166,0.67594486,-1.4602696,0.7200402,0.5236,0.5236,0.0,0.0,-0.21616101,0.38845852,0.71934855,1.6450843,-0.7922436,0.33894,0.45999,-0.00538,0.00269,-0.00269,-0.01883,0.21788999999999997,0.00269,-0.25286,0.00538,0.015819209039548022,0.8655367231638418,-0.8180790960451978,1.0,-1.0,-1.0,1.0,1.0,-1.0,1.0,1,1,1,1,1,1,1,1,1,1,1.0,1.0,0.8432121948697604,-0.5835944686356039,0.46360308256099375,-2.41,0.0,6.47,0.52566737,0.15208627,-0.8369849,0.5971586,-0.8021232
3.9058,186,0.2638447,0.28992236,0.6074564,-2.0478644,0.83295155,0.5236,0.5236,0.0,0.0,-0.2561748,0.32366994,0.23316509,1.4741555,-0.76392245,-0.07194247,-1.0311754,0.8872905,0.0,-0.28776988,0.0,0.0,0.0,0.0,-0.9832138,1.7266194,-0.3117507,0.57553977,-0.407674,1.0335467,0.58577216,-0.65219104,0.33628786,0.028473452,-0.49336705,0.26700124,0.20346595,0.25302866,-0.9882809,1.6423132,-1.1590645,0.58014554,-0.37549853,0.25528666,0.16714305,0.7321522,-1.4852281,0.75151837,0.5236,0.5236,0.0,0.0,-0.2507702,0.4001783,0.6417339,1.7414843,-0.8326746,0.10491,0.29320999999999997,-0.41964,0.00269,-0.00269,-0.13988,0.01883,0.00538,-0.06725,0.17485,0.4711864406779661,1.0,-0.8531073446327684,1.0,-1.0,-0.4090395480225989,0.7819209039548023,1.0,-1.0,0.26101694915254237,1,1,1,1,1,1,1,1,1,1,1.0,1.0,1.361356816555577,0.17998707911191522,0.607592745850526,-1.93,-2.13,6.36,0.52566737,0.12758917,-0.84106773,0.76604444,-0.64278764
3.9258,187,0.25770876,0.25770876,0.64887387,-2.0478644,0.800738,0.5236,0.5236,0.0,0.0,-0.24083498,0.37735927,0.27765054,1.5493206,-0.7761943,-0.1918466,-1.1510795,1.2949644,0.0,-0.7194247,0.0,0.0,0.0,0.0,-0.21582742,2.3741016,0.21582742,1.8705043,-0.5995206,1.104647,0.4715791,-0.39366412,0.26170814,0.029641822,-0.5492914,0.25707152,0.4815909,0.25363073,-1.1262096,1.7200643,-1.4482632,0.6952862,-0.7271532,0.27306175,0.13859478,0.796784,-1.503873,0.7518105,0.5236,0.5236,0.0,0.0,-0.2852524,0.41961607,0.5694342,1.7738216,-0.92058825,0.22326999999999997,0.5084099999999999,0.0,0.00269,0.26631,0.57028,-0.52724,0.0,-0.01076,0.6725,0.25649717514124293,0.5796610169491525,-1.0,1.0,-1.0,0.3073446327683616,0.08700564971751412,1.0,-1.0,0.8429378531073446,1,1,1,1,1,1,1,1,1,1,1.0,1.0,2.0125827937059615,0.8083056098298739,0.5781403147231217,-7.49,-1.95,7.91,0.53862834,0.09181164,-0.8375262,0.89363265,-0.4487992
3.9458,188,0.2638447,0.22396119,0.70102924,-2.0386605,0.7746603,0.5236,0.5236,0.0,0.0,-0.25157285,0.41264084,0.3344078,1.6260196,-0.79460204,-0.14388494,-1.4148686,1.7026385,0.0,-1.0071946,0.0,0.0,0.0,0.0,0.26378906,2.6139097,1.0551562,2.877699,-0.6235014,0.8195317,0.27159747,-0.17831133,0.2555041,-0.17806444,-0.4936009,0.10752509,0.440639,0.06182294,-1.0114435,1.621454,-1.6434876,0.9346092,-0.7808947,0.20178293,0.08859937,0.8506222,-1.505424,0.69988394,0.5236,0.5236,0.0,0.0,-0.25656086,0.3949635,0.5206281,1.8336523,-0.9340237,-0.25824,0.43309,-0.00269,0.00269,0.26362,0.40081,-0.4573,0.0,0.16409,0.71285,-0.08135593220338982,0.6768361581920904,-1.0,1.0,-0.41129943502824856,0.8271186440677966,0.24519774011299436,1.0,-1.0,1.0,1,1,1,1,1,1,1,1,1,1,1.0,1.0,2.2427480888127134,0.025089107997418484,0.9588402578143848,-6.37,0.12,9.74,0.544665,0.04589873,-0.83739686,0.9730449,-0.23061587
3.9658,189,0.27458256,0.19634955,0.7562525,-2.0355926,0.75318456,0.5236,0.5236,0.0,0.0,-0.2791845,0.43565056,0.38196123,1.7042526,-0.8360195,0.0,-1.5347728,2.0383701,0.11990412,-1.223022,0.0,0.0,0.0,0.0,0.0959233,2.3741016,1.8225427,3.4772196,-0.8393288,0.41459638,0.11393749,-0.063780524,0.027417842,-0.5755427,-0.43528837,-0.035555363,0.26885,-0.223337,-0.7397722,1.3179301,-1.4724739,0.89176524,-0.7289472,0.10538293,0.049184375,0.8792549,-1.5624456,0.6034839,0.5236,0.5236,0.0,0.0,-0.18864305,0.31908253,0.56338155,1.8229413,-0.9210368,0.80431,0.76127,-0.00269,0.00807,0.0,-1.0248899999999999,-0.16409,0.00269,0.14257,0.00269,0.4519774011299435,0.9559322033898305,-1.0,1.0,-1.0,-0.17062146892655367,-1.0,1.0,-1.0,1.0,1,1,1,1,1,1,1,1,1,1,1.0,1.0,1.8642298072864432,-1.1137382289288815,1.0461067204141012,-4.77,-1.85,9.76,0.5309139,0.0030629649,-0.8474203,1.0,0.0
3.9858,190,0.25003886,0.16413595,0.8084079,-2.0401945,0.72710687,0.5236,0.5236,0.0,0.0,-0.28532043,0.43565056,0.42644665,1.7824857,-0.874369,0.023980824,-1.5587536,2.3741016,0.14388494,-1.2949644,0.0,0.0,0.0,0.0,-0.33573154,1.7026385,2.302159,3.7410085,-1.223022,0.31738323,0.18603088,0.0021306546,-0.18702929,-0.69823945,-0.49212503,-0.057956867,0.15578105,-0.3858427,-0.510943,1.0040224,-1.2562156,0.6428162,-0.6672303,0.07624581,0.067207724,0.8957327,-1.6160574,0.5698402,0.5236,0.5236,0.0,0.0,-0.13143575,0.2406056,0.6174461,1.760704,-0.9056076,0.71823,0.8365900000000001,-0.00269,0.07263,-0.00269,-0.07263,-0.02152,0.00269,0.17216,-0.10491,1.0,0.9661016949152542,-0.9378531073446328,1.0,-1.0,-1.0,-1.0,1.0,1.0,0.8124293785310734,1,1,1,1,1,1,1,1,1,1,1.0,1.0,1.8249598991165707,-1.050470043544087,0.7035858547102141,-4.32,-1.76,9.95,0.51148075,-0.034711268,-0.85859334,0.9730449,0.23061587
4.0085,191,0.19634955,0.13959225,0.8528933,-2.0432625,0.6933593,0.5236,0.5236,0.0,0.0,-0.2638447,0.44332045,0.45252433,1.834641,-0.87283504,-0.407674,-1.486811,2.4700248,0.0959233,-1.2709837,0.0,0.0,0.0,0.0,-0.45563567,1.0071946,2.2541974,3.7170277,-1.366907,0.35524172,0.34585282,0.009985331,-0.16036566,-0.73503584,-0.61466926,0.055224188,0.23704293,-0.382754,-0.38766667,0.7182848,-1.1163614,0.49028456,-0.6685611,0.08571043,0.107163206,0.8976964,-1.6093915,0.56064105,0.5236,0.5236,0.0,0.0,-0.10061667,0.1691712,0.6524097,1.7225711,-0.9059403,0.43309,0.024210000000000002,-0.01614,0.01614,-0.00269,-0.73975,-0.08339,0.00269,1.31003,0.040350000000000004,1.0,1.0,-0.7141242937853107,1.0,-1.0,-0.888135593220339,-1.0,1.0,0.6757062146892655,0.7864406779661017,1,1,1,1,1,1,1,1,1,1,1.0,1.0,1.4693490640227262,-0.15489797111449674,0.15380714033200027,-6.59,0.88,10.56,0.50412995,-0.06327137,-0.86130697,0.89363265,0.4487992
4.0282,192,0.14726216,0.13345633,0.88050497,-2.0447965,0.65194184,0.5236,0.5236,0.0,0.0,-0.23009712,0.45252433,0.45252433,1.834641,-0.86669916,-1.1510795,-1.2470028,2.32614,-0.04796165,-1.366907,0.0,0.0,0.0,0.0,0.023980824,0.57553977,1.8225427,3.1175072,-1.103118,0.4119547,0.39518306,-0.038155094,0.07696356,-0.7858425,-0.6917492,0.1298405,0.3161263,-0.38248688,-0.42178258,0.5154351,-1.074351,0.46074584,-0.6435405,0.099888675,0.119495764,0.88566124,-1.5500592,0.5479394,0.5236,0.5236,0.0,0.0,-0.10914565,0.11845878,0.66291225,1.7151865,-0.89968514,-0.18561,-0.01883,0.11835999999999999,0.00269,-0.00269,-0.71016,-0.12104999999999999,0.00807,0.11567,0.11298,0.7887005649717514,-1.0,0.12203389830508475,1.0,-1.0,-0.8779661016949153,-1.0,1.0,1.0,1.0,1,1,1,1,1,1,1,1,1,1,1.0,1.0,1.3929909092479742,0.45487643630102215,0.3425208657038871,-8.03,5.49,8.93,0.50925076,-0.08674613,-0.85623527,0.76604444,0.64278764
4.0486,193,0.12118448,0.13805827,0.89737874,-2.0447965,0.59978646,0.5236,0.5236,0.0,0.0,-0.18254371,0.44945636,0.44332045,1.8193012,-0.85902923,-1.7985618,-0.8633097,1.9424467,-0.0959233,-1.7026385,0.0,0.0,0.0,0.0,0.8633097,0.3836932,1.103118,1.9904084,-0.45563567,0.5925733,0.41581625,-0.2075668,0.26040962,-0.83546066,-0.70209056,0.15112346,0.5048975,-0.26883584,-0.41487598,0.272792,-1.008573,0.5240413,-0.63103503,0.14504333,0.12465406,0.8433083,-1.5041976,0.53553486,0.5236,0.5236,0.0,0.0,-0.107419,0.057798002,0.67935675,1.7310103,-0.89655876,-0.74513,-0.08339,0.12912,0.00269,0.00269,0.25286,-0.84466,0.1076,0.00269,0.07263,-0.6180790960451977,-0.5728813559322034,1.0,1.0,-0.7231638418079096,0.536723163841808,-1.0,1.0,1.0,0.9581920903954803,1,1,1,1,1,1,1,1,1,1,1.0,1.0,0.2203478180642841,0.7733990247899872,-0.940296134511945,-7.05,-1.82,11.63,0.5223388,-0.09181737,-0.8477804,0.5971586,0.8021232
4.0683,194,0.11658254,0.14266022,0.89584476,-2.0447965,0.56143695,0.5236,0.5236,0.0,0.0,-0.14572817,0.400369,0.4310486,1.8070294,-0.8513593,-1.774581,-0.3836932,1.366907,-0.07194247,-1.9904084,0.0,0.0,0.0,0.0,1.5587536,-0.023980824,0.28776988,0.69544387,0.07194247,0.7393842,0.29379636,-0.23693515,0.33075842,-0.7003422,-0.61348957,0.15372857,0.5235609,-0.2298803,-0.41504213,0.14458224,-0.9139526,0.41277775,-0.4677421,0.18174605,0.09414909,0.8359662,-1.4866104,0.5693145,0.5236,0.5236,0.0,0.0,-0.107460536,0.02574556,0.7030119,1.7031945,-0.85573554,-0.80431,0.22057999999999997,0.03766,0.00269,0.00807,-0.19099000000000002,-0.48957999999999996,0.11567,0.0,0.08339,-0.1672316384180791,0.15706214689265538,1.0,1.0,-1.0,-0.3694915254237288,-1.0,1.0,0.2271186440677966,1.0,1,1,1,1,1,1,1,1,1,1,1.0,1.0,-0.09926560120717749,0.6763150851478027,-1.7311484518218754,-3.4,2.02,8.5,0.53695005,-0.07656132,-0.8401328,0.39607978,0.9182161
4.0879,195,0.13959225,0.1441942,0.88050497,-2.0447965,0.54763114,0.5236,0.5236,0.0,0.0,-0.12732041,0.35281557,0.41877675,1.8008934,-0.8452234,-1.1270987,-0.04796165,0.69544387,-0.023980824,-1.9664276,0.0,0.0,0.0,0.0,1.774581,-0.7434055,-0.1918466,-0.0959233,0.26378906,0.9166581,0.20375383,-0.17870583,0.36223975,-0.51001734,-0.54988956,0.22070497,0.4997606,-0.16320285,-0.497023,0.06720939,-0.9429261,0.23669007,-0.28833723,0.22606453,0.07163846,0.85052353,-1.4787401,0.6168957,0.5236,0.5236,0.0,0.0,-0.12795575,0.006402348,0.6957685,1.6591725,-0.8108843,-0.55145,0.11298,0.35239,0.00269,0.19099000000000002,-0.12373999999999999,-0.5649,0.15602000000000002,0.11298,0.0,-0.6418079096045197,1.0,1.0,1.0,0.9796610169491525,-0.3581920903954802,-1.0,1.0,1.0,-0.8983050847457628,1,1,1,1,1,1,1,1,1,1,1.0,1.0,-0.5803219762881145,0.5846852994181003,-2.011491962923465,-5.72,-0.64,8.53,0.54884475,-0.04896756,-0.83448887,0.17364818,0.9848077
4.1080,196,0.17333983,0.15033011,0.8651652,-2.0447965,0.5445632,0.5236,0.5236,0.0,0.0,-0.12271846,0.30679616,0.40803888,1.7886215,-0.8390875,-0.14388494,0.0959233,0.04796165,0.0,-1.5347728,0.0,0.0,0.0,0.0,1.486811,-1.5827343,-0.43165484,-0.407674,0.3117507,0.9663398,0.13555577,-0.091249734,0.3790661,-0.23297197,-0.5401889,0.2754253,0.4569182,-0.14521022,-0.6546297,0.12187418,-1.1103332,0.043796457,-0.15098272,0.23848496,0.054588944,0.8723876,-1.4745336,0.68615705,0.5236,0.5236,0.0,0.0,-0.16735743,0.020068545,0.6539167,1.6109492,-0.77654564,-0.5864199999999999,0.09146,-0.08339,0.00269,0.00269,0.52186,-0.6267699999999999,0.13988,0.0538,0.0,-0.8395480225988701,1.0,-0.6090395480225989,1.0,1.0,0.8632768361581921,-1.0,1.0,1.0,-1.0,1,1,1,1,1,1,1,1,1,1,1.0,1.0,-0.6206827152404835,0.36433748135381633,-1.4093533709854211,-3.38,0.54,9.42,0.55691206,-0.022439681,-0.8302682,-0.05814483,0.9983082
4.1282,197,0.21168935,0.1349903,0.8651652,-2.0463305,0.5506991,0.5236,0.5236,0.0,0.0,-0.13345633,0.25924274,0.39730102,1.7778838,-0.83141756,0.7673864,0.04796165,-0.33573154,0.0,-0.8872905,0.0,0.0,0.0,0.0,0.8872905,-2.1342933,-0.5275781,-0.4796165,0.3117507,1.0030395,0.21115816,0.013022589,0.19768862,0.13738212,-0.57044977,0.3224254,0.38202918,-0.17672908,-0.9192461,0.30063155,-1.2925009,-0.27852708,-0.15953995,0.24765988,0.07348954,0.8984557,-1.5198779,0.77874553,0.5236,0.5236,0.0,0.0,-0.23351152,0.06475789,0.60837483,1.5303682,-0.778685,-0.13181,0.79355,-0.00269,0.00269,0.00269,0.00269,-0.53531,0.09684000000000001,0.03766,0.0,-0.21807909604519773,0.4463276836158192,-1.0,1.0,1.0,1.0,-1.0,1.0,1.0,-1.0,1,1,1,1,1,1,1,1,1,1,1.0,1.0,-0.8552113334772214,0.5912302841130791,-0.8726646259971648,-4.68,1.86,8.96,0.5654887,-0.0,-0.8247561,-0.28680325,0.9579895
4.1629,198,0.25003886,0.107378654,0.88050497,-2.0463305,0.54609716,0.5236,0.5236,0.0,0.0,-0.19021362,0.19481556,0.38042724,1.7318643,-0.8099418,1.4628303,-0.3836932,-0.16786577,0.0,-0.14388494,0.0,0.0,0.0,0.0,-0.28776988,-2.2302167,-0.5275781,-0.69544387,0.407674,0.9748658,0.46666762,0.19854589,-0.29563025,0.25575942,-0.57909137,0.30609834,0.23123941,-0.2789537,-1.0424129,0.41008505,-1.4658157,-0.646279,-0.14215772,0.24061646,0.1373669,0.9448365,-1.6162779,0.8083399,0.5236,0.5236,0.0,0.0,-0.2643032,0.092121266,0.5650461,1.4384303,-0.77433944,-0.01345,0.42502,0.13719,0.0,0.00269,-0.08877,-0.67519,0.11298,0.71554,0.0,-0.17288135593220338,0.17740112994350282,-0.1096045197740113,1.0,1.0,0.56045197740113,-1.0,1.0,1.0,-0.7627118644067796,1,1,1,1,1,1,1,1,1,1,1.0,1.0,-1.0941032748439452,0.3523383427463553,-0.7799440094849661,-4.28,-0.08,8.84,0.5725068,0.02653329,-0.81947047,-0.5,0.8660254
4.1806,199,0.25310683,0.107378654,0.89124286,-2.0463305,0.54609716,0.5236,0.5236,0.0,0.0,-0.22549517,0.15646604,0.37122336,1.6935148,-0.79460204,1.2949644,-0.5275781,0.11990412,0.0,-0.04796165,0.0,0.0,0.0,0.0,-0.959233,-2.1342933,-0.5035973,-1.0071946,0.5275781,0.8688671,0.8817638,0.27621096,-0.6827794,0.3044282,-0.6520231,0.30835983,0.05597398,-0.26423514,-1.1798544,0.4451725,-1.672488,-0.8470273,-0.25587767,0.21411678,0.23376691,0.96425277,-1.712678,0.82050705,0.5236,0.5236,0.0,0.0,-0.2986636,0.100893125,0.513378,1.3882432,-0.8027694,0.18561,-0.08339,-0.14526,0.0,0.55145,-0.12373999999999999,-0.18292,0.09953000000000001,0.59987,0.0,1.0,-0.03954802259887006,-1.0,1.0,1.0,1.0,0.6666666666666666,1.0,1.0,-0.823728813559322,1,1,1,1,1,1,1,1,1,1,1.0,1.0,-1.0919216132789524,0.619591884457987,0.2748893571891069,-8.01,-0.24,7.87,0.58378863,0.05000987,-0.810364,-0.6862416,0.72737366
4.2148,200,0.24236897,0.12732041,0.9173205,-2.0463305,0.5506991,0.5236,0.5236,0.0,0.0,-0.26077673,0.13805827,0.3604855,1.6474954,-0.7715923,0.7913672,-0.35971236,0.4796165,0.0,0.0,0.0,0.0,0.0,0.0,-1.5347728,-1.8944851,-0.5035973,-1.5107919,0.69544387,0.68992317,1.2736821,0.137409,-1.1212177,0.14460528,-0.66593236,0.14999409,-0.17026374,-0.29787177,-0.95083475,0.38449505,-1.5341759,-0.91580814,-0.24546675,0.1693808,0.3301669,0.92955226,-1.809078,0.7805513,0.5236,0.5236,0.0,0.0,-0.24140869,0.085723765,0.54795605,1.371048,-0.80016667,0.49765,-0.08070000000000001,-0.26093,0.0,0.01883,0.26093,0.01345,0.059179999999999996,0.35239,0.23940999999999998,0.27005649717514124,-1.0,-0.9988700564971752,1.0,1.0,0.6350282485875707,0.3525423728813559,1.0,1.0,1.0,1,1,1,1,1,1,1,1,1,1,1.0,1.0,-1.100648259538924,-0.1407171709420428,0.5323254218582705,-6.76,-0.56,9.38,0.5850248,0.062280122,-0.80862063,-0.8354878,0.549509
4.2381,201,0.21935925,0.22549517,0.9526021,-2.0478644,0.59671855,0.5236,0.5236,0.0,0.0,-0.30679616,0.12732041,0.3420777,1.5539225,-0.76545644,-0.1918466,1.0071946,0.93525213,0.0,0.35971236,0.0,0.0,0.0,0.0,-1.7026385,-1.0791371,-0.5035973,-2.206236,0.69544387,0.7008241,1.4817111,-0.34736204,-1.3396122,0.111973815,-0.55476373,0.15741037,-0.43202874,-0.37978387,-0.63124967,0.25665563,-1.2074888,-0.76630825,-0.34532243,0.17210603,0.3911278,0.83315223,-1.9042032,0.77239347,0.5236,0.5236,0.0,0.0,-0.16151242,0.053763907,0.6296278,1.408423,-0.8251306,0.30934999999999996,-0.22326999999999997,0.5460699999999999,0.0,0.00269,-0.6348400000000001,-0.00269,0.09146,0.65098,0.02152,0.4429378531073446,-1.0,0.9954802259887006,1.0,1.0,-0.5050847457627119,-1.0,1.0,1.0,1.0,1,1,1,1,1,1,1,1,1,1,1.0,1.0,-0.9872018581592925,-0.6065019150680295,-0.031634092692397225,-6.27,-0.86,3.98,0.5764751,0.08978727,-0.81216663,-0.9396926,0.34202015
4.2560,202,0.20555343,0.28225246,0.9418642,-2.0478644,0.6043884,0.5236,0.5236,0.0,0.0,-0.29299033,0.12578642,0.3344078,1.517107,-0.7593205,-0.45563567,1.7506001,0.8633097,0.0,0.6714631,0.0,0.0,0.0,0.0,-1.2949644,-0.6235014,-0.4796165,-2.2781782,0.5275781,0.78327656,1.5248429,-0.6283159,-1.3556178,0.1002411,-0.33411732,0.21044104,-0.49446726,-0.44906655,-0.5331973,0.18596289,-0.8948591,-0.55153954,-0.42963105,0.19271915,0.40191072,0.73812103,-1.9082046,0.7694603,0.5236,0.5236,0.0,0.0,-0.13699932,0.03609072,0.70778525,1.4621152,-0.84620774,-0.18023,0.04304,0.14257,0.0,0.0538,-0.8608,-1.01144,0.08877,0.08608,0.1345,-0.23163841807909605,-1.0,1.0,-1.0,1.0,-1.0,-1.0,1.0,-1.0,1.0,1,1,1,1,1,1,1,1,1,1,1.0,1.0,-1.016654289286697,-0.8050331174823845,-0.37306412761378793,-4.77,-2.21,6.66,0.5623403,0.11022279,-0.8195268,-0.99323833,0.11609291
4.2741,203,0.19634955,0.34667966,0.92038846,-2.0478644,0.59825253,0.5236,0.5236,0.0,0.0,-0.25310683,0.10891264,0.32520393,1.4925632,-0.75318456,-0.551559,2.5179865,0.43165484,-0.023980824,0.7434055,0.0,0.0,0.0,0.0,-0.5275781,-0.407674,-0.4796165,-2.206236,0.33573154,0.83058494,1.4791055,-0.81803215,-1.2572937,0.21401384,-0.17483336,0.361066,-0.4526204,-0.3618313,-0.54789424,0.2263605,-0.5837606,-0.5679953,-0.3373319,0.20454624,0.39047638,0.69069195,-1.8836235,0.7979035,0.5236,0.5236,0.0,0.0,-0.14067356,0.046190124,0.7855599,1.4580011,-0.823133,-0.13988,-0.00538,0.12104999999999999,0.0,0.05649,-0.39543,-0.8769399999999999,0.09953000000000001,0.01076,0.09953000000000001,-1.0,-0.6666666666666666,1.0,1.0,1.0,-1.0,-0.7491525423728813,1.0,-1.0,1.0,1,1,1,1,1,1,1,1,1,1,1.0,1.0,-1.1115565673638887,-0.4145156973486533,-0.36324665057131983,-6.1,1.47,8.36,0.557443,0.11741015,-0.8218711,-0.99323833,-0.11609291
4.2962,204,0.20248546,0.398835,0.8636312,-2.0493984,0.5936506,0.5236,0.5236,0.0,0.0,-0.1994175,0.08743691,0.31600004,1.4910294,-0.76238847,-0.45563567,2.877699,-0.407674,-0.023980824,0.57553977,0.0,0.0,0.0,0.0,0.6474822,-0.5035973,-0.45563567,-1.774581,0.1918466,1.0176677,1.4612964,-1.1469802,-1.049376,0.36910972,0.004402239,0.59355056,-0.39696422,-0.24678357,-0.54785055,0.34853265,-0.18086468,-0.7710785,-0.13004875,0.2513169,0.38602412,0.60845494,-1.831644,0.83667743,0.5236,0.5236,0.0,0.0,-0.14066264,0.076733164,0.8819599,1.4072304,-0.7713122,0.29858999999999997,0.16409,0.08608,0.0,0.00538,-0.22057999999999997,-0.57297,0.04304,0.56221,-0.15064,-0.4271186440677966,0.9706214689265537,1.0,1.0,1.0,-0.3977401129943503,-0.2745762711864407,1.0,0.003389830508474576,0.9412429378531073,1,1,1,1,1,1,1,1,1,1,1.0,1.0,-1.4398966328953218,-0.13526301702956053,-1.6580627893946132,-4.89,-2.45,6.08,0.54706526,0.16534436,-0.8205979,-0.9396926,-0.34202015
4.3141,205,0.21782528,0.41877675,0.80533993,-2.0493984,0.61205834,0.5236,0.5236,0.0,0.0,-0.17180584,0.07669904,0.30833015,1.4894954,-0.77926224,-0.21582742,2.7577949,-1.3429261,0.0,0.16786577,0.0,0.0,0.0,0.0,1.486811,-0.6474822,-0.43165484,-1.1510795,0.0,1.1518675,1.4264114,-1.4482077,-0.71859664,0.45875165,0.09293758,0.7202501,-0.41274714,-0.14583644,-0.5908815,0.42931747,0.023262754,-0.97968036,-0.042509094,0.28486687,0.37730286,0.53314805,-1.7489492,0.85908794,0.5236,0.5236,0.0,0.0,-0.15142038,0.09692937,0.9373157,1.3550799,-0.74942726,-0.84197,0.15333,0.29858999999999997,0.0,0.11298,-0.02152,0.08608,0.06456,0.09146,0.024210000000000002,-1.0,1.0,1.0,1.0,1.0,-0.21694915254237288,1.0,1.0,1.0,-1.0,1,1,1,1,1,1,1,1,1,1,1.0,1.0,-1.3231777391682011,-0.10799224746714915,-2.0180369476184437,-5.48,-3.73,7.24,0.5421218,0.18887484,-0.81879795,-0.8354878,-0.549509
4.3363,206,0.25464082,0.4249127,0.7439807,-2.0478644,0.6550098,0.5236,0.5236,0.0,0.0,-0.16260196,0.08590292,0.29912627,1.4710876,-0.7731263,0.3117507,2.1342933,-2.182255,0.0,0.35971236,0.0,0.0,0.0,0.0,1.7506001,-0.6235014,-0.43165484,-0.6474822,-0.23980825,1.2467602,1.3982887,-1.6322315,-0.3898051,0.45602593,0.0058519095,0.85073024,-0.38014904,0.04157221,-0.830328,0.43526718,-0.031557076,-1.2682958,-0.15248244,0.30859005,0.3702722,0.48714215,-1.6667514,0.8584065,0.5236,0.5236,0.0,0.0,-0.211282,0.0984168,0.92361075,1.2829261,-0.7769206,0.13988,0.40888,0.24478999999999998,0.0,0.00538,-0.1883,-0.22326999999999997,0.09684000000000001,0.95226,-0.00269,-0.6271186440677966,1.0,1.0,1.0,1.0,-0.0576271186440678,0.1672316384180791,1.0,1.0,-0.6463276836158192,1,1,1,1,1,1,1,1,1,1,1.0,1.0,-0.4112432050011639,0.3763366199612773,-0.9304786574694769,-2.37,-2.45,10.22,0.53475624,0.2326802,-0.81233966,-0.6862416,-0.72737366
4.3564,207,0.2883884,0.41417482,0.6795535,-2.0493984,0.7102331,0.5236,0.5236,0.0,0.0,-0.16566992,0.10277671,0.2945243,1.4327381,-0.75318456,0.91127133,1.1990412,-2.733814,0.0,1.0311754,0.0,0.0,0.0,0.0,1.2709837,-0.21582742,-0.407674,-0.6235014,-0.16786577,1.0610664,1.2895288,-1.5867535,0.0041685365,0.43438533,-0.16940865,0.74581575,-0.3520557,0.13279212,-0.9117148,0.56700563,-0.31954995,-1.3313636,-0.16768713,0.2621666,0.34308222,0.49851164,-1.5703514,0.85299635,0.5236,0.5236,0.0,0.0,-0.2316287,0.13135141,0.8516125,1.2671591,-0.7807218,-0.2152,0.11298,0.15064,0.0,0.04304,0.07263,-0.01076,0.03497,0.68864,0.03497,-0.423728813559322,1.0,1.0,1.0,1.0,1.0,0.15819209039548024,1.0,1.0,1.0,1,1,1,1,1,1,1,1,1,1,1.0,1.0,-0.1505346479845109,0.17998707911191522,0.46796640569097964,-6.72,-5.05,8.11,0.5400361,0.23377743,-0.8085228,-0.5,-0.8660254
4.3765,208,0.3113981,0.4049709,0.6151263,-2.0463305,0.7761943,0.5236,0.5236,0.0,0.0,-0.19328158,0.111980595,0.2883884,1.3897866,-0.7424467,1.2709837,0.407674,-2.9496412,0.0,1.8944851,0.0,0.0,0.0,0.0,0.4796165,0.1918466,-0.35971236,-1.0551562,0.1918466,1.0067596,1.1904182,-1.4885869,0.31329855,0.31798115,-0.28849488,0.6146497,-0.24628484,0.14595947,-0.9220408,0.7945085,-0.42633688,-1.1723948,-0.17438416,0.24858992,0.31830457,0.5230533,-1.4909754,0.82389534,0.5236,0.5236,0.0,0.0,-0.23421021,0.18822713,0.82491577,1.3069013,-0.782396,0.14526,0.53531,-0.19637000000000002,0.03497,-0.09953000000000001,0.00269,0.87963,0.11298,0.09953000000000001,0.06994,1.0,0.9141242937853107,0.9570621468926553,1.0,0.02937853107344633,1.0,0.5141242937853108,1.0,1.0,1.0,1,1,1,1,1,1,1,1,1,1,1.0,1.0,-0.3414300349213907,-0.019634954084936207,0.6163193921104976,-4.39,-1.4,7.22,0.54322267,0.2328097,-0.8066652,-0.28680325,-0.9579895
4.3962,209,0.3037282,0.38809714,0.55990297,-2.0463305,0.82834965,0.5236,0.5236,0.0,0.0,-0.22702916,0.1349903,0.27611655,1.3529711,-0.73937875,1.223022,-0.11990412,-3.0215838,0.023980824,2.5179865,0.0,0.0,0.0,0.0,-0.3117507,0.551559,-0.35971236,-1.5587536,0.4796165,0.9143794,1.1019329,-1.3058994,0.51875633,0.16444305,-0.42307833,0.43134698,-0.15951537,0.1472463,-0.892345,1.1009575,-0.51234525,-0.76069456,-0.1282223,0.22549486,0.29618323,0.56872517,-1.439611,0.7855108,0.5236,0.5236,0.0,0.0,-0.22678626,0.26483938,0.8034137,1.4033014,-0.77085555,0.89039,0.2959,-0.12104999999999999,0.01076,-0.47343999999999997,0.04304,0.72092,0.13719,-0.01883,0.00538,0.536723163841808,1.0,-1.0,1.0,-1.0,0.23728813559322035,0.8497175141242937,1.0,-1.0,1.0,1,1,1,1,1,1,1,1,1,1,1.0,1.0,-0.4341506514335895,-0.31743175770646864,1.1322823522313212,-6.0,-8.22,8.54,0.5440061,0.22862546,-0.80733365,-0.05814483,-0.9983082
4.4160,210,0.28685442,0.36968938,0.53382534,-2.0463305,0.8452234,0.5236,0.5236,0.0,0.0,-0.24543692,0.17487381,0.26691267,1.3406992,-0.7439807,0.6714631,-0.4796165,-2.8297372,0.023980824,2.5899289,0.0,0.0,0.0,0.0,-0.91127133,0.8393288,-0.35971236,-1.7026385,0.407674,0.9361931,0.98397195,-1.1370082,0.60461783,0.08972404,-0.48652726,0.35143963,-0.086056195,0.20984757,-0.92106116,1.3734314,-0.63434213,-0.2789957,-0.14285938,0.23094828,0.266693,0.61094797,-1.4181457,0.76683104,0.5236,0.5236,0.0,0.0,-0.2339653,0.33295786,0.77291447,1.4997014,-0.77451485,0.83121,0.20175,-0.13181,0.01076,-0.00269,-0.19368000000000002,0.50303,0.04304,-0.00538,0.00269,0.7107344632768362,1.0,-1.0,1.0,-1.0,-0.9932203389830508,1.0,1.0,-1.0,-0.6180790960451977,1,1,1,1,1,1,1,1,1,1,1.0,1.0,-0.07635815477475191,-0.30761428066400054,1.4388058021128254,-4.61,-3.61,7.7,0.5437363,0.22341137,-0.80897355,0.17364818,-0.9848077
4.4342,211,0.2623107,0.3512816,0.54609716,-2.0463305,0.84368944,0.5236,0.5236,0.0,0.0,-0.24390295,0.23009712,0.26537868,1.3667768,-0.7485826,-0.07194247,-0.6714631,-2.1582742,0.023980824,2.0143893,0.0,0.0,0.0,0.0,-1.0551562,1.2949644,-0.43165484,-1.2470028,0.11990412,1.0931151,0.87385505,-0.94223815,0.7083444,0.18108359,-0.5407485,0.42104056,0.06560348,0.35752836,-1.0853708,1.650969,-0.9390145,0.17950192,-0.25917786,0.27017877,0.23916376,0.6596405,-1.392214,0.78967094,0.5236,0.5236,0.0,0.0,-0.27504268,0.40234226,0.6967464,1.5961014,-0.80359447,-0.12373999999999999,0.83121,-0.029589999999999998,0.00269,-0.01614,0.040350000000000004,0.26093,0.029589999999999998,-0.02152,0.01614,0.4915254237288136,1.0,-1.0,1.0,-1.0,0.5378531073446328,1.0,1.0,-1.0,1.0,1,1,1,1,1,1,1,1,1,1,1.0,1.0,0.28688849579656794,0.18653206380689397,1.5718871575773932,-3.13,-2.36,7.83,0.5513406,0.1970532,-0.8106748,0.39607978,-0.9182161
4.4560,212,0.25464082,0.319068,0.5767768,-2.0478644,0.83295155,0.5236,0.5236,0.0,0.0,-0.24543692,0.2945243,0.28225246,1.4189322,-0.75471854,-0.5995206,-0.91127133,-1.0551562,0.0,1.103118,0.0,0.0,0.0,0.0,-0.7434055,1.9424467,-0.23980825,-0.21582742,-0.04796165,1.2279992,0.7038619,-0.68749917,0.6683522,0.20859554,-0.5400718,0.40841508,0.2570658,0.36899504,-1.2680591,1.8897392,-1.363787,0.568106,-0.38124973,0.3038998,0.19666547,0.72332525,-1.402212,0.7965489,0.5236,0.5236,0.0,0.0,-0.32071477,0.4620348,0.6003464,1.6925014,-0.8341124,-0.02152,0.3497,-0.00269,0.00269,0.15602000000000002,0.68326,0.12643,0.0,-0.06994,0.00269,-0.29717514124293787,0.8338983050847457,-0.9988700564971752,1.0,-0.2903954802259887,0.519774011299435,1.0,1.0,-1.0,1.0,1,1,1,1,1,1,1,1,1,1,1.0,1.0,0.8628471489546966,0.5017821599483697,1.1181015520588673,-3.72,-0.75,5.12,0.5631281,0.17342715,-0.8079665,0.5971586,-0.8021232
4.4759,213,0.26844662,0.28225246,0.6212622,-2.0447965,0.8084079,0.5236,0.5236,0.0,0.0,-0.2623107,0.3604855,0.31600004,1.4956312,-0.7731263,-0.57553977,-1.1990412,0.23980825,0.0,0.14388494,0.0,0.0,0.0,0.0,-0.43165484,2.5419674,0.16786577,1.103118,-0.26378906,1.0432522,0.4330106,-0.30560744,0.5708547,0.15525988,-0.54296803,0.18327594,0.38379478,0.23841041,-1.3238695,1.9957433,-1.8092254,0.9444979,-0.5523177,0.25771305,0.12895265,0.8187982,-1.4265864,0.783215,0.5236,0.5236,0.0,0.0,-0.33466735,0.48853582,0.50394636,1.7889014,-0.8768794,-0.76127,0.64291,-0.05649,0.00538,0.12912,0.11567,0.08070000000000001,-0.50034,-0.01076,0.029589999999999998,-0.41694915254237286,1.0,-1.0,1.0,0.8056497175141243,1.0,0.9062146892655367,1.0,-1.0,1.0,1,1,1,1,1,1,1,1,1,1,1.0,1.0,1.7191493132144144,0.13308135546456762,1.5282539262775348,-4.68,-2.56,6.03,0.5715065,0.1357328,-0.80929404,0.76604444,-0.64278764
4.4959,214,0.29299033,0.24083498,0.67648554,-2.0325246,0.79767,0.5236,0.5236,0.0,0.0,-0.29912627,0.41570878,0.36508742,1.5723304,-0.796136,-0.11990412,-1.5107919,1.2949644,0.07194247,-0.3836932,0.0,0.0,0.0,0.0,-0.5035973,2.9256606,0.8393288,2.3980825,-0.5035973,0.7592907,0.14200741,-0.013167006,0.47566286,-0.14498456,-0.46363977,0.05679556,0.46368468,0.0491849,-1.1940558,1.7544398,-1.8889217,0.9734138,-0.7785751,0.18672268,0.056201853,0.8919083,-1.4503844,0.7081539,0.5236,0.5236,0.0,0.0,-0.30221394,0.42820996,0.45926958,1.8433535,-0.9334438,0.40619,0.64022,-0.35508,0.00538,0.0,0.1883,-0.269,-0.73975,-0.01883,0.03228,0.9796610169491525,1.0,-1.0,1.0,-1.0,0.13785310734463277,0.6474576271186441,0.14689265536723164,-1.0,1.0,1,1,1,1,1,1,1,1,1,1,1.0,1.0,2.2700188583751246,-0.6588617926278594,1.6853335589570244,-3.45,-0.5,4.77,0.5673157,0.08264851,-0.81934255,0.89363265,-0.4487992
4.5162,215,0.28685442,0.20401944,0.7439807,-2.0355926,0.7853982,0.5236,0.5236,0.0,0.0,-0.33747578,0.44638842,0.4065049,1.6566993,-0.8222137,0.3117507,-1.774581,2.1103125,0.16786577,-0.6474822,0.0,0.0,0.0,0.0,-1.0071946,2.877699,1.5107919,3.285373,-0.815348,0.40469164,-0.0049562976,0.13743018,0.20886396,-0.5279176,-0.40327078,-0.04038661,0.36023462,-0.24670434,-0.975967,1.3772109,-1.618343,0.73862356,-0.8259566,0.09807291,0.019460926,0.92955756,-1.5170841,0.6124206,0.5236,0.5236,0.0,0.0,-0.24769175,0.33390272,0.52691424,1.7846559,-0.94528913,1.00337,0.8365900000000001,-0.1076,0.08070000000000001,0.0,-0.57566,-0.24209999999999998,0.0,0.29858999999999997,0.01076,1.0,1.0,-1.0,1.0,-1.0,-0.8293785310734463,-0.8610169491525423,-1.0,-1.0,1.0,1,1,1,1,1,1,1,1,1,1,1.0,1.0,2.333287043759919,-1.4486232791552935,1.9547687622336491,-5.77,-0.15,10.0,0.54932487,0.025526248,-0.83521885,0.9730449,-0.23061587
4.5361,216,0.25157285,0.17027187,0.8068739,-2.0401945,0.76392245,0.5236,0.5236,0.0,0.0,-0.34821364,0.45405832,0.42184472,1.7380003,-0.8513593,0.1918466,-1.8225427,2.5899289,0.14388494,-0.69544387,0.0,0.0,0.0,0.0,-1.3429261,2.32614,1.8465234,3.7649894,-1.0551562,0.2313774,0.048131935,0.21648404,-0.0049969964,-0.7597653,-0.42401758,-0.089305826,0.18286972,-0.46218616,-0.7478474,1.1156582,-1.3709645,0.5423198,-0.7118564,0.054744348,0.032732986,0.94932103,-1.5705492,0.5544587,0.5236,0.5236,0.0,0.0,-0.19066185,0.26851454,0.5887589,1.73558,-0.9167641,0.69671,0.8769399999999999,-0.12104999999999999,0.08339,0.0,-0.09684000000000001,-0.08339,0.0,0.25017,0.01614,1.0,0.9107344632768362,-1.0,1.0,-1.0,-1.0,-1.0,1.0,0.8971751412429378,1.0,1,1,1,1,1,1,1,1,1,1,1.0,1.0,1.9907661780560322,-1.5042556490626127,2.147845810735522,-7.58,-3.73,13.14,0.5232575,-0.028559864,-0.85169595,1.0,0.0
4.5560,217,0.1994175,0.1349903,0.8713011,-2.0447965,0.7317088,0.5236,0.5236,0.0,0.0,-0.33287382,0.46019423,0.41570878,1.7962915,-0.8605632,-0.4796165,-1.7985618,2.9256606,0.023980824,-0.815348,0.0,0.0,0.0,0.0,-1.1750604,1.5107919,1.486811,3.8609126,-1.1510795,0.23297168,0.22474058,0.16241758,-0.08094365,-0.9192584,-0.5136311,-0.029504137,0.17024408,-0.5061341,-0.46974367,0.8580621,-1.1784011,0.3798821,-0.6672593,0.05514292,0.07688515,0.9358044,-1.589536,0.51458544,0.5236,0.5236,0.0,0.0,-0.12113592,0.20411552,0.6368997,1.6949706,-0.9056148,0.36852999999999997,0.7478199999999999,-0.12373999999999999,0.01614,0.0,-0.83928,-0.08608,0.040350000000000004,0.11028999999999999,0.0,1.0,1.0,-0.9062146892655367,1.0,-1.0,-1.0,-1.0,1.0,1.0,-0.5954802259887005,1,1,1,1,1,1,1,1,1,1,1.0,1.0,2.0202186091834364,-1.1399181677087964,0.7384924397501007,-4.37,1.41,10.32,0.5018128,-0.07343602,-0.8618533,0.9730449,0.23061587
4.5763,218,0.14572817,0.11044662,0.9173205,-2.0463305,0.6826215,0.5236,0.5236,0.0,0.0,-0.2883884,0.46786413,0.41877675,1.834641,-0.85902923,-1.4148686,-1.630696,3.0455647,-0.11990412,-1.1990412,0.0,0.0,0.0,0.0,-0.33573154,0.8393288,0.8872905,3.549162,-0.93525213,0.29907855,0.31950024,0.15046835,-0.023520239,-0.9277713,-0.66248673,0.061595634,0.2553236,-0.44693002,-0.42268935,0.6272653,-1.1264824,0.41780645,-0.65939075,0.07166964,0.10057506,0.9328171,-1.5751802,0.5124572,0.5236,0.5236,0.0,0.0,-0.10937234,0.14641632,0.64987946,1.7044517,-0.90364766,0.23403,-0.048420000000000005,0.50034,0.00269,0.0,-0.52186,-0.07263,0.00269,1.44722,0.0,0.8711864406779661,-0.48135593220338985,0.4180790960451977,1.0,-1.0,-1.0,-1.0,1.0,1.0,-0.062146892655367235,1,1,1,1,1,1,1,1,1,1,1.0,1.0,1.5293447570600314,-0.18544123302439752,0.28361600344907856,-4.14,3.09,9.05,0.4937778,-0.106101006,-0.86309093,0.89363265,0.4487992
4.5960,219,0.09970875,0.11044662,0.9280584,-2.0478644,0.6212622,0.5236,0.5236,0.0,0.0,-0.23776703,0.46633017,0.40343696,1.8085634,-0.8544273,-2.1103125,-1.3189453,2.6378906,-0.14388494,-1.7506001,0.0,0.0,0.0,0.0,0.7673864,0.4796165,0.1918466,2.5659482,-0.57553977,0.5606253,0.39506638,-0.034412738,0.073535085,-0.9303213,-0.7724064,0.18491216,0.53642136,-0.2835863,-0.5024767,0.40966696,-1.0421145,0.37541208,-0.8782686,0.13705634,0.119466595,0.88659686,-1.5509163,0.5118197,0.5236,0.5236,0.0,0.0,-0.12931918,0.09201674,0.6709714,1.693853,-0.9583671,-0.82852,0.0,0.0,0.00269,0.0,-0.44115999999999994,-0.9415,0.04573,-0.03228,0.040350000000000004,-0.05423728813559322,-1.0,0.7819209039548023,1.0,-1.0,-1.0,-1.0,1.0,1.0,1.0,1,1,1,1,1,1,1,1,1,1,1.0,1.0,0.9217520112095052,0.9501136115544131,-1.0068368122442288,-6.06,5.22,9.23,0.5070365,-0.11732233,-0.8539025,0.76604444,0.64278764
4.6159,220,0.08590292,0.11811652,0.9341943,-2.0463305,0.558369,0.5236,0.5236,0.0,0.0,-0.18100974,0.41877675,0.39423305,1.7962915,-0.8498254,-2.182255,-0.8393288,1.8944851,-0.0959233,-2.32614,0.0,0.0,0.0,0.0,1.7506001,0.0,-0.14388494,1.223022,-0.0959233,0.8044446,0.38244173,-0.16818878,0.16325085,-0.8000136,-0.6954145,0.24238172,0.6141202,-0.1878624,-0.50155836,0.14290766,-0.96928906,0.34407958,-0.7926632,0.19801116,0.11631043,0.8531528,-1.5284873,0.54439664,0.5236,0.5236,0.0,0.0,-0.1290896,0.025326915,0.68917775,1.6860199,-0.9369658,-1.00337,-0.05111,0.00807,0.00269,0.23134,0.36584,-0.48689,0.12373999999999999,0.03497,0.05111,-0.2790960451977401,-0.7005649717514124,1.0,1.0,-0.6903954802259887,0.10056497175141244,-1.0,1.0,1.0,1.0,1,1,1,1,1,1,1,1,1,1,1.0,1.0,-0.02072578486743266,1.2653637076958888,-1.8882280845013653,-5.54,1.98,8.96,0.5306697,-0.10613394,-0.8409074,0.5971586,0.8021232
4.6362,221,0.11811652,0.13038836,0.9173205,-2.0478644,0.5246214,0.5236,0.5236,0.0,0.0,-0.15033011,0.36968938,0.38196123,1.7886215,-0.8452234,-1.5587536,-0.28776988,1.0071946,-0.04796165,-2.6378906,0.0,0.0,0.0,0.0,2.2541974,-0.7194247,-0.35971236,0.14388494,0.0959233,1.028435,0.31132236,-0.2553612,0.26414597,-0.6685914,-0.58566844,0.32369348,0.5587923,-0.13274506,-0.49656954,-0.0019080564,-0.9108227,0.23693834,-0.6148962,0.25400874,0.09853059,0.83135974,-1.5032636,0.57725215,0.5236,0.5236,0.0,0.0,-0.12784238,-0.010877014,0.70379436,1.6592346,-0.892524,-0.41426,0.18561,0.5971799999999999,0.00269,0.40081,0.02152,-0.49227,0.14526,0.01076,0.01614,-0.5683615819209039,0.9186440677966101,0.9548022598870056,1.0,0.5728813559322034,-0.17175141242937852,-1.0,1.0,1.0,1.0,1,1,1,1,1,1,1,1,1,1,1.0,1.0,-0.8181230868723419,1.0679233360640303,-2.621266370338984,-2.33,2.07,8.81,0.55332226,-0.070441395,-0.8299834,0.39607978,0.9182161
4.6560,222,0.17027187,0.13652429,0.8851069,-2.0478644,0.52155346,0.5236,0.5236,0.0,0.0,-0.13805827,0.31753403,0.37122336,1.7671459,-0.84215546,-0.26378906,0.14388494,0.023980824,0.0,-2.2781782,0.0,0.0,0.0,0.0,2.1103125,-1.6067152,-0.4796165,-0.45563567,0.16786577,1.0707167,0.21922344,-0.18487374,0.34469876,-0.49685895,-0.5187493,0.37013578,0.43455172,-0.14013861,-0.52048796,-0.010555439,-1.0543107,0.1970839,-0.28423578,0.26457918,0.07550586,0.84898156,-1.4831253,0.62018526,0.5236,0.5236,0.0,0.0,-0.133822,-0.01303886,0.6679224,1.649271,-0.8098589,-0.25286,0.27169,0.49495999999999996,0.00269,0.00269,-0.11298,-0.46537,0.12373999999999999,0.03497,0.0,-0.8779661016949153,0.8463276836158192,0.943502824858757,1.0,1.0,-0.07909604519774012,-1.0,1.0,1.0,0.0327683615819209,1,1,1,1,1,1,1,1,1,1,1.0,1.0,-1.0919216132789524,0.4439681284760576,-2.2242039655102737,-2.64,2.12,7.84,0.56527406,-0.027549459,-0.824443,0.17364818,0.9848077
4.6762,223,0.22856314,0.13345633,0.8651652,-2.0463305,0.53382534,0.5236,0.5236,0.0,0.0,-0.13959225,0.26537868,0.3589515,1.7456701,-0.83448553,1.103118,0.26378906,-0.5995206,0.0,-1.4628303,0.0,0.0,0.0,0.0,1.4628303,-2.2541974,-0.5275781,-0.6714631,0.1918466,1.0907649,0.15777366,-0.0963375,0.3461847,-0.1743269,-0.5804509,0.40321892,0.38906607,-0.11725511,-0.7692903,0.14299671,-1.2527621,0.080200344,-0.24427636,0.2695912,0.060143415,0.8711156,-1.4827539,0.7008183,0.5236,0.5236,0.0,0.0,-0.19602259,0.025349177,0.6183095,1.6200501,-0.79986906,0.14526,0.52724,-0.25286,0.00269,0.01345,0.27976,-0.55952,0.20175,0.0269,0.0,-0.5909604519774011,0.35706214689265536,-0.15932203389830507,1.0,1.0,0.22824858757062147,-1.0,1.0,1.0,-1.0,1,1,1,1,1,1,1,1,1,1,1.0,1.0,-1.074468320759009,0.5748678223756323,-1.5238906031475488,-4.79,0.52,8.32,0.5733793,0.0071417345,-0.8192589,-0.05814483,0.9983082
4.6960,224,0.2623107,0.12118448,0.8620972,-2.0463305,0.5506991,0.5236,0.5236,0.0,0.0,-0.15033011,0.21935925,0.34667966,1.7303303,-0.8222137,2.0383701,0.14388494,-0.91127133,0.0,-0.45563567,0.0,0.0,0.0,0.0,0.69544387,-2.422063,-0.57553977,-0.815348,0.26378906,1.1452109,0.23647183,0.065064535,0.13986169,0.19845504,-0.6233871,0.41029024,0.36480427,-0.15050644,-1.0774395,0.3747789,-1.4985769,-0.24006979,-0.27389842,0.2832027,0.07981796,0.9114661,-1.5343347,0.7940138,0.5236,0.5236,0.0,0.0,-0.27305987,0.08329473,0.5568558,1.5399826,-0.8072746,0.44115999999999994,0.58104,-0.00269,0.00269,0.00269,0.70209,0.0,0.12643,0.6994,0.0,0.13559322033898305,0.576271186440678,-1.0,1.0,1.0,0.6418079096045197,-1.0,1.0,1.0,-1.0,1,1,1,1,1,1,1,1,1,1,1.0,1.0,-1.0831949670189809,0.8846637646046258,-1.0657416744990373,-7.82,1.08,8.49,0.5866217,0.036727622,-0.80902785,-0.28680325,0.9579895
4.7305,225,0.27611655,0.111980595,0.8651652,-2.0478644,0.5553011,0.5236,0.5236,0.0,0.0,-0.1840777,0.18867964,0.3359418,1.7027186,-0.80380595,2.0623507,-0.14388494,-0.69544387,0.0,0.16786577,0.0,0.0,0.0,0.0,-0.023980824,-2.32614,-0.57553977,-0.9832138,0.43165484,0.9135779,0.40652964,0.3767343,-0.22966878,0.22362047,-0.67811555,0.3003766,0.26071575,-0.24847963,-1.0911746,0.47126222,-1.7533414,-0.46069473,-0.17189507,0.22529449,0.12233241,0.9893836,-1.6267172,0.8003051,0.5236,0.5236,0.0,0.0,-0.27649364,0.10741556,0.49316466,1.4848263,-0.78177375,0.31473,0.00807,-0.6805699999999999,0.0,0.00269,0.4035,0.27438,0.08339,0.72361,0.15871000000000002,0.07909604519774012,-0.05310734463276836,-0.7254237288135593,1.0,1.0,0.6994350282485876,-1.0,1.0,1.0,0.5435028248587571,1,1,1,1,1,1,1,1,1,1,1.0,1.0,-1.2304571226560022,0.2781618495365963,-0.03381575425739013,-7.22,-3.27,9.63,0.5921914,0.060240153,-0.80354244,-0.5,0.8660254
4.7481,226,0.28071848,0.11044662,0.89737874,-2.0478644,0.5645049,0.5236,0.5236,0.0,0.0,-0.2623107,0.14572817,0.319068,1.6336895,-0.79153407,1.1750604,-0.28776988,0.0959233,0.0,0.3117507,0.0,0.0,0.0,0.0,-1.223022,-1.8465234,-0.551559,-1.3429261,0.6235014,0.7167352,0.7539921,0.5009954,-0.69022423,0.16467851,-0.69313174,0.19984938,0.072742864,-0.29276782,-1.1061704,0.50672716,-1.7998888,-0.71441805,-0.23741536,0.1760838,0.20919803,1.0204489,-1.7231172,0.78556967,0.5236,0.5236,0.0,0.0,-0.2802426,0.11628179,0.4815278,1.4213955,-0.7981538,0.12912,-0.04304,-0.36315,0.0,0.22865,0.029589999999999998,-0.0538,0.07532,0.49227,0.0538,1.0,-0.9932203389830508,-1.0,-0.296045197740113,1.0,0.8451977401129943,1.0,-0.23954802259887006,1.0,-1.0,1,1,1,1,1,1,1,1,1,1,1.0,1.0,-0.9555677654668955,0.05126904677733343,0.5857761302005968,-5.38,-2.08,6.7,0.59695274,0.072450675,-0.7989983,-0.6862416,0.72737366
4.7827,227,0.21935925,0.16106798,0.9541361,-2.0493984,0.5691069,0.5236,0.5236,0.0,0.0,-0.30066022,0.14879614,0.30066022,1.5723304,-0.7731263,-0.0959233,0.14388494,0.91127133,0.0,0.3117507,0.0,0.0,0.0,0.0,-1.8944851,-1.0791371,-0.551559,-1.7985618,0.5035973,0.6264015,1.2223043,0.28613782,-1.0999249,0.09138311,-0.6805595,0.11883004,-0.13897088,-0.29801947,-0.9359774,0.47090766,-1.5869578,-0.86462516,-0.27753806,0.15350038,0.30559802,0.96673447,-1.8195173,0.7672458,0.5236,0.5236,0.0,0.0,-0.23769435,0.10732692,0.5347606,1.3838438,-0.8081845,0.00538,0.17216,-0.20713,0.0,0.31742000000000004,-0.17485,-0.33625,0.10222,0.6375299999999999,0.12643,0.7050847457627119,-0.34915254237288135,-0.5288135593220339,1.0,1.0,0.0327683615819209,-0.2632768361581921,1.0,1.0,1.0,1,1,1,1,1,1,1,1,1,1,1.0,1.0,-0.7995789635699021,-0.23561944901923448,0.6348635154129373,-7.61,-0.96,8.51,0.59426254,0.07760129,-0.8005186,-0.8354878,0.549509
4.8022,228,0.19634955,0.20401944,0.9924856,-2.0493984,0.5798447,0.5236,0.5236,0.0,0.0,-0.30066022,0.1441942,0.28992236,1.5278449,-0.7669904,-0.815348,0.7913672,1.3189453,0.0,0.3117507,0.0,0.0,0.0,0.0,-1.5107919,-0.6474822,-0.5275781,-1.9424467,0.43165484,0.64092815,1.479121,-0.2077829,-1.4204286,0.10420238,-0.5916564,0.08849043,-0.38690463,-0.37948984,-0.65117836,0.37107536,-1.256008,-0.8115469,-0.36838478,0.15713204,0.39048025,0.87033445,-1.9159173,0.7704506,0.5236,0.5236,0.0,0.0,-0.1664946,0.08236884,0.61749804,1.3971133,-0.8308962,0.81238,-0.55683,0.01614,0.0,0.05649,-0.061869999999999994,-0.09684000000000001,0.12373999999999999,0.07532,0.12104999999999999,0.6610169491525424,-1.0,1.0,1.0,1.0,-1.0,-1.0,1.0,1.0,1.0,1,1,1,1,1,1,1,1,1,1,1.0,1.0,-0.4439681284760576,-0.5966844380255614,0.12544553998709243,-4.37,-0.6,5.87,0.5879973,0.08472878,-0.80441296,-0.9396926,0.34202015
4.8181,229,0.18100974,0.2561748,0.99708754,-2.0493984,0.5813787,0.5236,0.5236,0.0,0.0,-0.28685442,0.14572817,0.28071848,1.4925632,-0.7593205,-1.1990412,1.4148686,1.4628303,0.0,0.28776988,0.0,0.0,0.0,0.0,-0.8872905,-0.26378906,-0.5275781,-1.9664276,0.43165484,0.81858015,1.6058322,-0.58171886,-1.4384731,0.06745804,-0.36751106,0.20817429,-0.44677505,-0.45676145,-0.5829614,0.24500045,-0.95517,-0.6201805,-0.5735429,0.20154504,0.42215806,0.7739344,-1.9289184,0.76126456,0.5236,0.5236,0.0,0.0,-0.14944035,0.050850112,0.69270754,1.4449549,-0.8821857,-0.20982,0.05111,0.34432,0.0,0.12643,-0.65098,-0.7854800000000001,0.13988,0.03228,0.12643,-0.48926553672316386,-1.0,1.0,-1.0,1.0,-1.0,-1.0,1.0,-1.0,1.0,1,1,1,1,1,1,1,1,1,1,1.0,1.0,-0.7766715171374767,-0.5999569303730508,-0.5988660995905543,-5.26,-2.48,8.19,0.57639444,0.099976376,-0.81103283,-0.99323833,0.11609291
4.8422,230,0.17947575,0.33900976,0.9679419,-2.0493984,0.5752428,0.5236,0.5236,0.0,0.0,-0.23776703,0.12271846,0.26844662,1.4710876,-0.7516506,-1.1270987,2.302159,1.0311754,0.0,0.11990412,0.0,0.0,0.0,0.0,0.11990412,-0.16786577,-0.5275781,-1.8944851,0.407674,0.92233956,1.5698522,-0.8243023,-1.3494297,0.1576027,-0.17533012,0.3551523,-0.4068048,-0.40561008,-0.5710143,0.19949618,-0.6488477,-0.6108148,-0.55980533,0.2274849,0.41316307,0.68912446,-1.9066575,0.7838007,0.5236,0.5236,0.0,0.0,-0.14645357,0.039474044,0.76928806,1.4472964,-0.87875134,-0.059179999999999996,-0.01076,0.46537,0.0,0.03766,-0.22596,-0.269,0.09684000000000001,0.46537,0.09684000000000001,-0.1344632768361582,-1.0,1.0,1.0,1.0,-0.7943502824858757,-0.6090395480225989,1.0,0.1401129943502825,1.0,1,1,1,1,1,1,1,1,1,1,1.0,1.0,-0.6741334235828098,-0.2716168648416175,-0.595593607243065,-5.41,0.92,7.43,0.5702553,0.11731548,-0.8130473,-0.99323833,-0.11609291
4.8602,231,0.19328158,0.38963112,0.9142526,-2.0493984,0.57370883,0.5236,0.5236,0.0,0.0,-0.19634955,0.09817477,0.26077673,1.4726216,-0.7715923,-0.6714631,2.733814,0.14388494,0.0,0.04796165,0.0,0.0,0.0,0.0,0.8872905,-0.407674,-0.5035973,-1.5827343,0.28776988,1.08434,1.5398989,-1.1582688,-1.155344,0.37921423,0.022636564,0.61093885,-0.38004005,-0.25190818,-0.6098803,0.25157157,-0.23566467,-0.81121653,-0.3644628,0.267985,0.40567473,0.6056328,-1.858136,0.8392036,0.5236,0.5236,0.0,0.0,-0.15617009,0.05249289,0.8656881,1.3971959,-0.8299157,-0.62139,0.66712,0.02152,0.0,0.46268,-0.25555,-0.57835,0.06456,0.0,0.12643,-1.0,0.5853107344632769,1.0,1.0,1.0,-0.8282485875706215,-0.8926553672316384,1.0,-0.11412429378531073,0.5514124293785311,1,1,1,1,1,1,1,1,1,1,1.0,1.0,-1.2042771838760873,0.0272707695624114,-1.5009831567151233,-4.45,-0.61,4.54,0.5665962,0.14802964,-0.8105899,-0.9396926,-0.34202015
4.8801,232,0.22242722,0.4233787,0.8452234,-2.0509324,0.5890486,0.5236,0.5236,0.0,0.0,-0.17027187,0.07363108,0.25310683,1.4726216,-0.8099418,-0.023980824,2.9496412,-1.223022,0.0,0.0,0.0,0.0,0.0,0.0,1.5347728,-0.815348,-0.4796165,-0.9832138,-0.16786577,1.2559291,1.552386,-1.5048187,-0.7132481,0.5228352,0.1238541,0.7956755,-0.38259313,-0.069085136,-0.6663826,0.44851387,0.0826251,-1.0144321,-0.23027883,0.31088227,0.40879652,0.51899534,-1.761736,0.87510884,0.5236,0.5236,0.0,0.0,-0.17029566,0.10172847,0.9521563,1.346392,-0.7963697,-0.52186,0.11298,0.06994,0.0,0.00807,0.15602000000000002,-0.08339,0.0538,0.14257,-0.11835999999999999,-0.7604519774011299,1.0,1.0,1.0,1.0,0.1943502824858757,-0.5683615819209039,1.0,1.0,-1.0,1,1,1,1,1,1,1,1,1,1,1.0,1.0,-1.5511613727099602,0.12544553998709243,-2.237293934900231,-6.7,-1.53,6.7,0.56125134,0.19592774,-0.8041201,-0.8354878,-0.549509
4.9040,233,0.27304858,0.4371845,0.7715923,-2.0524664,0.6320001,0.5236,0.5236,0.0,0.0,-0.17333983,0.07823302,0.24236897,1.4557477,-0.81607777,0.8393288,2.3980825,-2.4700248,0.0,0.33573154,0.0,0.0,0.0,0.0,1.5347728,-0.93525213,-0.45563567,-0.43165484,-0.7434055,1.2159234,1.4243294,-1.6932257,-0.2970091,0.47078362,0.08562962,0.7665309,-0.39702073,-0.0213606,-0.6624012,0.58218396,0.13885391,-1.1033331,-0.14496242,0.30088085,0.37678236,0.47189358,-1.665336,0.86209595,0.5236,0.5236,0.0,0.0,-0.1693003,0.13514599,0.96621346,1.3241668,-0.77504057,0.03766,0.29858999999999997,0.26093,0.0,0.00269,-0.35508,-0.13719,0.09953000000000001,0.89577,-0.09953000000000001,-0.6406779661016949,0.10734463276836158,1.0,1.0,1.0,0.2305084745762712,0.2384180790960452,1.0,0.9310734463276836,-1.0,1,1,1,1,1,1,1,1,1,1,1.0,1.0,-1.0537425358915764,-0.2596177262341565,-1.9504054391036632,-6.42,-9.5,10.2,0.5499513,0.23671374,-0.8009495,-0.6862416,-0.72737366
4.9198,234,0.29759228,0.4371845,0.71483505,-2.0524664,0.6826215,0.5236,0.5236,0.0,0.0,-0.18100974,0.09510681,0.23623304,1.4296701,-0.80227196,1.2949644,1.6786577,-2.9496412,-0.023980824,0.91127133,0.0,0.0,0.0,0.0,1.0551562,-0.6235014,-0.43165484,-0.43165484,-0.815348,1.0927544,1.3030329,-1.6069709,0.021808203,0.43717334,-0.07506087,0.727319,-0.3487705,0.12390414,-0.79511416,0.7034266,-0.09129062,-1.1703882,-0.13954635,0.27008858,0.34645823,0.4934573,-1.568936,0.85369337,0.5236,0.5236,0.0,0.0,-0.20247854,0.16545665,0.90867734,1.307403,-0.7736866,0.040350000000000004,0.30396999999999996,0.10491,0.11028999999999999,-0.00538,-0.1883,-0.40081,0.17216,0.43309,0.01345,-0.15932203389830507,0.17062146892655367,1.0,1.0,1.0,0.12429378531073447,-0.05649717514124294,1.0,0.5005649717514125,-1.0,1,1,1,1,1,1,1,1,1,1,1.0,1.0,-0.46578474412598675,-0.05999569303730508,-0.17671458676442586,-8.3,-6.98,9.5,0.5428973,0.25205946,-0.80107963,-0.5,-0.8660254
4.9439,235,0.30526218,0.4233787,0.6427379,-2.0509324,0.7501166,0.5236,0.5236,0.0,0.0,-0.1840777,0.13345633,0.2316311,1.3897866,-0.77772826,1.4628303,0.6714631,-3.1175072,0.0,1.8465234,0.0,0.0,0.0,0.0,0.26378906,0.21582742,-0.35971236,-0.8393288,-0.1918466,0.93899846,1.1684042,-1.4298881,0.291601,0.29740018,-0.25866866,0.574293,-0.24926162,0.1498398,-0.8434945,0.88958085,-0.37847978,-1.0832007,-0.09405966,0.23164962,0.31280106,0.53772795,-1.4963998,0.8187501,0.5236,0.5236,0.0,0.0,-0.21457362,0.21199521,0.8368801,1.3291998,-0.7623149,0.12912,0.90115,0.33625,0.00269,0.0,-0.06994,-0.13719,0.0538,0.33087,0.06456,0.17062146892655367,0.888135593220339,1.0,1.0,1.0,0.13785310734463277,0.01694915254237288,1.0,0.6169491525423729,0.480225988700565,1,1,1,1,1,1,1,1,1,1,1.0,1.0,-0.3567016658763411,-0.20616701789183017,0.9239336727744982,-7.4,-0.56,6.64,0.54905593,0.24493203,-0.7990907,-0.28680325,-0.9579895
4.9598,236,0.2945243,0.4065049,0.58751464,-2.0509324,0.796136,0.5236,0.5236,0.0,0.0,-0.19788352,0.16106798,0.22856314,1.362175,-0.76545644,1.103118,0.0959233,-3.1175072,0.0,2.3741016,0.0,0.0,0.0,0.0,-0.0959233,0.815348,-0.33573154,-1.223022,0.35971236,0.9518591,1.0834137,-1.273434,0.45010683,0.12873504,-0.38365787,0.47562483,-0.1414501,0.14257877,-0.9018655,1.0620333,-0.4947736,-0.8536556,-0.11908403,0.23486479,0.29155344,0.5768415,-1.4567734,0.7765838,0.5236,0.5236,0.0,0.0,-0.22916637,0.25510833,0.8078066,1.3865862,-0.768571,0.22326999999999997,0.39543,-0.048420000000000005,0.00269,-0.03497,0.23134,-0.09415,0.25286,0.37390999999999996,-0.11298,0.8700564971751412,0.5401129943502825,-0.19887005649717515,1.0,0.7197740112994351,1.0,1.0,1.0,0.6146892655367232,-1.0,1,1,1,1,1,1,1,1,1,1,1.0,1.0,-0.1876228945893904,-0.25089107997418486,0.88030044147464,-5.69,-2.33,7.25,0.5492871,0.23993023,-0.8004481,-0.05814483,-0.9983082
4.9799,237,0.27458256,0.3834952,0.54763114,-2.0524664,0.83295155,0.5236,0.5236,0.0,0.0,-0.21935925,0.1994175,0.22856314,1.3545051,-0.75471854,0.3836932,-0.3836932,-3.0455647,0.0,2.6139097,0.0,0.0,0.0,0.0,-0.407674,1.2949644,-0.21582742,-1.3908877,0.69544387,1.0014316,1.0052651,-1.1204414,0.6389524,0.17413473,-0.5298263,0.45470658,-0.022870773,0.29094386,-1.035387,1.321704,-0.76555943,-0.3785329,-0.20471092,0.2472579,0.2720163,0.61508965,-1.409562,0.7879337,0.5236,0.5236,0.0,0.0,-0.26254675,0.320026,0.74011016,1.4829862,-0.7899777,0.23940999999999998,0.58104,-0.36315,0.00269,-0.1345,0.08877,0.29320999999999997,0.00538,-0.38467,0.01883,0.21129943502824858,0.6915254237288135,-1.0,1.0,-1.0,0.5966101694915255,0.8711864406779661,1.0,-1.0,1.0,1,1,1,1,1,1,1,1,1,1,1.0,1.0,0.08726646259971647,0.0643590161672909,1.7878716525116913,-3.5,-3.75,9.28,0.55518246,0.22350176,-0.8011364,0.17364818,-0.9848077
5.0040,238,0.26077673,0.3436117,0.55683506,-2.0524664,0.83295155,0.5236,0.5236,0.0,0.0,-0.24083498,0.25310683,0.2316311,1.3821167,-0.75471854,-0.33573154,-0.91127133,-2.3741016,0.0,2.1342933,0.0,0.0,0.0,0.0,-0.6714631,1.7026385,-0.11990412,-0.91127133,0.6235014,1.0900595,0.84949857,-0.92309266,0.67049986,0.14146164,-0.5845762,0.4031907,0.09395386,0.3232768,-1.1464999,1.6162143,-1.0758127,0.14374994,-0.28386414,0.26941487,0.23307464,0.66442686,-1.4016751,0.7797654,0.5236,0.5236,0.0,0.0,-0.29032496,0.39365357,0.6625469,1.5793862,-0.80976605,0.14795,0.16409,-0.60525,0.00269,0.0,0.029589999999999998,0.10491,0.00269,-0.6267699999999999,0.00269,0.07344632768361582,0.7887005649717514,-0.9706214689265537,1.0,-1.0,0.32090395480225986,1.0,1.0,-1.0,1.0,1,1,1,1,1,1,1,1,1,1,1.0,1.0,0.5639595145506677,0.20507618710933373,1.7224218055619038,-4.37,-6.33,7.26,0.5671598,0.2009541,-0.798716,0.39607978,-0.9182161
5.0198,239,0.25924274,0.31753403,0.58444667,-2.0524664,0.8130098,0.5236,0.5236,0.0,0.0,-0.25464082,0.2945243,0.24543692,1.4281361,-0.76238847,-0.5275781,-1.1990412,-1.4148686,0.0,1.3429261,0.0,0.0,0.0,0.0,-0.8393288,1.918466,0.0,-0.11990412,0.3836932,1.1069124,0.67644465,-0.6307037,0.63742477,0.1639674,-0.587731,0.31730393,0.21302609,0.29349482,-1.2584082,1.8299408,-1.4806857,0.59566176,-0.38914132,0.2736281,0.18981117,0.7375241,-1.4099438,0.78539187,0.5236,0.5236,0.0,0.0,-0.31830204,0.4470852,0.56614685,1.6757863,-0.8360853,-0.43577999999999995,0.30396999999999996,0.029589999999999998,0.00269,0.20175,0.11298,-0.08608,0.49765,0.05649,0.19906000000000001,-1.0,0.4011299435028249,-1.0,1.0,-1.0,1.0,1.0,1.0,-0.7209039548022599,1.0,1,1,1,1,1,1,1,1,1,1,1.0,1.0,0.980656873464314,0.16907877128695067,1.5533430342749535,-3.12,2.1,6.6,0.57590795,0.17052592,-0.79953176,0.5971586,-0.8021232
5.0438,240,0.27458256,0.27765054,0.6304661,-2.0509324,0.7900001,0.5236,0.5236,0.0,0.0,-0.28532043,0.3604855,0.2945243,1.5094371,-0.77926224,-0.35971236,-1.486811,0.11990412,0.0,0.16786577,0.0,0.0,0.0,0.0,-0.959233,2.2541974,0.5035973,1.2709837,-0.023980824,1.009685,0.4175001,-0.26156172,0.48606208,0.0312796,-0.5601184,0.14470491,0.3640432,0.16402332,-1.276936,1.9010854,-1.8028889,0.88348234,-0.5568359,0.24932127,0.12507503,0.8298096,-1.4477845,0.7522199,0.5236,0.5236,0.0,0.0,-0.322934,0.46487135,0.4807778,1.7721863,-0.87800896,0.21251,0.23134,-0.34701,0.00269,0.40081,-0.11298,0.06994,0.51379,-0.00807,0.28514,-0.2248587570621469,0.6497175141242938,-0.9163841807909604,1.0,0.5129943502824859,0.39096045197740115,0.8994350282485876,1.0,-1.0,0.7028248587570621,1,1,1,1,1,1,1,1,1,1,1.0,1.0,1.6918785436520034,-0.12435470920459597,1.2653637076958888,-4.51,0.82,4.28,0.58048564,0.1356847,-0.8028861,0.76604444,-0.64278764
5.0598,241,0.28225246,0.2469709,0.6841554,-2.0386605,0.7838642,0.5236,0.5236,0.0,0.0,-0.3113981,0.40957287,0.34054375,1.5723304,-0.800738,-0.023980824,-1.630696,1.1510795,0.023980824,-0.45563567,0.0,0.0,0.0,0.0,-1.0791371,2.4700248,1.0311754,2.206236,-0.35971236,0.80720025,0.20761675,0.01793372,0.46108374,-0.16930547,-0.54012936,0.10793713,0.4605652,0.047031756,-1.2340071,1.7430453,-1.9061465,0.9608776,-0.80629855,0.19870007,0.07260419,0.8996834,-1.4540291,0.70207363,0.5236,0.5236,0.0,0.0,-0.31220177,0.42536134,0.4549634,1.8402194,-0.9403746,0.59449,0.35777,-0.09684000000000001,0.05111,-0.15333,-0.05649,-0.47075,0.04573,0.09415,0.28245,0.9740112994350283,0.41129943502824856,-1.0,-0.6214689265536724,-1.0,0.8790960451977401,0.21581920903954802,1.0,-1.0,1.0,1,1,1,1,1,1,1,1,1,1,1.0,1.0,1.7584192213842869,-0.4417864669110646,1.3919000784654778,-4.52,-3.67,4.99,0.57978684,0.09288839,-0.80945593,0.89363265,-0.4487992
5.0818,242,0.2699806,0.21015537,0.75318456,-2.0355926,0.76392245,0.5236,0.5236,0.0,0.0,-0.3359418,0.44332045,0.398835,1.6613011,-0.82834965,0.16786577,-1.6786577,2.0383701,0.21582742,-0.7194247,0.0,0.0,0.0,0.0,-1.223022,2.5419674,1.8944851,3.1654687,-0.7434055,0.5148394,0.017841093,0.19138479,0.31501707,-0.49936047,-0.47792298,0.026583035,0.44250318,-0.18611929,-1.0706325,1.4255233,-1.7577316,0.78717333,-0.9307992,0.12560986,0.025160274,0.9430462,-1.4905457,0.6195599,0.5236,0.5236,0.0,0.0,-0.2713581,0.34598082,0.49206713,1.7967933,-0.9714998,0.50303,0.68864,-0.17754,0.17485,-0.00269,-0.26631,-0.22596,-0.25017,0.22865,0.77203,0.5672316384180791,1.0,-1.0,1.0,-0.8790960451977401,-0.9186440677966101,-1.0,1.0,-1.0,1.0,1,1,1,1,1,1,1,1,1,1,1.0,1.0,2.141300826040543,-0.978475211899321,1.6547902970471238,-6.26,-1.72,9.23,0.56730676,0.042854104,-0.82239074,0.9730449,-0.23061587
5.1039,243,0.24083498,0.17027187,0.81761175,-2.0432625,0.7317088,0.5236,0.5236,0.0,0.0,-0.34054375,0.44638842,0.41877675,1.7456701,-0.86823314,-0.04796165,-1.7506001,2.6139097,0.1918466,-0.7913672,0.0,0.0,0.0,0.0,-1.1510795,2.1342933,2.1582742,3.6211045,-1.1270987,0.44520533,0.055634715,0.21089396,0.20223077,-0.70549357,-0.5256597,0.002448494,0.40393364,-0.34596145,-0.89587736,1.2033718,-1.5785782,0.6442517,-0.96289176,0.10820133,0.034608677,0.9479235,-1.5187423,0.56802666,0.5236,0.5236,0.0,0.0,-0.22766934,0.29044294,0.53685546,1.761063,-0.97952294,0.65367,0.7801,-0.20175,0.09146,-0.00269,-0.09953000000000001,-0.01614,0.00269,0.72092,0.00269,0.7141242937853107,1.0,-1.0,1.0,-1.0,-1.0,-1.0,1.0,0.7853107344632768,1.0,1,1,1,1,1,1,1,1,1,1,1.0,1.0,1.9405879620611952,-0.868301302867179,1.1071932442339028,-7.28,-2.99,11.61,0.55209655,-0.0061230673,-0.8337577,1.0,0.0
5.1198,244,0.1994175,0.13805827,0.87283504,-2.0463305,0.6948933,0.5236,0.5236,0.0,0.0,-0.33900976,0.44945636,0.41877675,1.7993594,-0.8943108,-0.551559,-1.7506001,2.9016798,0.11990412,-1.0311754,0.0,0.0,0.0,0.0,-0.8872905,1.486811,1.8944851,3.7889702,-1.3429261,0.38086534,0.12486164,0.1482735,0.14366525,-0.8435342,-0.5519826,0.000117564574,0.37076157,-0.43658385,-0.6849169,0.96750605,-1.3824234,0.49309868,-0.91418153,0.09211633,0.05191541,0.9322684,-1.5333837,0.53351647,0.5236,0.5236,0.0,0.0,-0.17492923,0.23147652,0.58589417,1.7232747,-0.96734536,0.31473,0.10491,-0.12373999999999999,0.01883,-0.00269,-0.45192,-0.54338,0.05111,0.31742000000000004,0.22596,1.0,-1.0,-1.0,1.0,-1.0,-1.0,-1.0,1.0,1.0,1.0,1,1,1,1,1,1,1,1,1,1,1.0,1.0,1.840231530071521,-0.7166758241001716,0.6468626540203983,-7.72,1.36,11.07,0.53892255,-0.04695159,-0.8410458,0.9730449,0.23061587
5.1439,245,0.15033011,0.11351458,0.92345643,-2.0478644,0.6335341,0.5236,0.5236,0.0,0.0,-0.30679616,0.4555923,0.40803888,1.8131653,-0.9004467,-1.3429261,-1.6786577,2.9496412,-0.0959233,-1.5587536,0.0,0.0,0.0,0.0,-0.23980825,0.69544387,1.0791371,3.3573153,-1.3908877,0.3806314,0.18557563,0.076393045,0.16673249,-0.8632861,-0.6009157,0.052196734,0.3945667,-0.435315,-0.5454714,0.7233023,-1.2599827,0.39226747,-0.8219255,0.09205785,0.06709391,0.9142983,-1.527617,0.5285785,0.5236,0.5236,0.0,0.0,-0.14006785,0.17042558,0.6165043,1.698067,-0.94428134,0.15333,0.0,0.27438,0.00269,-0.00269,-0.73975,-0.05649,0.07532,0.9280499999999999,0.13719,0.26666666666666666,1.0,1.0,1.0,-1.0,-0.927683615819209,-1.0,1.0,0.6813559322033899,1.0,1,1,1,1,1,1,1,1,1,1,1.0,1.0,1.8075066065966274,-0.38288160465625604,0.40033489717619936,-5.14,2.82,10.81,0.53065145,-0.078577235,-0.84394,0.89363265,0.4487992
5.1600,246,0.12578642,0.10431069,0.9433982,-2.0478644,0.5813787,0.5236,0.5236,0.0,0.0,-0.26844662,0.44945636,0.400369,1.8039614,-0.8943108,-1.7506001,-1.4388494,2.6858523,-0.11990412,-2.0383701,0.0,0.0,0.0,0.0,0.407674,0.33573154,0.35971236,2.422063,-1.0551562,0.38893658,0.20053253,-0.009846396,0.19047369,-0.9545149,-0.67242545,0.044909574,0.44159442,-0.38023472,-0.3941771,0.4475704,-1.2018561,0.4601644,-0.6609224,0.094134144,0.07083313,0.8927384,-1.5216817,0.5057713,0.5236,0.5236,0.0,0.0,-0.10224428,0.101492606,0.631036,1.7150412,-0.90403056,0.12912,-0.34701,0.25286,0.00269,0.07263,-0.51379,-0.79355,0.10222,0.08877,0.03228,0.18983050847457628,-1.0,1.0,1.0,-1.0,-1.0,-1.0,1.0,1.0,-1.0,1,1,1,1,1,1,1,1,1,1,1.0,1.0,1.0995574287564276,-0.2694352032766246,-0.3043417883165112,-5.35,0.4,9.54,0.5253434,-0.103028506,-0.8446297,0.76604444,0.64278764
5.1840,247,0.11044662,0.11811652,0.93266034,-2.0478644,0.53382534,0.5236,0.5236,0.0,0.0,-0.21322332,0.39730102,0.38963112,1.8024274,-0.8881749,-1.7266194,-0.93525213,1.8944851,-0.07194247,-2.422063,0.0,0.0,0.0,0.0,1.2949644,-0.21582742,-0.16786577,1.1270987,-0.43165484,0.6316719,0.24967203,-0.10162373,0.21829994,-0.96304446,-0.68268156,0.1416481,0.5390935,-0.28349668,-0.34868717,0.20966247,-1.0410349,0.47970423,-0.6450555,0.15481798,0.08311801,0.8697941,-1.5147251,0.5036389,0.5236,0.5236,0.0,0.0,-0.090871796,0.042015616,0.6712413,1.7199261,-0.9000639,-0.07801000000000001,0.18023,0.15871000000000002,0.00269,-0.01614,-0.34701,-0.52724,0.08877,0.9280499999999999,0.0,0.17288135593220338,1.0,0.1751412429378531,1.0,-0.41129943502824856,-1.0,-1.0,1.0,0.6824858757062147,0.05536723163841808,1,1,1,1,1,1,1,1,1,1,1.0,1.0,-0.019634954084936207,0.4156065281311497,-2.081305133003238,-4.69,2.36,8.61,0.53154546,-0.0948824,-0.8416987,0.5971586,0.8021232
5.2039,248,0.111980595,0.12732041,0.9173205,-2.0478644,0.5184855,0.5236,0.5236,0.0,0.0,-0.16413595,0.34821364,0.37889326,1.7886215,-0.88050497,-1.2709837,-0.33573154,0.8633097,-0.023980824,-2.2781782,0.0,0.0,0.0,0.0,1.9664276,-0.93525213,-0.3836932,0.1918466,0.04796165,0.6823859,0.19705248,-0.06370934,0.2796125,-0.81389153,-0.60750407,0.16396113,0.4700273,-0.27742827,-0.34257364,0.0779451,-0.99737287,0.44397554,-0.37270898,0.16749649,0.06996312,0.8792727,-1.4993969,0.5409272,0.5236,0.5236,0.0,0.0,-0.08934341,0.009086275,0.6821568,1.7109939,-0.83197725,-0.83928,0.01345,0.02152,0.00269,-0.00538,-0.1076,-0.52455,0.12373999999999999,-0.024210000000000002,0.07263,-0.6271186440677966,-0.1536723163841808,1.0,1.0,-0.8745762711864407,-1.0,-1.0,1.0,1.0,1.0,1,1,1,1,1,1,1,1,1,1,1.0,1.0,-0.5999569303730508,0.3850632662212489,-2.1205750411731104,-5.56,1.29,8.75,0.5416952,-0.07140991,-0.8375363,0.39607978,0.9182161
5.2220,249,0.13805827,0.13192235,0.90811664,-2.0478644,0.5108156,0.5236,0.5236,0.0,0.0,-0.12885438,0.30526218,0.36968938,1.7824857,-0.877437,-0.6235014,0.04796165,0.0959233,0.0,-1.8465234,0.0,0.0,0.0,0.0,2.206236,-1.6546768,-0.45563567,-0.14388494,0.21582742,0.77234,0.10551329,0.003587355,0.34399426,-0.6341664,-0.5964973,0.2095357,0.47591868,-0.25018978,-0.46256188,0.034731135,-1.0365782,0.30594623,-0.270747,0.189985,0.047078323,0.8960968,-1.4833015,0.5858584,0.5236,0.5236,0.0,0.0,-0.11934047,-0.0017172163,0.6723555,1.6764866,-0.8064867,-0.38736000000000004,0.51648,-0.05649,0.00269,0.0,-0.32818,-0.48419999999999996,0.10222,0.45192,0.0,-0.8497175141242937,1.0,-1.0,1.0,1.0,-0.3807909604519774,-1.0,1.0,1.0,-1.0,1,1,1,1,1,1,1,1,1,1,1.0,1.0,-0.7963064712224129,0.44724062082354693,-1.9362246389312092,-6.55,2.29,10.17,0.55029255,-0.03777519,-0.834117,0.17364818,0.9848077
5.2581,250,0.1672039,0.11811652,0.90504867,-2.0478644,0.5200195,0.5236,0.5236,0.0,0.0,-0.11044662,0.2469709,0.36201948,1.7625439,-0.87283504,0.23980825,0.21582742,-0.3836932,0.0,-1.0311754,0.0,0.0,0.0,0.0,2.0863316,-2.2302167,-0.4796165,-0.43165484,0.23980825,0.7197738,0.0022851378,0.18897334,0.3318233,-0.54146546,-0.58529794,0.23348272,0.39418107,-0.30744925,-0.5144455,0.0115130395,-1.187258,0.19640034,-0.007493727,0.17684346,0.021271285,0.9424434,-1.4863442,0.60903364,0.5236,0.5236,0.0,0.0,-0.13231137,-0.00752174,0.6346855,1.6491001,-0.7406734,0.06994,0.02152,-0.24747999999999998,0.00269,0.00269,0.08339,-0.44923,0.040350000000000004,0.57566,0.0,-0.2621468926553672,1.0,0.1751412429378531,1.0,1.0,-0.06327683615819209,-1.0,1.0,0.5694915254237288,-1.0,1,1,1,1,1,1,1,1,1,1,1.0,1.0,-1.0351984125891367,-0.17889624832941875,-1.335176877775662,-6.5,0.42,9.16,0.55514777,0.009184429,-0.83170104,-0.05814483,0.9983082
5.2781,251,0.19481556,0.08283496,0.90811664,-2.0432625,0.5691069,0.5236,0.5236,0.0,0.0,-0.12578642,0.15800002,0.34974763,1.7119225,-0.8498254,1.0551562,-0.35971236,-0.1918466,0.0,0.23980825,0.0,0.0,0.0,0.0,0.93525213,-2.5179865,-0.407674,-0.91127133,0.23980825,0.6017439,-0.057397,0.4793896,0.074573964,-0.49879497,-0.6056239,0.15685436,0.3193161,-0.38188174,-0.549524,0.023106948,-1.2547652,-0.07324642,0.090994164,0.14733598,0.00635075,1.0150474,-1.5506566,0.61970127,0.5236,0.5236,0.0,0.0,-0.141081,-0.004623263,0.6178087,1.5816884,-0.71605146,0.39274000000000003,0.08339,-0.01614,0.02152,-0.00269,0.08339,-0.47881999999999997,0.00538,0.00807,-0.024210000000000002,-0.10282485875706214,1.0,-1.0,1.0,1.0,0.9943502824858758,-1.0,1.0,1.0,-1.0,1,1,1,1,1,1,1,1,1,1,1.0,1.0,-1.0875582901489667,-0.6926775468852495,-0.44724062082354693,-6.62,0.19,8.41,0.5396462,0.04692576,-0.84058315,-0.28680325,0.9579895
5.2942,252,0.1917476,0.070563115,0.92192245,-2.0401945,0.58751464,0.5236,0.5236,0.0,0.0,-0.1349903,0.11351458,0.35281557,1.6904469,-0.8252817,0.91127133,-0.6474822,0.0,0.04796165,0.7434055,0.0,0.0,0.0,0.0,0.3117507,-2.5659482,-0.33573154,-1.103118,0.45563567,0.5222787,0.0823327,0.6568675,-0.34376377,-0.3969678,-0.6241265,0.028548012,0.25000393,-0.36553317,-0.53675085,0.07197482,-1.2186276,-0.33767608,0.22050488,0.12746969,0.041283175,1.0594169,-1.6470566,0.64515805,0.5236,0.5236,0.0,0.0,-0.13788772,0.0075937053,0.6268431,1.515581,-0.68367374,0.29320999999999997,0.34163,-0.01345,0.0,0.0,-0.14257,-0.49495999999999996,0.0,0.29858999999999997,-0.45461,0.13559322033898305,0.6418079096045197,-1.0,1.0,1.0,1.0,-1.0,1.0,0.6350282485875707,-1.0,1,1,1,1,1,1,1,1,1,1,1.0,1.0,-1.0242901047641721,-0.9664760732918599,-0.14835298641951802,-6.43,-1.75,8.61,0.52442294,0.06631807,-0.84887135,-0.5,0.8660254
5.3140,253,0.17027187,0.06289321,0.9541361,-2.0417285,0.59978646,0.5236,0.5236,0.0,0.0,-0.15033011,0.0720971,0.35281557,1.6536313,-0.799204,0.45563567,-0.7913672,0.28776988,0.0959233,1.0311754,0.0,0.0,0.0,0.0,-0.21582742,-2.5419674,-0.1918466,-1.2949644,0.8393288,0.4150598,0.28656417,0.65950984,-0.75852615,-0.3461871,-0.61122304,-0.01549639,0.120904654,-0.27189812,-0.49386767,0.110209055,-1.1804639,-0.5429874,0.32565528,0.10066495,0.09234104,1.0600774,-1.7434566,0.65785325,0.5236,0.5236,0.0,0.0,-0.12716691,0.017152265,0.636384,1.4642532,-0.6573862,-0.048420000000000005,-0.01345,-0.31204000000000004,0.01076,0.0,-0.66443,0.18292,0.0,0.46806,-0.00269,-0.11412429378531073,-1.0,-1.0,1.0,1.0,-0.327683615819209,-1.0,1.0,1.0,-1.0,1,1,1,1,1,1,1,1,1,1,1.0,1.0,-1.155189798663747,-0.9861110273767961,-0.05017821599483697,-5.87,-0.86,8.78,0.50809455,0.08570269,-0.8570269,-0.6862416,0.72737366
5.3340,254,0.14572817,0.06289321,1.0139613,-2.0447965,0.6074564,0.5236,0.5236,0.0,0.0,-0.14879614,0.050621364,0.35588354,1.593806,-0.77772826,-0.16786577,-0.6235014,0.93525213,0.07194247,0.91127133,0.0,0.0,0.0,0.0,-0.3836932,-2.2781782,-0.07194247,-1.6067152,1.1270987,0.29246193,0.5832099,0.5458519,-1.1492878,-0.31503978,-0.54284966,-0.0604622,-0.041118424,-0.21417497,-0.37837142,0.1810994,-1.0563638,-0.6555354,0.43891543,0.07001548,0.16650248,1.031663,-1.8398566,0.66564006,0.5236,0.5236,0.0,0.0,-0.09829286,0.03487485,0.66740906,1.4361162,-0.6290711,-0.00807,-0.57297,0.32818,0.0,0.00538,-0.58104,-0.00269,0.0,0.25017,-0.01614,0.015819209039548022,-0.9853107344632769,-0.43050847457627117,1.0,1.0,-0.03502824858757062,0.003389830508474576,1.0,1.0,-1.0,1,1,1,1,1,1,1,1,1,1,1.0,1.0,-1.1115565673638887,-1.2729995231733642,-0.07963064712224129,-5.98,-2.06,7.7,0.48793578,0.10412018,-0.86664736,-0.8354878,0.549509
5.3541,255,0.12118448,0.084368944,1.0461749,-2.0447965,0.6212622,0.5236,0.5236,0.0,0.0,-0.14112623,0.047553405,0.36201948,1.5309129,-0.74091274,-0.69544387,-0.26378906,1.5827343,0.0,0.7194247,0.0,0.0,0.0,0.0,-0.28776988,-1.7506001,0.04796165,-2.0863316,1.2470028,0.26023734,0.8573843,0.35333848,-1.385149,-0.31914374,-0.4445872,-0.04414524,-0.15251355,-0.27860963,-0.245531,0.23585558,-0.85299796,-0.58919734,0.60732585,0.061959334,0.23504609,0.98353463,-1.9155873,0.6646141,0.5236,0.5236,0.0,0.0,-0.06508275,0.048563894,0.7182505,1.4527007,-0.58696854,0.23940999999999998,-0.48957999999999996,0.24747999999999998,0.0,0.00538,-0.57028,0.00538,0.0,0.23940999999999998,-0.00807,0.49265536723163844,-0.42824858757062145,1.0,1.0,1.0,-1.0,0.4994350282485876,1.0,1.0,-1.0,1,1,1,1,1,1,1,1,1,1,1.0,1.0,-1.1846422297911512,-1.7453292519943295,-0.39051742013373125,-4.9,-1.51,7.57,0.46021682,0.12755454,-0.87859565,-0.9396926,0.34202015
5.3741,256,0.093572825,0.13038836,1.0461749,-2.0417285,0.63967,0.5236,0.5236,0.0,0.0,-0.12271846,0.050621364,0.38042724,1.4772235,-0.6964273,-1.0791371,0.35971236,1.7506001,0.0,0.5995206,0.0,0.0,0.0,0.0,0.0,-1.0551562,0.16786577,-2.5899289,1.4148686,0.33143717,1.0148333,0.18608081,-1.4027714,-0.23786634,-0.34541345,0.01221957,-0.24328099,-0.40590757,-0.16493283,0.26962432,-0.65593815,-0.4301211,0.7096014,0.07975929,0.27440834,0.94172025,-1.9199929,0.6849334,0.5236,0.5236,0.0,0.0,-0.044933207,0.05700608,0.7675155,1.4924698,-0.56139964,-0.10491,-0.29320999999999997,0.02152,0.0,0.0,-0.69671,0.04304,0.00269,-0.46537,-0.00538,0.4,-1.0,1.0,1.0,-0.3073446327683616,-0.864406779661017,0.40225988700564974,1.0,0.9887005649717514,-1.0,1,1,1,1,1,1,1,1,1,1,1.0,1.0,-0.7952156404399163,-1.8336865453765423,-0.1832595714594046,-2.84,0.25,7.44,0.42740262,0.1438276,-0.8925472,-0.99323833,0.11609291
5.3962,257,0.07363108,0.19328158,1.0139613,-2.0371265,0.65961176,0.5236,0.5236,0.0,0.0,-0.088970885,0.05829127,0.42951462,1.4588157,-0.6458059,-1.1990412,1.1750604,1.0791371,0.0,0.6474822,0.0,0.0,0.0,0.0,0.45563567,-0.43165484,0.57553977,-2.6139097,1.774581,0.39130908,1.0522664,0.07699853,-1.3733764,-0.21061416,-0.24478406,0.17179497,-0.2856943,-0.48304334,-0.04414,0.28549838,-0.43135825,-0.42728728,0.8080783,0.09472727,0.2837666,0.91444963,-1.9126441,0.6917465,0.5236,0.5236,0.0,0.0,-0.014735,0.060974594,0.82366043,1.4931782,-0.5367804,-0.19906000000000001,-0.1345,0.27976,0.00538,0.00269,0.00807,-0.04573,0.00538,-0.81238,-0.07532,0.2903954802259887,-0.919774011299435,0.7559322033898305,1.0,0.423728813559322,-0.18531073446327684,0.24519774011299436,1.0,0.10847457627118644,-0.9977401129943503,1,1,1,1,1,1,1,1,1,1,1.0,1.0,-0.8312130562622994,-1.6493361431346414,-0.45487643630102215,-3.43,-1.47,4.88,0.39798218,0.16123381,-0.9031134,-0.99323833,-0.11609291
5.4160,258,0.07823302,0.25310683,0.9771458,-2.0079808,0.67495155,0.5236,0.5236,0.0,0.0,-0.05675729,0.06442719,0.5031457,1.4680196,-0.59825253,-1.0311754,2.0383701,-0.023980824,0.21582742,0.7913672,0.0,0.0,0.0,0.0,0.959233,0.0,1.366907,-1.9664276,2.1342933,0.29579943,0.94767034,0.07736868,-1.2626699,-0.19378161,-0.0070324074,0.34534138,-0.3008896,-0.533225,0.14071295,0.31412536,-0.26643068,-0.61485714,1.0795345,0.07084986,0.2576176,0.9145422,-1.8849676,0.6959546,0.5236,0.5236,0.0,0.0,0.031478237,0.06813134,0.86489236,1.4462857,-0.46891636,-0.74244,0.15064,0.09146,0.07263,0.01883,-0.25286,0.061869999999999994,0.01614,-0.13181,-0.029589999999999998,-0.14576271186440679,-0.05649717514124294,1.0,1.0,1.0,-1.0,0.5728813559322034,1.0,-0.19096045197740114,-1.0,1,1,1,1,1,1,1,1,1,1,1.0,1.0,-0.5901394533305827,-2.043126055615862,-0.36106498900632694,-2.33,-1.0,4.65,0.36227924,0.17552684,-0.9153929,-0.9396926,-0.34202015
5.4361,259,0.09510681,0.28532043,0.9526021,-1.9711653,0.6933593,0.5236,0.5236,0.0,0.0,-0.029145636,0.070563115,0.5767768,1.4910294,-0.5660389,-0.551559,2.446044,-0.91127133,0.6714631,0.8393288,0.0,0.0,0.0,0.0,1.2949644,0.21582742,2.302159,-0.93525213,2.206236,0.2333318,0.8080571,0.11603761,-1.1682705,-0.19373922,0.17420319,0.5365745,-0.3241768,-0.5262915,0.26318973,0.35715526,-0.18585998,-0.9682396,1.3058622,0.05523295,0.22271428,0.9242094,-1.8613677,0.69596523,0.5236,0.5236,0.0,0.0,0.062097434,0.07888882,0.88503504,1.3579401,-0.41233444,0.48689,0.23403,0.01614,0.061869999999999994,0.024210000000000002,-0.75858,-0.13181,0.024210000000000002,0.08608,-0.048420000000000005,-0.2384180790960452,1.0,1.0,1.0,0.823728813559322,-0.8293785310734463,-0.013559322033898305,1.0,1.0,-1.0,1,1,1,1,1,1,1,1,1,1,1.0,1.0,-0.3294308963139297,-2.159844949342983,-0.4297873283036036,-2.8,-6.35,10.41,0.32148114,0.18472406,-0.9287233,-0.8354878,-0.549509
5.4562,260,0.09203885,0.29145634,0.94646615,-1.9634954,0.7071651,0.5236,0.5236,0.0,0.0,0.0061359233,0.079767,0.64887387,1.4787575,-0.5292234,-0.04796165,2.2302167,-1.1990412,1.0311754,0.8633097,0.0,0.0,0.0,0.0,1.5107919,0.28776988,3.0935264,-0.0959233,2.0383701,0.1416444,0.74775755,0.14454356,-1.053967,-0.20582691,0.24127284,0.68525314,-0.34971276,-0.4394561,0.2846018,0.48630628,-0.23147523,-1.3458953,1.4252659,0.0323111,0.2076394,0.9313359,-1.8327918,0.6929433,0.5236,0.5236,0.0,0.0,0.06745045,0.11117657,0.87363124,1.2635262,-0.3824835,0.90653,0.08877,-0.01614,0.01345,-0.0269,-0.20982,-0.1076,0.01076,0.11835999999999999,-0.029589999999999998,0.2192090395480226,1.0,-0.2903954802259887,1.0,-0.4937853107344633,-0.6971751412429379,0.10621468926553672,1.0,1.0,-1.0,1,1,1,1,1,1,1,1,1,1,1.0,1.0,0.6054110842855331,-1.6013395887047974,0.5170537909033202,-4.32,-0.21,9.37,0.2919027,0.1765705,-0.9400083,-0.6862416,-0.72737366
5.4764,261,0.07669904,0.27304858,0.94800013,-1.9650294,0.71483505,0.5236,0.5236,0.0,0.0,0.04141748,0.093572825,0.71330106,1.435806,-0.48473793,0.07194247,1.4148686,-0.93525213,1.0311754,0.7673864,0.0,0.0,0.0,0.0,1.5347728,0.35971236,3.4532387,-0.04796165,1.918466,0.0654203,0.6496348,0.2792509,-0.855357,-0.36158362,0.3152196,0.7981515,-0.3358931,-0.33680043,0.27936015,0.4361191,-0.28193548,-1.7752653,1.425358,0.013255075,0.18310869,0.9650127,-1.7831393,0.6540041,0.5236,0.5236,0.0,0.0,0.06614003,0.09862978,0.86101615,1.1671262,-0.38246047,0.82852,0.72899,0.00538,0.0269,-0.0538,-0.04573,0.02152,-0.17485,0.03497,-0.0269,0.4745762711864407,0.8508474576271187,-0.6203389830508474,1.0,-1.0,-0.3525423728813559,1.0,1.0,1.0,-1.0,1,1,1,1,1,1,1,1,1,1,1.0,1.0,0.5366887449882564,-1.4682582332402296,1.1279190291013355,-3.54,-0.23,10.34,0.26829836,0.16118303,-0.9497557,-0.5,-0.8660254
5.4962,262,0.05675729,0.24390295,0.9510681,-1.9604274,0.7117671,0.5236,0.5236,0.0,0.0,0.06135923,0.11351458,0.7593205,1.3821167,-0.42644665,-0.16786577,0.33573154,-0.45563567,0.6474822,0.551559,0.0,0.0,0.0,0.0,1.5587536,0.5035973,3.3333344,-0.7194247,1.9904084,0.03717064,0.5241792,0.3998787,-0.53720737,-0.5575931,0.32326117,0.8243091,-0.30359563,-0.23605892,0.13444252,0.31496572,-0.3225874,-2.1228812,1.2347565,0.00619266,0.15174481,0.9951697,-1.7036018,0.60500175,0.5236,0.5236,0.0,0.0,0.029910631,0.068341434,0.85085315,1.0707262,-0.43011087,0.47343999999999997,0.69402,-0.01076,0.02152,-0.00269,0.06994,-0.09953000000000001,-0.02152,0.30128,0.23403,0.49491525423728816,0.8463276836158192,-1.0,1.0,-1.0,0.4180790960451977,-1.0,-0.7581920903954802,1.0,-0.4666666666666667,1,1,1,1,1,1,1,1,1,1,1.0,1.0,0.3676099737013056,-1.4442599560253078,1.3864459245529956,-2.08,-3.08,10.59,0.24490485,0.14796335,-0.9581902,-0.28680325,-0.9579895
5.5166,263,0.033747576,0.2162913,0.9664079,-1.9481556,0.70102924,0.5236,0.5236,0.0,0.0,0.06442719,0.12118448,0.80533993,1.3284273,-0.38656315,-0.5995206,-0.551559,-0.04796165,0.3117507,0.23980825,0.0,0.0,0.0,0.0,1.3189453,0.6474822,2.997603,-1.6786577,2.206236,0.060732484,0.51046574,0.3895969,-0.16324137,-0.73453015,0.22741497,0.69135183,-0.21992233,-0.16313317,-0.13722493,0.14519757,-0.26729983,-2.1808748,0.7867772,0.012083121,0.14831644,0.99259925,-1.6101104,0.5607675,0.5236,0.5236,0.0,0.0,-0.03800623,0.025899392,0.86467505,1.0547813,-0.5265109,-0.20982,0.6079399999999999,-0.00538,0.00538,-0.00269,0.53531,-0.03228,-0.20713,0.39005,0.41157,-0.06892655367231638,0.8497175141242937,-1.0,1.0,-1.0,0.8293785310734463,-1.0,0.8926553672316384,1.0,1.0,1,1,1,1,1,1,1,1,1,1,1.0,1.0,0.6555893002803701,-1.10501158266891,1.3919000784654778,-2.7,-2.31,10.22,0.22650892,0.13059974,-0.96521366,-0.05814483,-0.9983082
5.5367,264,0.01994175,0.19021362,0.9894176,-1.9420197,0.6948933,0.5236,0.5236,0.0,0.0,0.049087387,0.12271846,0.8084079,1.2839419,-0.37275735,-0.8393288,-1.0791371,0.3117507,0.3117507,-0.04796165,0.0,0.0,0.0,0.0,0.8633097,0.5995206,2.3741016,-2.206236,2.1342933,0.053689584,0.44970015,0.37386167,0.1878326,-0.9219857,0.15521136,0.42892694,-0.068561226,-0.24096994,-0.3341207,0.15952063,-0.114853986,-1.888804,0.38799185,0.010322396,0.13312504,0.98866546,-1.522342,0.5139036,0.5236,0.5236,0.0,0.0,-0.087230176,0.029480156,0.9027865,1.127799,-0.6229109,0.1076,0.22865,0.44923,0.00269,-0.01614,0.20175,-0.10222,0.01076,0.21788999999999997,0.18292,0.47796610169491527,0.415819209039548,0.15932203389830507,1.0,-1.0,1.0,-1.0,1.0,1.0,1.0,1,1,1,1,1,1,1,1,1,1,1.0,1.0,0.39269908169872414,-1.4693490640227262,0.9882926889417891,-2.5,-1.16,9.71,0.20402026,0.11527145,-0.9721565,0.17364818,-0.9848077
5.5720,265,0.01840777,0.1672039,1.0047574,-1.9450877,0.7025632,0.5236,0.5236,0.0,0.0,-0.030679615,0.09664079,0.79767,1.2225827,-0.3666214,-0.6474822,-1.103118,0.7194247,0.26378906,-0.16786577,0.0,0.0,0.0,0.0,-0.6235014,0.04796165,0.9832138,-2.2302167,1.1990412,0.054770812,0.3876732,0.13901837,0.51093346,-1.1871678,-0.00040159002,0.08065756,0.046784688,-0.36860043,-0.47703582,0.53087336,0.27411568,-0.9925571,-0.007482633,0.010592703,0.1176183,0.9299546,-1.4415667,0.44760808,0.5236,0.5236,0.0,0.0,-0.12295896,0.12231834,0.9991865,1.224199,-0.71931094,0.08070000000000001,0.13988,0.16947,0.00269,-0.5971799999999999,0.048420000000000005,-0.60525,0.0269,0.33894,0.16947,0.04745762711864407,-0.04180790960451977,0.05649717514124294,1.0,-1.0,0.49491525423728816,-0.4248587570621469,1.0,0.6790960451977401,1.0,1,1,1,1,1,1,1,1,1,1,1.0,1.0,0.03381575425739013,-1.7049685130419605,0.6065019150680295,-0.99,-0.44,9.76,0.1744729,0.11019342,-0.9784767,0.39607978,-0.9182161
5.5926,266,0.01840777,0.16413595,1.0062914,-1.9496896,0.65961176,0.5236,0.5236,0.0,0.0,-0.07363108,0.08590292,0.7900001,1.1765633,-0.3742913,-0.3117507,-0.815348,0.5995206,0.07194247,-0.23980825,0.0,0.0,0.0,0.0,-1.5587536,-0.35971236,0.11990412,-2.0863316,0.5035973,0.107436165,0.44518992,-0.022364516,0.6522491,-1.3455491,-0.12998913,-0.041378222,0.09174763,-0.3222422,-0.3811983,1.0060275,0.43846095,0.03517838,-0.27402532,0.023759041,0.13199748,0.88960886,-1.4062378,0.40801275,0.5236,0.5236,0.0,0.0,-0.098999575,0.21871835,1.0411153,1.3205991,-0.8073063,0.08877,0.02152,0.024210000000000002,0.01883,-0.01883,0.38198000000000004,0.58104,0.0269,-0.6698099999999999,0.00538,0.04519774011299435,1.0,1.0,1.0,-1.0,0.5141242937853108,0.2768361581920904,1.0,-0.9005649717514125,1.0,1,1,1,1,1,1,1,1,1,1,1.0,1.0,-0.6806784082777885,-1.4453507868078042,0.3119776037939864,0.42,-3.2,8.61,0.12652239,0.12040033,-0.9846298,0.5971586,-0.8021232
5.6082,267,0.01840777,0.16106798,0.99401957,-1.9542916,0.6304661,0.5236,0.5236,0.0,0.0,-0.09970875,0.10431069,0.7838642,1.1811652,-0.38196123,-0.11990412,-0.551559,0.33573154,-0.04796165,-0.5995206,0.0,0.0,0.0,0.0,-1.8944851,-0.3836932,-0.16786577,-1.8225427,0.14388494,0.15340236,0.4225474,0.03613156,0.6322104,-1.4010078,-0.21353833,-0.06365979,0.1294945,-0.22964218,-0.19026966,1.0733503,0.429488,0.5892599,-0.28851283,0.03525059,0.12633684,0.9042329,-1.4112475,0.39414808,0.5236,0.5236,0.0,0.0,-0.051267415,0.25793758,1.038872,1.4169991,-0.8109282,-0.45461,0.26093,0.30128,0.04304,-0.00269,-0.41964,0.11298,0.024210000000000002,-0.5111,0.34163,-1.0,-0.8101694915254237,0.11412429378531073,1.0,-1.0,0.14463276836158193,0.4056497175141243,1.0,-1.0,1.0,1,1,1,1,1,1,1,1,1,1,1.0,1.0,-0.6883142237552637,-1.3526301702956054,0.18980455615438332,-1.98,-3.77,10.31,0.10003855,0.1327042,-0.98609424,0.76604444,-0.64278764
5.6303,268,0.032213595,0.15339808,0.957204,-1.9573594,0.6212622,0.5236,0.5236,0.0,0.0,-0.10584468,0.159534,0.7900001,1.2348546,-0.41264084,0.023980824,-0.3117507,-0.1918466,-0.14388494,-1.0071946,0.0,0.0,0.0,0.0,-1.7506001,0.11990412,-0.1918466,-0.91127133,-0.26378906,0.16619855,0.43992546,0.15816382,0.3379398,-1.3894727,-0.26017684,-0.17970687,0.09354144,-0.18081143,-0.11004096,0.90278774,0.23907667,0.724716,-0.083273426,0.038449638,0.13068137,0.93474096,-1.4848151,0.39703184,0.5236,0.5236,0.0,0.0,-0.03121024,0.21529694,0.9912692,1.5133991,-0.75961834,0.11835999999999999,0.16140000000000002,0.33087,0.03766,-0.00269,-0.54876,0.29320999999999997,0.00269,-0.14526,0.00269,-0.021468926553672316,0.29717514124293787,0.6813559322033899,1.0,-1.0,-0.7141242937853107,1.0,1.0,-1.0,1.0,1,1,1,1,1,1,1,1,1,1,1.0,1.0,-0.05235987755982988,-1.2762720155208536,0.2530727415391778,-0.6,-2.2,7.32,0.07651173,0.13772112,-0.9875115,0.89363265,-0.4487992
5.6522,269,0.04141748,0.13652429,0.9280584,-1.9619614,0.59518456,0.5236,0.5236,0.0,0.0,-0.07669904,0.20708741,0.79460204,1.3054177,-0.47706804,0.21582742,-0.3117507,-0.7913672,-0.1918466,-1.1270987,0.0,0.0,0.0,0.0,-0.93525213,1.1270987,-0.07194247,0.5275781,-0.93525213,0.09719306,0.21463093,0.42106283,-0.15195337,-1.1804979,-0.16556215,-0.38027042,-0.037457164,-0.07794681,-0.04384605,0.7865155,-0.02378054,0.5215516,0.4282717,0.021198265,0.07435773,1.0004658,-1.5812151,0.44927555,0.5236,0.5236,0.0,0.0,-0.014661512,0.18622887,0.9255549,1.6097991,-0.6632183,0.0,-0.02152,-0.24747999999999998,0.040350000000000004,-0.37929,-0.12373999999999999,0.12643,0.0,-0.14795,0.12912,-0.04406779661016949,0.2903954802259887,-0.02598870056497175,1.0,-1.0,-0.6802259887005649,0.28700564971751413,1.0,-1.0,1.0,1,1,1,1,1,1,1,1,1,1,1.0,0.0,1.3580843242080876,-1.088649120931463,0.47887471351594413,-0.99,-1.97,5.37,0.055073895,0.12748586,-0.9903102,0.9730449,-0.23061587
5.6704,270,0.04141748,0.13805827,0.92345643,-1.9573594,0.5430292,0.5236,0.5236,0.0,0.0,-0.049087387,0.21782528,0.8222137,1.363709,-0.53229135,0.3117507,-0.3836932,-1.0551562,-0.1918466,-1.1750604,0.0,0.0,0.0,0.0,-0.1918466,1.5587536,0.14388494,1.7506001,-1.6067152,-0.039706998,0.022092089,0.64377695,-0.50736535,-0.8818364,0.013817495,-0.35470656,-0.13352585,-0.21174519,0.034001816,0.6285577,-0.13379891,0.19024366,0.55049616,-0.01302675,0.026223022,1.0561442,-1.6776152,0.5239409,0.5236,0.5236,0.0,0.0,0.004800454,0.14673942,0.8980503,1.647561,-0.60117596,0.51379,0.5084099999999999,-0.30396999999999996,0.54876,0.07532,-0.061869999999999994,-0.42233,-0.059179999999999996,-0.0538,-0.15064,1.0,1.0,-1.0,-1.0,1.0,-1.0,-0.9966101694915255,-1.0,-1.0,-1.0,1,1,1,1,1,1,1,1,1,1,1.0,0.0,1.7758725139042304,-0.8290313946973066,0.3490658503988659,0.98,-0.65,5.94,0.037742943,0.09690755,-0.99457747,1.0,0.0
5.6924,271,0.01840777,0.11811652,0.96180594,-1.9481556,0.48933986,0.5236,0.5236,0.0,0.0,-0.01994175,0.20401944,0.874369,1.4542137,-0.59978646,0.14388494,-0.43165484,-0.7194247,0.0,-1.630696,0.0,0.0,0.0,0.0,0.8393288,1.3908877,0.7913672,2.9496412,-2.446044,-0.04162375,0.01917427,0.6831096,-0.5762981,-0.7469534,0.13961466,-0.3488806,-0.14366698,-0.42269006,0.07935768,0.49671718,-0.13175017,0.059894532,0.4447695,-0.0135059375,0.025493568,1.0659775,-1.7133746,0.55766165,0.5236,0.5236,0.0,0.0,0.016139422,0.1137793,0.8985625,1.6149737,-0.6276076,-0.25286,0.00269,-0.41695,0.0,0.39005,-0.02152,-0.35508,-0.40619,-0.00269,-1.076,0.18757062146892656,1.0,-1.0,1.0,0.8892655367231639,0.13898305084745763,-0.8790960451977401,0.004519774011299435,-1.0,-0.10508474576271186,1,1,1,1,1,1,1,1,1,1,1.0,0.0,1.7355117749518614,-0.6926775468852495,0.2552544031041707,-1.24,-2.93,6.05,0.02346531,0.06223408,-0.99778575,0.9730449,0.23061587
5.7100,272,0.0,0.093572825,1.0062914,-1.9588934,0.49087384,0.5236,0.5236,0.0,0.0,-0.0046019424,0.19328158,0.89584476,1.523243,-0.61972827,-0.1918466,-0.551559,0.0959233,0.04796165,-1.8944851,0.0,0.0,0.0,0.0,1.1510795,0.69544387,1.223022,3.3812962,-2.7098331,-0.015649654,0.071698576,0.6850644,-0.5005769,-0.8092098,0.1512671,-0.32324308,-0.120069444,-0.54028565,0.14872351,0.3142724,-0.13388011,0.08129307,0.6098407,-0.007012414,0.038624644,1.0664661,-1.6944443,0.54209757,0.5236,0.5236,0.0,0.0,0.03348088,0.0681681,0.89803,1.6203233,-0.58633983,0.00538,0.48419999999999996,-0.09684000000000001,0.16678,0.25017,-0.2959,-0.84197,0.04573,0.81507,-0.059179999999999996,0.37175141242937854,0.559322033898305,-1.0,-1.0,1.0,-1.0,-1.0,0.0576271186440678,0.8101694915254237,1.0,1,1,1,1,1,1,1,1,1,1,1.0,0.0,1.7955074679891665,-0.8290313946973066,0.3534291735288517,0.94,-1.3,9.58,0.009179804,0.027539412,-0.9995786,0.89363265,0.4487992
5.7322,273,-0.012271847,0.070563115,1.0523108,-1.9665633,0.52308744,0.5236,0.5236,0.0,0.0,0.016873788,0.19328158,0.9111846,1.5815341,-0.6289321,-0.6235014,-0.7913672,1.2709837,0.0,-1.2949644,0.0,0.0,0.0,0.0,1.1750604,0.0,1.4628303,3.549162,-2.1582742,-0.1530999,0.24694195,0.61106515,-0.121038884,-1.2023064,0.16813032,-0.21933253,-0.050397575,-0.5963184,0.16094857,0.1397838,-0.069267504,0.04664371,0.6922211,-0.041374974,0.08243549,1.0479662,-1.5995598,0.44569758,0.5236,0.5236,0.0,0.0,0.036537144,0.024545949,0.91418314,1.611661,-0.5657447,-0.09953000000000001,0.0,-0.04573,0.09684000000000001,-0.00538,-0.0538,-1.3853499999999999,-0.30934999999999996,0.03497,-0.12643,0.0022598870056497176,0.09152542372881356,-0.21468926553672316,1.0,-1.0,-0.45084745762711864,-0.8158192090395481,-1.0,-0.5672316384180791,-1.0,1,1,1,1,1,1,1,1,1,1,1.0,1.0,1.6133387273122584,-1.373355955163038,0.9512044423369095,3.45,4.96,13.43,-0.015303366,-0.011222468,-0.99981993,0.76604444,0.64278764
5.7520,274,-0.015339808,0.070563115,1.0691847,-1.9726993,0.5445632,0.5236,0.5236,0.0,0.0,0.035281558,0.17027187,0.92345643,1.6229516,-0.6227962,-0.69544387,-0.8872905,1.7506001,-0.21582742,-0.1918466,0.0,0.0,0.0,0.0,1.0311754,-0.35971236,1.223022,3.3093536,-1.3429261,-0.13125366,0.23704997,0.51246613,0.09365508,-1.2791823,0.116992936,-0.16668114,-0.092904165,-0.713677,0.15385456,-0.0040055886,-0.037250806,-0.00049784826,0.66526705,-0.035913415,0.07996249,1.0233165,-1.5458863,0.42460445,0.5236,0.5236,0.0,0.0,0.03476364,-0.011401397,0.9221873,1.5998756,-0.57248324,0.47075,-0.01883,0.01345,0.05111,-0.11298,-0.00807,-0.09684000000000001,0.0,0.78279,-0.01883,0.15932203389830507,-1.0,1.0,1.0,-1.0,-0.023728813559322035,-1.0,0.7367231638418079,0.8519774011299435,-1.0,1,1,1,1,1,1,1,1,1,1,1.0,1.0,0.7308566242726254,-0.8475755179997462,0.004363323129985824,0.59,-2.0,13.13,-0.040796433,-0.03671679,-0.99849266,0.5971586,0.8021232
5.7842,275,-0.027611654,0.084368944,1.0645827,-1.9773012,0.54763114,0.5236,0.5236,0.0,0.0,0.03834952,0.1441942,0.9295924,1.6260196,-0.6166603,-0.57553977,-0.6474822,1.5347728,-0.3117507,0.4796165,0.0,0.0,0.0,0.0,0.8872905,-0.5035973,0.91127133,2.7098331,-0.57553977,-0.11910088,0.114894144,0.38424498,0.2844528,-1.3143691,0.035849057,-0.122058384,-0.06742772,-0.7858421,0.21052219,-0.13297704,0.029340662,0.0389477,0.6486124,-0.03287522,0.04942354,0.99126124,-1.4981868,0.41580775,0.5236,0.5236,0.0,0.0,0.048930548,-0.04364426,0.9388352,1.6097369,-0.5766469,-0.7881699999999999,0.35777,0.29052,0.07263,-0.22865,0.27169,-0.6805699999999999,-0.01883,0.33087,0.03497,-0.47796610169491527,-0.03728813559322034,1.0,1.0,-1.0,0.03728813559322034,-1.0,0.3954802259887006,1.0,0.7932203389830509,1,1,1,1,1,1,1,1,1,1,1.0,1.0,0.031634092692397225,-0.210530341021816,-0.9392053037294485,0.39,1.18,12.23,-0.04998905,-0.044888124,-0.99774057,0.39607978,0.9182161
5.8020,276,-0.035281558,0.09664079,1.0415729,-1.9849712,0.49700978,0.5236,0.5236,0.0,0.0,0.04141748,0.06902914,0.93112636,1.6214176,-0.59518456,-0.3836932,0.11990412,0.3117507,-0.28776988,0.23980825,0.0,0.0,0.0,0.0,0.4796165,-1.3189453,0.4796165,1.1510795,0.21582742,-0.109360114,0.067955315,0.21885963,0.5163971,-1.572434,0.21952996,0.028722787,0.09915212,-0.83852,0.18403797,-0.27996862,0.24855444,0.02875706,0.55055916,-0.030440029,0.03768883,0.94991493,-1.4402008,0.35129154,0.5236,0.5236,0.0,0.0,0.042309493,-0.08039215,0.99363863,1.6071893,-0.60116017,-0.4304,0.15871000000000002,0.09415,0.11567,-0.024210000000000002,-0.65636,-0.5971799999999999,0.03497,-0.00807,0.11028999999999999,-0.2384180790960452,1.0,1.0,1.0,-1.0,0.0384180790960452,-1.0,1.0,-0.8553672316384181,0.34576271186440677,1,1,1,1,1,1,1,1,1,1,1.0,1.0,-1.3537210010781018,-0.11562806294462433,-0.5606870222031783,1.04,-0.53,10.7,-0.04489616,-0.010203673,-0.9989395,0.17364818,0.9848077
5.8202,277,-0.030679615,0.09203885,1.0231652,-1.9880391,0.45866024,0.5236,0.5236,0.0,0.0,0.049087387,0.030679615,0.9341943,1.6214176,-0.5921166,-0.33573154,0.28776988,-0.21582742,-0.23980825,-0.57553977,0.0,0.0,0.0,0.0,0.28776988,-1.7506001,0.26378906,0.43165484,0.3836932,-0.044233955,-0.19123963,0.13375531,0.77489865,-1.5020974,0.24400291,0.18250033,0.16362351,-0.8249811,0.11155255,-0.32791686,0.3526952,0.07951623,0.5798491,-0.014158489,-0.027109906,0.9286388,-1.3755754,0.36887568,0.5236,0.5236,0.0,0.0,0.024188139,-0.09237921,1.0196738,1.6198791,-0.59383774,0.0,0.7774099999999999,0.08877,0.024210000000000002,0.0,0.16678,-0.57566,0.01614,0.12104999999999999,0.0269,-0.004519774011299435,0.34689265536723163,1.0,1.0,-1.0,0.3694915254237288,-1.0,1.0,0.4598870056497175,0.9830508474576272,1,1,1,1,1,1,1,1,1,1,1.0,1.0,-1.1759155835311796,-0.04254240051736178,-0.358883327441334,0.33,0.52,9.75,-0.04591679,-0.0,-0.99894524,-0.05814483,0.9983082
5.8421,278,-0.030679615,0.07823302,0.98481566,-1.9941751,0.41724277,0.5236,0.5236,0.0,0.0,0.047553405,-0.01840777,0.9526021,1.6214176,-0.59671855,-0.14388494,0.0959233,-0.7194247,-0.21582742,-1.366907,0.0,0.0,0.0,0.0,0.1918466,-2.0863316,0.1918466,0.04796165,0.33573154,0.04642672,-0.27656734,0.13121943,0.7232283,-1.4853938,0.33238313,0.26480362,0.19260538,-0.71038145,0.026852671,-0.28993905,0.605812,-0.07635451,0.68060035,0.00850668,-0.048441835,0.92800486,-1.388493,0.37305158,0.5236,0.5236,0.0,0.0,0.0030131678,-0.08288476,1.082953,1.5809114,-0.5686499,-0.12912,0.30666,0.2959,0.1076,0.04304,0.14257,-0.20713,0.00269,-0.04573,-0.55414,-0.43389830508474575,1.0,0.3096045197740113,1.0,-0.848587570621469,0.25310734463276835,-0.9209039548022598,0.9254237288135593,0.11751412429378531,0.09943502824858758,1,1,1,1,1,1,1,1,1,1,1.0,1.0,-0.7559457322700439,-0.19634954084936207,-0.4166973589136462,2.27,-2.44,10.83,-0.051038664,0.02756088,-0.9983163,-0.28680325,0.9579895
5.8601,279,-0.015339808,0.050621364,0.9526021,-2.000311,0.39576703,0.5236,0.5236,0.0,0.0,0.0398835,-0.050621364,0.9832817,1.6244856,-0.59671855,0.04796165,-0.26378906,-1.0551562,-0.21582742,-1.7266194,0.0,0.0,0.0,0.0,0.0959233,-2.1342933,0.407674,0.023980824,0.1918466,0.28172195,-0.29825717,0.48562726,0.3736595,-1.0898594,0.38626942,0.26749974,0.16493317,-0.5387488,-0.054851685,-0.19872084,0.48052168,-0.19811417,0.8454977,0.06733049,-0.053864293,1.0166068,-1.4758852,0.46945158,0.5236,0.5236,0.0,0.0,-0.017412921,-0.06008021,1.0516305,1.5504714,-0.5274255,-0.7478199999999999,0.72361,-0.06994,0.03766,0.25555,0.08339,0.32011,0.0,0.03766,-0.040350000000000004,-0.5141242937853108,1.0,0.3333333333333333,1.0,0.4824858757062147,1.0,1.0,1.0,1.0,-1.0,1,1,1,1,1,1,1,1,1,1,1.0,1.0,-0.6283185307179586,-0.06654067773228381,-0.08399397025222712,0.29,-0.64,8.15,-0.052046943,0.033677436,-0.9980767,-0.5,0.8660254
5.8823,280,0.007669904,0.010737865,0.9280584,-2.0095148,0.38502917,0.5236,0.5236,0.0,0.0,0.023009712,-0.05675729,1.0262332,1.6091459,-0.58751464,0.35971236,-0.815348,-1.3908877,-0.28776988,-1.5347728,0.0,0.0,0.0,0.0,-0.0959233,-1.8225427,0.93525213,-0.023980824,0.023980824,0.30147624,0.035700202,0.84401155,-0.23050375,-0.9265653,0.4900888,0.18085517,0.080725074,-0.2935558,-0.035195295,-0.12358216,0.39449838,-0.5086366,1.1655972,0.07226906,0.02962505,1.1062028,-1.5722852,0.51275873,0.5236,0.5236,0.0,0.0,-0.012498824,-0.04129554,1.0301247,1.4728409,-0.4474007,-0.22596,0.30396999999999996,-0.00269,0.19368000000000002,0.01883,0.15871000000000002,0.37122,-0.46268,0.36852999999999997,-0.00269,-0.7898305084745763,0.6666666666666666,-1.0,1.0,1.0,0.35706214689265536,0.34915254237288135,0.43954802259887005,0.576271186440678,-1.0,1,1,1,1,1,1,1,1,1,1,1.0,1.0,-0.25089107997418486,-0.4919646829059017,0.5606870222031783,2.23,-1.89,7.91,-0.06020975,0.0479637,-0.9970327,-0.6862416,0.72737366
5.9021,281,0.046019424,-0.013805827,0.95567006,-2.0171847,0.3834952,0.5236,0.5236,0.0,0.0,0.0030679617,-0.044485442,1.0523108,1.5830681,-0.57370883,0.7434055,-1.1990412,-1.1750604,-0.33573154,-1.103118,0.0,0.0,0.0,0.0,-0.43165484,-1.223022,1.3908877,-0.26378906,0.11990412,0.07711666,0.6434844,0.8284913,-0.77140474,-0.47463962,0.49833485,0.19810443,-0.15911742,-0.18603216,0.03303967,0.115596555,0.35616133,-0.76182556,1.6546447,0.016179165,0.12602505,1.1023228,-1.6686852,0.60915875,0.5236,0.5236,0.0,0.0,0.0045599174,0.01849914,1.0205404,1.4095436,-0.3510007,0.2959,-0.01076,-0.50034,0.09415,0.00807,0.03766,-0.32818,-0.25555,0.81776,-0.01883,-0.5220338983050847,-1.0,-1.0,1.0,1.0,-0.09830508474576272,0.09378531073446328,-0.8790960451977401,1.0,-1.0,1,1,1,1,1,1,1,1,1,1,1.0,1.0,0.6664976081053345,-0.7592182246175333,0.7799440094849661,2.18,0.12,9.01,-0.07242293,0.039781608,-0.99658036,-0.8354878,0.549509
5.9221,282,0.06749515,0.0030679617,1.0093594,-2.0233207,0.38963112,0.5236,0.5236,0.0,0.0,-0.0015339808,-0.027611654,1.0630487,1.5431846,-0.5491651,1.1270987,-1.1990412,-0.28776988,-0.35971236,-0.6235014,0.0,0.0,0.0,0.0,-0.5995206,-0.45563567,1.4628303,-0.7194247,0.3836932,-0.028997585,0.9783224,0.73918754,-0.92588514,-0.27615124,0.44245166,0.3150222,-0.23961443,-0.042056106,0.084023595,0.20297503,0.35163614,-0.84455323,1.8697941,-0.010349397,0.22242504,1.079997,-1.7650852,0.6753622,0.5236,0.5236,0.0,0.0,0.0173059,0.040343758,1.0194091,1.3888617,-0.27135146,0.10222,-0.6805699999999999,-0.20982,0.04304,0.01614,-0.01614,0.70747,-0.13988,0.01883,-0.048420000000000005,1.0,-1.0,-0.9954802259887006,1.0,1.0,-1.0,0.6497175141242938,-1.0,1.0,-1.0,1,1,1,1,1,1,1,1,1,1,1.0,1.0,0.7930339788749236,-0.8693921336496754,0.9315694882519735,2.6,-0.49,8.1,-0.08063572,0.032662567,-0.9962083,-0.9396926,0.34202015
5.9428,283,0.049087387,0.05982525,1.0691847,-2.0248547,0.42951462,0.5236,0.5236,0.0,0.0,0.0,0.009203885,1.0722525,1.4894954,-0.5154175,1.0551562,-0.3836932,1.0311754,-0.33573154,-0.023980824,0.0,0.0,0.0,0.0,-0.57553977,0.35971236,1.1750604,-1.366907,0.815348,0.02008491,0.9504745,1.0816615,-0.902682,-0.19297726,0.5724946,0.6123842,-0.13965537,-0.036068216,0.3302578,0.091959216,0.21692657,-1.1218628,2.0037823,0.0019212274,0.25831863,1.1656153,-1.7949705,0.6961557,0.5236,0.5236,0.0,0.0,0.07886445,0.012589804,0.98573166,1.3195343,-0.23785442,0.36315,-0.048420000000000005,1.0168199999999998,0.0,0.02152,-0.16140000000000002,-0.11567,-0.12104999999999999,0.31742000000000004,-0.00269,1.0,-1.0,0.16497175141242937,1.0,1.0,-0.49265536723163844,0.31186440677966104,-1.0,1.0,-1.0,1,1,1,1,1,1,1,1,1,1,1.0,1.0,-0.31525009614147576,-1.155189798663747,0.04145156973486532,2.08,0.07,10.04,-0.11016572,0.02754143,-0.9935316,-0.99323833,0.11609291
5.9620,284,0.015339808,0.12271846,1.0845244,-2.0095148,0.5000777,0.5236,0.5236,0.0,0.0,0.010737865,0.033747576,1.0783885,1.438874,-0.4632622,0.45563567,0.7673864,1.8465234,-0.1918466,0.815348,0.0,0.0,0.0,0.0,-0.28776988,0.91127133,0.815348,-1.8944851,1.223022,-0.042184234,0.89348847,1.2494208,-0.8431567,-0.30452558,0.56075084,0.82016665,-0.07682351,-0.09519224,0.43705282,0.07975161,0.1414223,-1.2381066,2.1063848,-0.013646059,0.24407211,1.2075552,-1.7800893,0.6682686,0.5236,0.5236,0.0,0.0,0.1055632,0.009537903,0.9668556,1.2904733,-0.2122038,-0.11028999999999999,-0.18561,-0.01883,0.02152,0.00538,-0.5649,-0.23134,-0.03228,0.41426,-0.12104999999999999,0.1288135593220339,-1.0,-1.0,1.0,1.0,-0.9559322033898305,-1.0,-1.0,1.0,-1.0,1,1,1,1,1,1,1,1,1,1,1.0,1.0,-0.5094179754258449,-1.1660981064887113,-0.15162547876700738,3.25,0.52,7.0,-0.12145583,0.032660387,-0.99205935,-0.99323833,-0.11609291
5.9818,285,0.0030679617,0.19634955,1.115204,-1.9757673,0.5691069,0.5236,0.5236,0.0,0.0,0.04295146,0.035281558,1.0707186,1.3775147,-0.39423305,-0.3836932,2.0623507,1.8944851,0.26378906,1.918466,0.0,0.0,0.0,0.0,0.16786577,1.0791371,0.4796165,-2.3741016,1.8944851,0.016457535,0.6712205,1.1171305,-0.9365745,-0.41770875,0.49471733,0.93385834,-0.16435124,-0.20561312,0.33758846,-0.04072524,0.22846505,-1.2625564,1.9188428,0.0010143837,0.18850511,1.1744826,-1.8034437,0.6399728,0.5236,0.5236,0.0,0.0,0.08069711,-0.020581309,0.9886163,1.2843609,-0.2590893,-0.16409,0.44923,-0.30396999999999996,0.01345,-0.01883,-0.25555,-0.45999,-0.03497,0.20175,-0.00269,0.4011299435028249,0.7785310734463277,-0.8790960451977401,1.0,-0.3107344632768362,-0.7005649717514124,-0.9480225988700565,-1.0,0.8621468926553673,-1.0,1,1,1,1,1,1,1,1,1,1,1.0,1.0,-0.6719517620178169,0.02617993877991494,0.062177354602297986,2.04,-2.28,5.7,-0.13366227,0.051016133,-0.98971295,-0.9396926,-0.34202015
6.0022,286,-0.012271847,0.23316509,1.1658254,-1.9450877,0.6335341,0.5236,0.5236,0.0,0.0,0.08283496,0.032213595,1.0446409,1.3284273,-0.33133984,-0.8633097,2.7098331,1.7506001,0.7913672,2.7577949,0.0,0.0,0.0,0.0,0.7913672,0.8633097,0.04796165,-2.6139097,2.4700248,0.094904825,0.4931602,1.1267178,-0.93242425,-0.3597644,0.5721873,1.0038073,-0.16099823,-0.20699933,0.37457356,-0.048429094,0.14181298,-1.5062759,1.8687515,0.020626206,0.14399004,1.1768794,-1.8024061,0.65445894,0.5236,0.5236,0.0,0.0,0.08994339,-0.022507273,0.9669533,1.2234311,-0.2716121,-0.82852,0.10222,0.19906000000000001,-0.11835999999999999,-0.50572,0.85811,-0.47075,0.061869999999999994,0.00807,0.40081,0.1288135593220339,1.0,0.9966101694915255,1.0,-0.5706214689265536,-0.15706214689265538,-0.47344632768361583,0.5706214689265536,1.0,0.5050847457627119,1,1,1,1,1,1,1,1,1,1,1.0,1.0,-1.0275625971116615,0.4134248665661568,-0.28252517266658206,1.08,-0.46,8.02,-0.1255112,0.067347474,-0.9898037,-0.8354878,-0.549509
6.0221,287,-0.007669904,0.239301,1.1873012,-1.9420197,0.65194184,0.5236,0.5236,0.0,0.0,0.09203885,0.02147573,1.040039,1.2962137,-0.29299033,-0.7673864,2.4940057,1.6546768,1.1510795,2.9016798,0.0,0.0,0.0,0.0,1.1750604,0.35971236,-0.33573154,-2.5419674,2.8057563,0.1068789,0.36111835,1.1828275,-0.80166656,-0.46065608,0.65560776,1.059104,-0.09466255,-0.17849326,0.410593,-0.08491481,-0.056865267,-1.9181588,1.7857522,0.023619724,0.11097959,1.1909069,-1.7697167,0.629236,0.5236,0.5236,0.0,0.0,0.09894825,-0.0316287,0.9172837,1.1270311,-0.29236194,-0.23134,0.06456,0.01614,0.1076,0.0,-0.52724,-0.22326999999999997,-0.03497,0.43309,0.11298,0.24632768361581922,1.0,0.16045197740112993,1.0,1.0,-0.7457627118644068,0.04406779661016949,-1.0,1.0,0.8011299435028248,1,1,1,1,1,1,1,1,1,1,1.0,1.0,-1.490074848890159,0.11890055529211369,-0.5803219762881145,3.47,-4.71,13.45,-0.12350522,0.08063564,-0.98906237,-0.6862416,-0.72737366
6.0422,288,0.010737865,0.22089323,1.1903691,-1.9481556,0.66574764,0.5236,0.5236,0.0,0.0,0.09664079,0.015339808,1.0415729,1.2624662,-0.28071848,-0.3117507,1.6546768,1.5587536,0.8872905,2.302159,0.0,0.0,0.0,0.0,1.1750604,-0.07194247,-0.5035973,-2.2541974,2.5419674,0.15362203,0.31769362,0.9988385,-0.5597422,-0.4996412,0.5842562,1.0636066,-0.102467656,-0.13371217,0.29911488,-0.10178781,-0.16324809,-2.2653012,1.4583987,0.035305507,0.100123405,1.1449096,-1.7092357,0.6194897,0.5236,0.5236,0.0,0.0,0.07107872,-0.035846952,0.890688,1.0336747,-0.3742003,0.17754,0.7854800000000001,-0.00538,0.01614,-0.11028999999999999,-0.3766,-0.1345,-0.00807,0.56759,0.01614,0.22824858757062147,0.9062146892655367,-0.9514124293785311,1.0,-1.0,-0.8112994350282486,-1.0,-1.0,1.0,1.0,1,1,1,1,1,1,1,1,1,1,1.0,1.0,-1.076649982324002,0.45814892864851153,-0.7384924397501007,-0.42,1.87,10.18,-0.11633955,0.11225746,-0.98684514,-0.5,-0.8660254
6.0621,289,0.01840777,0.18254371,1.1995729,-1.9527576,0.6688156,0.5236,0.5236,0.0,0.0,0.10277671,0.015339808,1.0431069,1.2149128,-0.2699806,0.0959233,0.3836932,1.1750604,0.43165484,1.5587536,0.0,0.0,0.0,0.0,0.8393288,-0.23980825,-0.35971236,-2.0143893,1.8465234,0.17906135,0.36629945,0.8703516,-0.18769373,-0.6116144,0.48137018,0.9558763,-0.019033587,-0.030979775,0.09141748,-0.17250413,-0.22285482,-2.336119,1.027332,0.041665338,0.11227486,1.112788,-1.6162235,0.5914964,0.5236,0.5236,0.0,0.0,0.01915437,-0.053526033,0.8757863,1.0159702,-0.4706003,-0.11835999999999999,0.47881999999999997,0.1076,0.08070000000000001,-0.01883,0.6590499999999999,-0.06725,-0.00538,0.30128,0.01076,-0.23728813559322035,0.6824858757062147,1.0,1.0,-1.0,0.9581920903954803,-1.0,-1.0,1.0,1.0,1,1,1,1,1,1,1,1,1,1,1.0,1.0,-0.3316125578789226,0.5475970528132209,-0.0545415391248228,0.63,-2.96,13.03,-0.113237835,0.11833863,-0.9864954,-0.28680325,-0.9579895
6.0820,290,0.03681554,0.14572817,1.1888351,-1.9573594,0.6718836,0.5236,0.5236,0.0,0.0,0.088970885,0.012271847,1.033903,1.1688933,-0.2638447,0.43165484,-0.6714631,0.551559,0.0,0.7913672,0.0,0.0,0.0,0.0,0.33573154,-0.21582742,-0.16786577,-1.9664276,1.103118,0.22127172,0.38557243,0.6537251,0.18602188,-0.7395067,0.36258525,0.7183066,0.06265703,-0.0091569275,-0.14351174,-0.21529585,-0.14100437,-2.1636965,0.5001095,0.05221793,0.11709311,1.0586313,-1.5227946,0.55952334,0.5236,0.5236,0.0,0.0,-0.039577935,-0.06422396,0.89624894,1.0590758,-0.5670003,0.27438,-0.15871000000000002,0.01076,0.029589999999999998,-0.0538,0.58911,-0.71823,-0.00538,0.07801000000000001,0.15871000000000002,-0.2994350282485876,-0.5525423728813559,1.0,1.0,-1.0,1.0,-0.4293785310734463,-1.0,1.0,1.0,1,1,1,1,1,1,1,1,1,1,1.0,1.0,0.19525871006686563,0.47232972882096547,0.35015668118136234,0.97,-1.62,11.41,-0.09696032,0.120434925,-0.9879747,-0.05814483,-0.9983082
6.1022,291,0.044485442,0.14266022,1.1612234,-1.9573594,0.6795535,0.5236,0.5236,0.0,0.0,0.05522331,-0.0015339808,1.0246992,1.1274759,-0.25464082,0.5995206,-1.1750604,0.023980824,-0.14388494,0.43165484,0.0,0.0,0.0,0.0,-0.14388494,-0.1918466,-0.14388494,-2.1103125,0.6235014,0.28229278,0.36647815,0.3047752,0.57351977,-0.7513231,0.15992485,0.35320297,0.117484644,-0.047176022,-0.38084465,-0.003825739,0.10182213,-1.6029629,-0.05763258,0.067473195,0.11231954,0.9713938,-1.4263946,0.5565692,0.5236,0.5236,0.0,0.0,-0.098911166,-0.011356435,0.95695555,1.1554759,-0.66340035,0.05649,0.18292,0.39005,0.00269,-0.04304,0.50034,-0.62946,0.0,-0.24209999999999998,0.14526,-0.29265536723163843,0.24519774011299436,0.8610169491525423,1.0,-1.0,0.751412429378531,-0.5615819209039548,-1.0,0.5322033898305085,1.0,1,1,1,1,1,1,1,1,1,1,1.0,1.0,-0.1407171709420428,0.5017821599483697,0.13308135546456762,-1.57,-0.61,9.61,-0.087738805,0.12242624,-0.9885918,0.17364818,-0.9848077
6.1220,292,0.05522331,0.13959225,1.1198059,-1.9604274,0.6826215,0.5236,0.5236,0.0,0.0,0.007669904,-0.013805827,1.0062914,1.1121361,-0.25157285,0.57553977,-1.0311754,-0.5275781,-0.14388494,0.26378906,0.0,0.0,0.0,0.0,-0.7673864,-0.3117507,-0.3117507,-2.0143893,0.43165484,0.19328573,0.33750254,-0.01571735,0.6821813,-0.9945961,-0.0058087315,0.026985683,0.11134729,-0.17728253,-0.45661938,0.4887563,0.37907243,-0.57878006,-0.34565717,0.045221433,0.105075635,0.8912707,-1.3987547,0.495751,0.5236,0.5236,0.0,0.0,-0.11785485,0.085043564,1.0262681,1.2518759,-0.7598004,-0.11298,0.22596,0.01883,0.00269,-0.01076,0.4035,0.01614,0.22596,-1.04103,0.00269,-0.07344632768361582,0.27570621468926554,1.0,1.0,-1.0,1.0,0.9480225988700565,0.40451977401129946,-0.4711864406779661,1.0,1,1,1,1,1,1,1,1,1,1,1.0,1.0,-0.6959500392327389,0.11235557059713495,0.3556108350938446,1.06,-4.34,7.62,-0.08266055,0.13164458,-0.9878446,0.39607978,-0.9182161
6.1420,293,0.06749515,0.13652429,1.0630487,-1.9650294,0.6841554,0.5236,0.5236,0.0,0.0,-0.049087387,-0.0015339808,0.98481566,1.1336118,-0.27458256,0.5995206,-0.6235014,-1.2949644,-0.11990412,0.21582742,0.0,0.0,0.0,0.0,-1.5347728,-0.35971236,-0.551559,-1.4388494,0.21582742,0.22213268,0.34008348,-0.11929576,0.71825546,-0.97972304,-0.18926935,-0.04711187,0.07588467,-0.16180067,-0.4092628,0.8537636,0.39873353,0.22170451,-0.41191655,0.05243317,0.10572087,0.86537606,-1.3897362,0.49946928,0.5236,0.5236,0.0,0.0,-0.106015705,0.18144357,1.0311834,1.3482759,-0.8417791,0.26362,0.0269,0.20982,0.04304,-0.01076,0.21251,0.90384,0.32280000000000003,-0.024210000000000002,0.00807,0.9615819209039548,1.0,1.0,1.0,-1.0,0.7887005649717514,0.9581920903954803,1.0,-1.0,1.0,1,1,1,1,1,1,1,1,1,1,1.0,1.0,-0.34579335805137656,0.10799224746714915,0.4439681284760576,2.08,-2.43,6.95,-0.07957638,0.1428294,-0.9865432,0.5971586,-0.8021232
6.1620,294,0.06442719,0.13345633,1.0001554,-1.9711653,0.6795535,0.5236,0.5236,0.0,0.0,-0.09664079,0.044485442,0.9756118,1.1903691,-0.32520393,0.45563567,-0.28776988,-2.0383701,-0.14388494,0.16786577,0.0,0.0,0.0,0.0,-2.1582742,0.0,-0.7194247,-0.35971236,-0.33573154,0.21255411,0.3459403,-0.11456056,0.56640697,-0.93699807,-0.2823694,-0.07683118,0.045436163,-0.098212056,-0.33828038,0.9720925,0.29610673,0.671331,-0.3858317,0.050038528,0.10718507,0.86655986,-1.4276984,0.5101505,0.5236,0.5236,0.0,0.0,-0.0882701,0.23262313,1.0055267,1.4446759,-0.8352579,0.24747999999999998,0.33625,0.25017,0.07263,-0.14257,-0.38198000000000004,0.21251,0.01614,-0.09146,0.20982,-0.023728813559322035,0.1672316384180791,1.0,1.0,-1.0,0.13333333333333333,1.0,1.0,-1.0,1.0,1,1,1,1,1,1,1,1,1,1,1.0,1.0,0.17671458676442586,0.39706240482870997,0.47451139038595835,0.42,-1.66,6.42,-0.07245298,0.14490595,-0.9867891,0.76604444,-0.64278764
6.1822,295,0.06442719,0.13192235,0.93572825,-1.9711653,0.6320001,0.5236,0.5236,0.0,0.0,-0.107378654,0.10584468,0.9878836,1.2593982,-0.38809714,0.3117507,-0.16786577,-2.5899289,-0.1918466,-0.1918466,0.0,0.0,0.0,0.0,-2.2302167,0.8872905,-0.6474822,1.0071946,-1.2470028,0.21137644,0.29519933,-0.026859228,0.19886054,-0.7219622,-0.29101992,-0.1375037,0.007459827,0.042948525,-0.2751062,0.81658995,-0.0035849959,0.8113031,-0.19172783,0.04974411,0.094499834,0.8884852,-1.5195849,0.5639095,0.5236,0.5236,0.0,0.0,-0.07247655,0.19374749,0.93060374,1.541076,-0.78673196,0.14795,0.31473,-0.20444,0.48689,-0.25555,-0.2152,0.12912,-0.37929,-0.00269,0.16678,0.09152542372881356,0.12768361581920903,0.8700564971751412,1.0,-1.0,0.09378531073446328,1.0,-0.05536723163841808,-1.0,1.0,1,1,1,1,1,1,1,1,1,1,1.0,1.0,0.681769239060285,0.8519388411297322,0.5803219762881145,-1.82,-1.97,7.28,-0.057169028,0.13475557,-0.9892283,0.89363265,-0.4487992
6.2022,296,0.05982525,0.13038836,0.8881749,-1.9450877,0.5798447,0.5236,0.5236,0.0,0.0,-0.10124273,0.17180584,1.0032234,1.3299613,-0.45252433,0.0959233,-0.11990412,-2.853718,-0.023980824,-0.8872905,0.0,0.0,0.0,0.0,-1.6786577,1.9424467,-0.21582742,2.2541974,-2.182255,0.20154011,0.12939824,0.23011112,-0.2698099,-0.62621015,-0.27690464,-0.27340597,-0.049984824,0.05886497,-0.11987472,0.71025676,-0.24635199,0.63682324,0.271271,0.047285028,0.05304956,0.9527278,-1.6159849,0.5878475,0.5236,0.5236,0.0,0.0,-0.033668682,0.16716419,0.869912,1.637476,-0.69033194,0.11567,0.23134,-1.01413,-0.07263,0.76127,-0.12912,-1.0491,-0.0269,-0.00269,-0.13988,0.17966101694915254,0.25536723163841807,-0.519774011299435,1.0,0.4666666666666667,0.04745762711864407,0.2655367231638418,-1.0,-1.0,1.0,1,1,1,1,1,1,1,1,1,1,1.0,1.0,1.5195272800175632,0.8115781021773631,0.4134248665661568,-2.66,0.21,9.38,-0.03981045,0.109223545,-0.9932196,0.9730449,-0.23061587
6.2223,297,0.047553405,0.1196505,0.878971,-1.9389517,0.5660389,0.5236,0.5236,0.0,0.0,-0.08590292,0.19481556,0.9894176,1.4035925,-0.50928164,-0.07194247,-0.14388494,-2.5899289,0.26378906,-1.4628303,0.0,0.0,0.0,0.0,-0.7434055,2.4700248,0.11990412,2.997603,-2.7577949,0.01879273,-0.043172352,0.3985223,-0.5712622,-0.38964504,-0.090192504,-0.296646,-0.17002547,-0.1738764,-0.010332141,0.722167,-0.17187084,0.3820708,0.38302916,0.0015981824,0.009906912,0.9948306,-1.7121156,0.64698875,0.5236,0.5236,0.0,0.0,-0.0062830355,0.17014176,0.8885323,1.6955178,-0.6430427,-0.19099000000000002,0.04304,-0.8339,0.00269,0.01076,-0.7532,-0.41157,-0.024210000000000002,-0.01614,-0.28245,-0.1943502824858757,1.0,-0.831638418079096,1.0,1.0,-0.5819209039548022,-0.22937853107344633,-1.0,-1.0,1.0,1,1,1,1,1,1,1,1,1,1,1.0,1.0,2.2427480888127134,0.3392483733563978,0.8159414253073491,-0.69,-3.22,10.21,-0.028578317,0.06940448,-0.99717915,1.0,0.0
6.2421,298,0.04295146,0.09664079,0.90811664,-1.9450877,0.57217485,0.5236,0.5236,0.0,0.0,-0.05982525,0.19481556,0.96947587,1.4802915,-0.5645049,-0.1918466,-0.28776988,-1.7026385,0.407674,-1.5107919,0.0,0.0,0.0,0.0,0.07194247,2.1342933,0.04796165,3.3812962,-2.9016798,0.050714955,-0.023907967,0.41105983,-0.55815274,-0.33325395,-0.05283109,-0.33738178,-0.15689975,-0.34966984,0.062271316,0.61804,-0.17487776,0.29960272,0.37252712,0.009578738,0.0147230085,0.997965,-1.7088382,0.66108656,0.5236,0.5236,0.0,0.0,0.011867829,0.14411001,0.88778055,1.6749007,-0.6456682,0.37122,0.79355,-0.01614,0.10491,0.00538,-0.04304,-0.30396999999999996,0.0269,-0.01883,-0.00538,0.4090395480225989,1.0,-1.0,1.0,1.0,-0.9480225988700565,-0.0519774011299435,-0.584180790960452,-1.0,-0.8372881355932204,1,1,1,1,1,1,1,1,1,1,1.0,1.0,2.698715355896232,-0.03490658503988659,0.6174102228929941,1.82,1.97,7.22,-0.027535928,0.018357286,-0.99945223,0.9730449,0.23061587
6.2625,299,0.01840777,0.06289321,0.9526021,-1.9512236,0.60285443,0.5236,0.5236,0.0,0.0,-0.027611654,0.19481556,0.9387962,1.5569905,-0.6059224,-0.407674,-0.6474822,-0.35971236,0.26378906,-0.7434055,0.0,0.0,0.0,0.0,0.69544387,1.3429261,-0.3836932,3.5971236,-2.8057563,0.08606879,-0.0007225126,0.50710064,-0.5612057,-0.400237,-0.19930023,-0.38186437,-0.14244242,-0.4283965,0.14669311,0.34815583,-0.25137898,0.32001784,0.41264093,0.018417196,0.020519372,1.0219752,-1.7096015,0.64434075,0.5236,0.5236,0.0,0.0,0.03297328,0.07663896,0.86865526,1.6800045,-0.6356398,-0.41964,0.12373999999999999,-0.01883,0.04573,0.00269,-0.23671999999999999,-0.45461,-0.00269,0.6482899999999999,0.44653999999999994,0.28361581920903955,0.6067796610169491,-0.7570621468926554,1.0,1.0,-0.2033898305084746,-0.327683615819209,-1.0,-1.0,0.9966101694915255,1,1,1,1,1,1,1,1,1,1,1.0,1.0,1.4562590946327687,0.40797071265367457,-0.04472406208235469,-1.0,-2.54,11.12,-0.022441037,-0.01428066,-0.9996462,0.89363265,0.4487992
6.2991,300,0.009203885,0.052155346,0.98481566,-1.9542916,0.6427379,0.5236,0.5236,0.0,0.0,-0.0015339808,0.19328158,0.9249904,1.6244856,-0.63660204,-0.6235014,-0.959233,0.8393288,-0.023980824,0.28776988,0.0,0.0,0.0,0.0,1.0791371,0.5275781,-0.91127133,3.6930468,-2.5179865,0.04010813,0.14382598,0.4568665,-0.38082704,-0.59194785,-0.1466575,-0.3050463,-0.123199955,-0.5453725,0.15695117,0.16098669,-0.25621274,0.28122407,0.5312376,0.006927032,0.056656495,1.0094166,-1.6645068,0.5964131,0.5236,0.5236,0.0,0.0,0.035537794,0.029846672,0.86744684,1.6703061,-0.6059906,-0.024210000000000002,0.11567,-0.00269,0.01614,-0.01076,-0.12104999999999999,-1.1271099999999998,-0.00807,0.17754,-0.25555,-0.20564971751412428,0.08022598870056497,-1.0,1.0,-1.0,-0.12655367231638417,-1.0,-1.0,-0.8372881355932204,-0.33220338983050846,1,1,1,1,1,1,1,1,1,1,1.0,1.0,1.2860894925633215,-0.08726646259971647,-0.3316125578789226,-0.7,-4.13,10.86,-0.020405084,-0.04387093,-0.9988288,0.76604444,0.64278764
6.3163,301,0.012271847,0.050621364,1.0200973,-1.9542916,0.6565438,0.5236,0.5236,0.0,0.0,0.026077673,0.14879614,0.9142526,1.6858449,-0.6458059,-0.4796165,-0.7913672,1.5107919,-0.14388494,1.1750604,0.0,0.0,0.0,0.0,1.2470028,-0.28776988,-0.815348,3.2374113,-1.5347728,0.07292218,0.1792382,0.4474215,-0.31756404,-0.6147116,-0.23169363,-0.26864377,-0.13121995,-0.59839517,0.113113046,-0.0012005568,-0.29097408,0.23056723,0.4719792,0.015130544,0.06550955,1.0070554,-1.648691,0.59072214,0.5236,0.5236,0.0,0.0,0.024578262,-0.010700139,0.8587565,1.6576419,-0.6208052,0.7478199999999999,-0.01345,0.12104999999999999,0.43577999999999995,0.08070000000000001,-0.01614,-0.74244,-0.14526,0.36046,-0.09684000000000001,0.9186440677966101,-1.0,1.0,1.0,-1.0,-0.392090395480226,-1.0,-0.8700564971751412,1.0,-1.0,1,1,1,1,1,1,1,1,1,1,1.0,1.0,0.2672535417116317,0.5126904677733343,-0.8857545953871222,2.3,2.52,10.05,-0.014289218,-0.05817753,-0.99820393,0.5971586,0.8021232
6.3380,302,0.007669904,0.06442719,1.0185633,-1.9558254,0.6473399,0.5236,0.5236,0.0,0.0,0.033747576,0.111980595,0.9188545,1.6873789,-0.6427379,-0.23980825,-0.3117507,1.1510795,-0.04796165,0.8872905,0.0,0.0,0.0,0.0,0.9832138,-0.7913672,-0.4796165,2.3501208,-0.7913672,-0.012075774,0.1950035,0.4371409,-0.21661125,-0.7323532,-0.19741137,-0.18274595,-0.08051379,-0.6064231,0.084589005,-0.09861822,-0.2897108,0.19838795,0.47155285,-0.006118944,0.06945087,1.0044852,-1.6234529,0.5613117,0.5236,0.5236,0.0,0.0,0.017447252,-0.035054553,0.8590723,1.649597,-0.6209118,-0.00538,0.08877,0.05649,0.03766,-0.00269,0.18023,-0.6348400000000001,-0.01076,0.7478199999999999,0.00269,-0.2327683615819209,-0.07344632768361582,-0.28135593220338984,1.0,-1.0,-0.02824858757062147,-0.9209039548022598,-1.0,0.5819209039548022,0.21581920903954802,1,1,1,1,1,1,1,1,1,1,1.0,1.0,-0.5475970528132209,0.7886706557449377,-0.6610434541928523,-1.84,0.57,11.9,-0.0,-0.05100604,-0.9986983,0.39607978,0.9182161
6.3560,303,0.015339808,0.07669904,1.0154953,-1.9542916,0.62433016,0.5236,0.5236,0.0,0.0,0.027611654,0.070563115,0.9127186,1.681243,-0.64120394,-0.04796165,0.0959233,0.7194247,-0.023980824,0.21582742,0.0,0.0,0.0,0.0,0.6714631,-1.2949644,-0.23980825,1.3908877,-0.28776988,0.0040969327,0.02793967,0.39776272,0.08477759,-0.81043285,-0.18387614,-0.09498127,0.008064423,-0.63024205,0.03947528,-0.25743514,-0.2586613,0.21990639,0.49783188,-0.002075767,0.027684918,0.9946407,-1.5481057,0.5417918,0.5236,0.5236,0.0,0.0,0.00616882,-0.07475878,0.8668347,1.6549766,-0.61434203,0.9495699999999999,-0.07801000000000001,0.0269,0.14526,-0.03228,0.11298,-0.5191699999999999,-0.13988,0.08339,-0.05111,0.3638418079096045,0.031638418079096044,0.15141242937853108,1.0,-1.0,0.9355932203389831,-1.0,-0.6519774011299435,1.0,-0.26101694915254237,1,1,1,1,1,1,1,1,1,1,1.0,1.0,-0.8312130562622994,0.7428557628800865,-0.832303887044796,-0.77,2.54,10.5,0.016330594,-0.035723176,-0.9992283,0.17364818,0.9848077
6.3763,304,0.0046019424,0.084368944,1.0139613,-1.9558254,0.60132045,0.5236,0.5236,0.0,0.0,0.01994175,0.032213595,0.8989127,1.676641,-0.63967,-0.04796165,0.3836932,0.26378906,0.0,-0.407674,0.0,0.0,0.0,0.0,0.23980825,-1.6546768,-0.26378906,0.5035973,-0.023980824,-0.08479816,-0.15875041,0.34400824,0.39343882,-0.91168,-0.17018126,-0.020277137,0.0893282,-0.60768664,-0.07965935,-0.2912503,-0.17893077,0.13744286,0.5353042,-0.02429954,-0.018987603,0.98120207,-1.4709404,0.51648,0.5236,0.5236,0.0,0.0,-0.023614837,-0.08321257,0.8867673,1.6343608,-0.6049739,-0.0269,0.03228,0.6456000000000001,0.00269,-0.00538,0.5971799999999999,-0.7370599999999999,0.0,-0.01614,-0.01076,0.03615819209039548,1.0,0.5694915254237288,1.0,-1.0,0.4384180790960452,-0.7050847457627119,0.576271186440678,0.10056497175141244,-1.0,1,1,1,1,1,1,1,1,1,1,1.0,1.0,-0.9981101659842572,0.5355979142057599,-0.25416357232167425,-1.0,0.67,10.06,0.027536904,-0.016318165,-0.99948764,-0.05814483,0.9983082
6.4003,305,-0.0015339808,0.075165056,1.0124273,-1.9604274,0.5752428,0.5236,0.5236,0.0,0.0,0.012271847,-0.007669904,0.89277685,1.672039,-0.63660204,-0.07194247,0.3836932,0.0,-0.023980824,-0.8872905,0.0,0.0,0.0,0.0,-0.0959233,-1.8944851,-0.3117507,0.0,0.04796165,-0.045638666,-0.2554702,0.43863216,0.48228684,-0.8894098,-0.10303733,0.04570464,0.14788836,-0.55589354,-0.16011232,-0.22615477,-0.09885601,-0.04265754,0.66620487,-0.014509667,-0.043167546,1.004858,-1.4487283,0.5220476,0.5236,0.5236,0.0,0.0,-0.04372808,-0.06693869,0.906786,1.5893357,-0.57224876,-0.01614,0.00269,0.76127,0.03497,-0.00538,0.36852999999999997,-0.54876,0.0,0.32549,-0.00538,0.34011299435028247,1.0,0.423728813559322,1.0,-1.0,0.4463276836158192,-0.8757062146892656,0.592090395480226,0.1807909604519774,-1.0,1,1,1,1,1,1,1,1,1,1,1.0,1.0,-0.9250245035569946,0.17889624832941875,0.16471544815696484,-0.28,-1.5,10.02,0.032635648,0.001019864,-0.99946684,-0.28680325,0.9579895
6.4162,306,-0.012271847,0.05675729,1.0062914,-1.9650294,0.5660389,0.5236,0.5236,0.0,0.0,-0.0015339808,-0.024543693,0.89584476,1.6628351,-0.63660204,-0.21582742,0.11990412,-0.07194247,-0.07194247,-1.0071946,0.0,0.0,0.0,0.0,-0.28776988,-1.8225427,-0.35971236,-0.16786577,0.04796165,0.14594498,-0.22820404,0.7093141,0.15814176,-0.5947926,-0.12411901,0.03140069,0.16111356,-0.3896058,-0.2244239,-0.10966983,-0.16788742,-0.268444,0.8245255,0.033386245,-0.03635101,1.0725286,-1.5297647,0.5957019,0.5236,0.5236,0.0,0.0,-0.059805974,-0.037817456,0.88952816,1.532889,-0.5326686,-0.1076,0.57297,0.13181,0.07532,-0.23671999999999999,0.22865,-0.28514,-0.00538,0.10491,-0.2959,0.15593220338983052,0.8519774011299435,-1.0,1.0,-0.5661016949152542,1.0,0.9954802259887006,-1.0,0.096045197740113,-0.3943502824858757,1,1,1,1,1,1,1,1,1,1,1.0,1.0,-0.6566801310628665,0.25089107997418486,-0.12544553998709243,-1.81,0.07,10.8,0.036743075,0.015309615,-0.9992075,-0.5,0.8660254
6.4405,307,-0.0061359233,0.013805827,1.0139613,-1.9726993,0.55990297,0.5236,0.5236,0.0,0.0,-0.026077673,-0.023009712,0.9019807,1.6306216,-0.6227962,-0.26378906,-0.5275781,-0.07194247,-0.1918466,-0.8393288,0.0,0.0,0.0,0.0,-0.5275781,-1.3429261,-0.16786577,-0.407674,0.0959233,0.18428965,0.10226846,0.95508367,-0.5205263,-0.5459351,-0.05693373,-0.045445092,0.1026919,-0.1916585,-0.19651085,0.0067750886,-0.25182176,-0.50786924,1.0191547,0.042972412,0.046267115,1.133971,-1.6261647,0.60791624,0.5236,0.5236,0.0,0.0,-0.052827712,-0.008706228,0.8685446,1.4730327,-0.48401132,-0.40888,0.30396999999999996,-0.42771,0.07532,0.0,-0.07263,-0.05649,-0.03228,0.55145,-0.00538,-0.6497175141242938,0.3615819209039548,-0.5062146892655367,1.0,1.0,0.4610169491525424,-0.7887005649717514,-1.0,0.7638418079096045,-1.0,1,1,1,1,1,1,1,1,1,1,1.0,1.0,-0.4919646829059017,-0.062177354602297986,0.1778054175469223,-0.88,-1.97,10.49,0.037755378,0.024489973,-0.99898684,-0.6862416,0.72737366
6.4562,308,0.013805827,-0.0030679617,1.033903,-1.9742333,0.56297094,0.5236,0.5236,0.0,0.0,-0.04141748,-0.016873788,0.90811664,1.596874,-0.6089904,-0.0959233,-0.91127133,0.04796165,-0.21582742,-0.6235014,0.0,0.0,0.0,0.0,-0.6714631,-0.8633097,0.0,-0.7194247,0.21582742,0.0587869,0.6035732,0.6976635,-1.019279,-0.4404522,0.023489127,-0.062498353,-0.082659006,-0.12219401,-0.20650166,0.14306316,-0.09697837,-0.55888754,1.2034986,0.011596724,0.14266711,1.0696158,-1.7225647,0.634287,0.5236,0.5236,0.0,0.0,-0.055325415,0.025365788,0.9072554,1.4602782,-0.43792534,0.01076,-0.048420000000000005,-0.0538,0.01614,0.41695,-0.18023,-0.31473,-0.029589999999999998,0.23940999999999998,-0.44115999999999994,-0.36836158192090396,0.47344632768361583,-0.6689265536723163,1.0,0.2271186440677966,-0.7435028248587571,1.0,-1.0,0.5649717514124294,-0.7627118644067796,1,1,1,1,1,1,1,1,1,1,1.0,1.0,0.16144295580947549,-0.33052172709642613,0.284706834231575,-0.06,0.33,9.86,0.032659166,0.024494374,-0.99916637,-0.8354878,0.549509
6.4761,309,0.035281558,0.0061359233,1.0799224,-1.9773012,0.58598065,0.5236,0.5236,0.0,0.0,-0.046019424,0.0015339808,0.9142526,1.5508546,-0.57217485,0.28776988,-1.0551562,0.4796165,-0.21582742,-0.14388494,0.0,0.0,0.0,0.0,-0.7673864,-0.23980825,0.1918466,-1.2470028,0.551559,0.071198605,0.9192585,0.54556704,-1.0043024,-0.30536118,0.15100464,0.06571972,-0.16790478,-0.07847248,-0.12172128,0.19487092,0.06970114,-0.46466082,1.3908793,0.014699651,0.2390671,1.0315918,-1.8189647,0.6680597,0.5236,0.5236,0.0,0.0,-0.03413032,0.03831773,0.9489253,1.4838349,-0.39108017,0.68326,-0.5918,0.00538,0.0,0.00269,0.14795,0.01076,0.0,0.12373999999999999,-0.00807,0.32655367231638416,-1.0,1.0,1.0,1.0,0.6180790960451977,-0.20903954802259886,0.6497175141242938,1.0,-1.0,1,1,1,1,1,1,1,1,1,1,1.0,1.0,0.3752457891787808,-0.8203047484373349,0.26398104936414235,1.21,2.68,8.7,0.018361155,0.018361155,-0.9996628,-0.9396926,0.34202015
6.5004,310,0.029145636,0.07363108,1.0952623,-1.9696313,0.61972827,0.5236,0.5236,0.0,0.0,-0.053689327,0.032213595,0.92192245,1.5048351,-0.5123496,0.5995206,-0.21582742,1.0791371,-0.14388494,0.43165484,0.0,0.0,0.0,0.0,-0.6474822,0.4796165,0.3117507,-1.8225427,1.1990412,0.14702375,0.95658994,0.6954183,-0.9365181,-0.16960317,0.28071693,0.3205754,-0.15548213,-0.12955885,0.066513896,0.09540962,0.13995722,-0.4700467,1.4708719,0.033655938,0.2598475,1.0690546,-1.8034296,0.70199925,0.5236,0.5236,0.0,0.0,0.012928474,0.013452404,0.9664893,1.4824884,-0.371082,-0.08070000000000001,-0.32280000000000003,0.66174,0.0,0.00269,-0.23671999999999999,-0.11298,0.0,-0.11028999999999999,-0.12373999999999999,-0.12316384180790961,-1.0,0.5141242937853108,1.0,1.0,-0.37966101694915255,0.06666666666666667,1.0,0.1152542372881356,-1.0,1,1,1,1,1,1,1,1,1,1,1.0,1.0,-0.36433748135381633,-1.0013826583317464,0.11671889372712078,1.64,-1.64,9.26,-0.0,0.021423653,-0.99977046,-0.99323833,0.11609291
6.5165,311,0.026077673,0.12578642,1.0707186,-1.9573594,0.6458059,0.5236,0.5236,0.0,0.0,-0.044485442,0.04141748,0.9341943,1.4940972,-0.46786413,0.4796165,0.7673864,1.0311754,0.0,0.8633097,0.0,0.0,0.0,0.0,-0.43165484,0.7434055,0.33573154,-1.8944851,1.6786577,0.07059252,0.9222782,0.67942786,-0.91436625,-0.27482373,0.29106528,0.51736546,-0.13800451,-0.18159561,0.16081724,0.052286487,0.22922233,-0.4880123,1.5572656,0.01454813,0.25126955,1.065057,-1.7978916,0.6756941,0.5236,0.5236,0.0,0.0,0.03650431,0.0026716217,0.9888056,1.477997,-0.34948358,-0.07263,-0.19906000000000001,-0.06725,0.6482899999999999,-0.13181,-0.23134,-0.62946,0.27976,0.14795,-0.11028999999999999,0.08926553672316384,-1.0,0.43050847457627117,1.0,1.0,-0.9129943502824859,-0.8711864406779661,1.0,0.29152542372881357,-0.8338983050847457,1,1,1,1,1,1,1,1,1,1,1.0,1.0,-0.5028729907308662,-0.9206611804270088,0.019634954084936207,0.1,1.07,7.52,-0.018355655,0.030592758,-0.99936336,-0.99323833,-0.11609291
6.5403,312,0.029145636,0.20708741,1.0553788,-1.912874,0.6856894,0.5236,0.5236,0.0,0.0,-0.0061359233,0.033747576,0.9633399,1.4848934,-0.40957287,0.14388494,2.1342933,0.28776988,0.4796165,1.2470028,0.0,0.0,0.0,0.0,0.0959233,0.7434055,0.5275781,-1.486811,2.2781782,0.24188146,0.7305973,0.34974164,-1.0639464,-0.08038498,0.28443977,0.73351234,-0.32229552,-0.33980566,0.21038242,-0.096882276,0.43299675,-0.44546053,1.4284422,0.057370365,0.20334932,0.98263544,-1.8352866,0.7243038,0.5236,0.5236,0.0,0.0,0.048895605,-0.03462057,1.0397491,1.488635,-0.38168943,0.19368000000000002,-0.00807,-0.1076,0.00269,-0.87425,0.12643,-0.35239,-0.12104999999999999,0.12643,-0.26631,0.13559322033898305,-0.40451977401129946,-0.02711864406779661,1.0,-0.992090395480226,-0.5016949152542373,-0.3581920903954802,-0.006779661016949152,0.15932203389830507,-0.8757062146892656,1,1,1,1,1,1,1,1,1,1,1.0,1.0,-0.8006697943523987,0.32179508083645453,-0.5279620987282847,-0.38,-0.69,6.82,-0.02855606,0.04793339,-0.99844223,-0.9396926,-0.34202015
6.5580,313,0.02147573,0.239301,1.0630487,-1.8760585,0.69182533,0.5236,0.5236,0.0,0.0,0.02147573,0.032213595,0.98634964,1.4848934,-0.38196123,-0.023980824,2.6618714,-0.16786577,1.0071946,1.366907,0.0,0.0,0.0,0.0,0.5995206,0.4796165,0.7673864,-1.0071946,2.3980825,0.28096265,0.5983567,0.2941922,-0.93652326,0.04373642,0.40290806,0.8458805,-0.3516846,-0.2908934,0.34177634,-0.011814281,0.40010425,-0.65758514,1.583449,0.06714066,0.17028919,0.9687481,-1.8034309,0.75533414,0.5236,0.5236,0.0,0.0,0.08174408,-0.01335357,1.0315261,1.4356037,-0.34293774,-0.6348400000000001,0.80162,0.30934999999999996,-0.08070000000000001,0.19906000000000001,-0.25555,-0.73437,-0.03497,-0.21788999999999997,0.10491,-1.0,1.0,1.0,-1.0,1.0,-1.0,-1.0,1.0,-0.9389830508474576,1.0,1,1,1,1,1,1,1,1,1,1,1.0,1.0,-0.6555893002803701,0.39269908169872414,-0.4461497900410505,-0.88,-0.21,7.26,-0.021425826,0.062236927,-0.99783134,-0.8354878,-0.549509
6.5781,314,0.03834952,0.25003886,1.0415729,-1.8653207,0.7025632,0.5236,0.5236,0.0,0.0,0.044485442,0.016873788,1.0200973,1.4925632,-0.38042724,0.0,2.5419674,-0.43165484,1.4148686,1.1750604,0.0,0.0,0.0,0.0,1.0791371,0.023980824,1.103118,-0.45563567,2.0623507,0.22994691,0.5272458,0.49988958,-0.817693,-0.12401593,0.6004641,0.9524138,-0.2971874,-0.24156712,0.51433164,-0.001209259,0.21651405,-1.208465,1.8625938,0.054386728,0.15251145,1.0201724,-1.7737234,0.7133961,0.5236,0.5236,0.0,0.0,0.12488291,-0.010702315,0.98562855,1.3392037,-0.27315155,-0.08608,0.09953000000000001,0.03497,0.00269,0.01883,-0.55683,0.040350000000000004,-0.48957999999999996,0.85273,-0.10222,-0.14463276836158193,1.0,0.9231638418079096,1.0,1.0,-0.8214689265536723,1.0,-0.5581920903954802,0.7084745762711865,-1.0,1,1,1,1,1,1,1,1,1,1,1.0,1.0,-0.890117918517108,-0.394880743263717,-0.49414634447089456,1.2,-1.53,14.71,-0.025501138,0.07854351,-0.99658453,-0.6862416,-0.72737366
6.6000,315,0.05675729,0.2316311,1.0108933,-1.8699226,0.74091274,0.5236,0.5236,0.0,0.0,0.07669904,0.01840777,1.0415729,1.4710876,-0.3742913,0.26378906,1.630696,-0.5275781,1.2470028,1.0311754,0.0,0.0,0.0,0.0,1.3908877,-0.23980825,1.3189453,-0.1918466,1.2470028,0.1948336,0.45247337,0.45680335,-0.59340364,-0.19788006,0.573046,0.9776325,-0.30211863,-0.18198144,0.52323824,0.1124892,0.11731402,-1.6777111,1.8471018,0.0456084,0.13381834,1.0094008,-1.717651,0.69493,0.5236,0.5236,0.0,0.0,0.12710956,0.017722301,0.96082854,1.2428037,-0.27702454,0.048420000000000005,0.23671999999999999,-0.70478,0.01883,-0.00538,-0.10491,-0.33625,-0.18023,0.74244,-0.00538,0.022598870056497175,0.280225988700565,-0.5050847457627119,1.0,-1.0,-0.5457627118644067,-0.10508474576271186,-1.0,0.9830508474576272,-1.0,1,1,1,1,1,1,1,1,1,1,1.0,1.0,0.13853550937704992,-0.16798794050445423,-0.4254240051736178,-0.85,-4.18,12.14,-0.0367246,0.08569073,-0.99564475,-0.5,-0.8660254
6.6182,316,0.052155346,0.20401944,1.0139613,-1.8729905,0.7562525,0.5236,0.5236,0.0,0.0,0.10277671,0.01840777,1.0507768,1.4327381,-0.36968938,0.35971236,0.5995206,-0.6235014,0.7673864,1.0071946,0.0,0.0,0.0,0.0,1.366907,-0.21582742,1.223022,-0.3836932,0.7194247,0.1581057,0.4074234,0.5116649,-0.26097003,-0.45946336,0.48351666,0.94902307,-0.2131276,-0.051858727,0.39307263,0.054193944,0.007781364,-2.000478,1.5916961,0.036426425,0.12255585,1.0231162,-1.6345426,0.6295342,0.5236,0.5236,0.0,0.0,0.094568156,0.003148486,0.93344533,1.1464037,-0.34087595,0.40081,0.5111,0.11567,0.00538,-0.01345,-0.41426,0.25824,-0.13988,0.38198000000000004,-0.19368000000000002,0.7423728813559322,1.0,1.0,1.0,-1.0,-0.9152542372881356,1.0,-1.0,1.0,-0.48926553672316386,1,1,1,1,1,1,1,1,1,1,1.0,1.0,0.48651052899341934,0.06872233929727672,0.3436116964863836,-1.03,-2.19,12.54,-0.037762396,0.07960721,-0.9961108,-0.28680325,-0.9579895
6.6399,317,0.047553405,0.16106798,1.0170293,-1.8714565,0.74091274,0.5236,0.5236,0.0,0.0,0.124252446,0.033747576,1.0599808,1.3683108,-0.33287382,0.33573154,-0.5995206,-0.5995206,0.14388494,0.8872905,0.0,0.0,0.0,0.0,1.366907,0.0,0.93525213,-1.1510795,0.5275781,0.12102108,0.39819583,0.6127873,0.06227379,-0.7350074,0.45595473,0.8569767,-0.037279844,0.005629614,0.21928157,-0.04765757,0.021242417,-2.0909626,1.264373,0.027155269,0.12024896,1.0483968,-1.5537316,0.5606482,0.5236,0.5236,0.0,0.0,0.051120393,-0.022314392,0.9368106,1.0772593,-0.42270675,0.08339,0.269,-0.11298,0.00269,-0.00269,0.20982,-0.80431,-0.0538,0.39812000000000003,0.32011,0.2824858757062147,0.45084745762711864,0.0327683615819209,1.0,-1.0,0.31864406779661014,-0.1288135593220339,-1.0,1.0,0.8361581920903954,1,1,1,1,1,1,1,1,1,1,1.0,1.0,0.5846852994181003,-0.20507618710933373,0.7646723785300157,0.78,1.56,11.78,-0.037763085,0.065319926,-0.9971496,-0.05814483,-0.9983082
6.6579,318,0.03681554,0.14112623,1.0246992,-1.8714565,0.7071651,0.5236,0.5236,0.0,0.0,0.11504856,0.033747576,1.0569128,1.3238255,-0.32366994,0.04796165,-1.1510795,-0.28776988,0.0,0.45563567,0.0,0.0,0.0,0.0,1.1270987,0.14388494,0.6235014,-1.7985618,0.7194247,0.20871991,0.41481468,0.40481204,0.43795893,-0.862783,0.357701,0.6319536,0.029170427,0.00731951,-0.07962202,-0.116097234,0.16185561,-1.88979,0.65124726,0.049079977,0.12440367,0.99640304,-1.4598104,0.5287043,0.5236,0.5236,0.0,0.0,-0.023605505,-0.039424308,0.97196394,1.1275525,-0.51910675,0.53262,0.32549,-0.09146,0.00538,-0.09684000000000001,0.28783,-0.3497,-0.03497,0.46537,0.09953000000000001,0.5129943502824859,0.4971751412429379,-1.0,1.0,-1.0,0.9412429378531073,-1.0,-1.0,1.0,1.0,1,1,1,1,1,1,1,1,1,1,1.0,1.0,0.5345070834232634,-0.1734420944169365,0.519235452468313,-0.35,-1.36,11.08,-0.040803585,0.05508484,-0.9976476,0.17364818,-0.9848077
6.6779,319,0.030679615,0.13038836,1.038505,-1.8729905,0.6580778,0.5236,0.5236,0.0,0.0,0.08283496,0.030679615,1.0461749,1.277806,-0.31600004,-0.23980825,-1.2949644,0.11990412,0.0,-0.57553977,0.0,0.0,0.0,0.0,0.5275781,0.1918466,0.23980825,-2.302159,0.815348,0.26085922,0.41330075,0.140383,0.81680197,-0.92621475,0.22936842,0.25879937,0.06754953,-0.0914941,-0.31194568,0.12525195,0.39239347,-1.2752832,0.1616007,0.062114805,0.12402519,0.93029577,-1.3650995,0.51284635,0.5236,0.5236,0.0,0.0,-0.08168642,0.020912986,1.0295984,1.2239525,-0.61550677,-0.269,-0.01614,0.90384,0.00269,-0.00807,0.5084099999999999,-0.040350000000000004,0.0,-0.0269,0.13181,0.07005649717514124,0.0655367231638418,0.6372881355932203,1.0,-1.0,1.0,-1.0,-0.5175141242937853,1.0,1.0,1,1,1,1,1,1,1,1,1,1,1.0,1.0,0.3207042500539581,-0.2127120025868089,0.30325095753401476,0.27,0.47,9.26,-0.04387431,0.04795564,-0.9978854,0.39607978,-0.9182161
6.6999,320,0.046019424,0.13038836,1.0231652,-1.8729905,0.6043884,0.5236,0.5236,0.0,0.0,0.024543693,0.030679615,1.035437,1.2348546,-0.30986413,-0.16786577,-0.959233,0.21582742,0.0,-1.6067152,0.0,0.0,0.0,0.0,-0.551559,0.0959233,-0.07194247,-2.3741016,0.69544387,0.23870426,0.44926304,-0.13995202,0.9097456,-1.3247862,0.013650665,-0.042528212,0.034483347,-0.2180385,-0.3505792,0.75749743,0.6913331,-0.18281354,-0.090265274,0.056576066,0.13301575,0.860212,-1.3418636,0.41644636,0.5236,0.5236,0.0,0.0,-0.0913448,0.11731298,1.1043333,1.3203526,-0.7119068,-0.059179999999999996,0.048420000000000005,0.7370599999999999,0.00269,-0.00269,0.28245,-0.06725,0.06456,0.15064,0.07801000000000001,-0.07344632768361582,0.011299435028248588,0.5310734463276836,1.0,-1.0,1.0,-0.06666666666666667,0.8180790960451978,-0.02711864406779661,1.0,1,1,1,1,1,1,1,1,1,1,1.0,1.0,-0.3119776037939864,-0.49305551368839806,0.0719948316447661,-0.54,-0.8,9.24,-0.048961956,0.048961956,-0.99759984,0.5971586,-0.8021232
6.7179,321,0.05829127,0.13038836,0.9878836,-1.8729905,0.5691069,0.5236,0.5236,0.0,0.0,-0.024543693,0.03681554,1.0262332,1.2333206,-0.33133984,0.0,-0.57553977,-0.023980824,0.0,-2.0143893,0.0,0.0,0.0,0.0,-1.4148686,0.04796165,-0.3117507,-2.0863316,0.3836932,0.31154737,0.3935493,-0.14884269,0.88439834,-1.3345413,-0.12127448,-0.05537136,0.06490067,-0.18481462,-0.23922297,1.0958529,0.7055531,0.549239,-0.17975093,0.07478684,0.11908732,0.8579893,-1.3482004,0.4107647,0.5236,0.5236,0.0,0.0,-0.06350575,0.21371299,1.1078883,1.4167526,-0.7837377,0.6348400000000001,-0.27438,0.01345,0.28245,0.04573,0.16140000000000002,0.4573,0.048420000000000005,-0.029589999999999998,0.12104999999999999,0.2689265536723164,-0.7197740112994351,1.0,1.0,-1.0,0.8361581920903954,1.0,1.0,-1.0,1.0,1,1,1,1,1,1,1,1,1,1,1.0,1.0,-0.22907446432425577,-0.6741334235828098,0.05999569303730508,0.99,1.12,9.2,-0.060187597,0.055086955,-0.9966659,0.76604444,-0.64278764
6.7400,322,0.065961175,0.1349903,0.9249904,-1.8714565,0.5200195,0.5236,0.5236,0.0,0.0,-0.075165056,0.075165056,1.0216312,1.2824079,-0.38809714,0.3117507,-0.14388494,-0.8633097,0.0,-2.1103125,0.0,0.0,0.0,0.0,-2.2302167,0.28776988,-0.407674,-1.0791371,-0.35971236,0.34954202,0.3735599,-0.032340925,0.55770713,-1.2849948,-0.1968675,-0.11919806,0.050512295,-0.09482817,-0.20074432,1.1397103,0.51806086,0.84689254,-0.15255429,0.084285505,0.11408997,0.88711476,-1.4298732,0.4231513,0.5236,0.5236,0.0,0.0,-0.05388608,0.27452758,1.0610152,1.5131526,-0.77693856,-0.06456,0.42233,0.00538,0.04573,-0.06725,-0.16947,0.25017,0.00269,-0.25017,0.0269,-0.4519774011299435,0.061016949152542375,0.7457627118644068,1.0,-1.0,-0.24293785310734464,1.0,1.0,-1.0,1.0,1,1,1,1,1,1,1,1,1,1,1.0,1.0,0.04472406208235469,-0.5159629601208237,0.14180800172453928,-0.13,0.95,7.26,-0.07445159,0.060173195,-0.9954075,0.89363265,-0.4487992
6.7721,323,0.08130098,0.124252446,0.8697671,-1.8576508,0.44485444,0.5236,0.5236,0.0,0.0,-0.070563115,0.17640778,1.0615147,1.3928546,-0.48627192,0.4796165,-0.023980824,-2.0143893,0.07194247,-2.2302167,0.0,0.0,0.0,0.0,-1.8465234,1.4148686,0.0,1.1270987,-1.8225427,0.38750494,0.36354348,0.25832134,0.0761787,-1.1285269,-0.15356441,-0.3156837,0.018938921,-0.027216647,-0.14515916,0.96930313,0.105478905,0.65611666,0.18531173,0.09377623,0.11158587,0.95978034,-1.5262733,0.4622683,0.5236,0.5236,0.0,0.0,-0.039989788,0.23192579,0.9646152,1.6095526,-0.69247204,0.15871000000000002,0.07801000000000001,-0.25286,0.67788,0.19906000000000001,-0.23403,0.15602000000000002,-0.40619,-0.00269,0.16140000000000002,-0.20677966101694914,0.23502824858757063,0.06779661016949153,1.0,-0.496045197740113,-0.20564971751412428,1.0,-0.1864406779661017,-1.0,1.0,1,1,1,1,1,1,1,1,1,1,1.0,1.0,-0.10362892433716332,-0.2814343418840856,0.061086523819801536,-0.06,-6.69,6.32,-0.0816231,0.061217323,-0.9947815,0.9730449,-0.23061587
6.7899,324,0.084368944,0.12271846,0.8697671,-1.8193012,0.42798063,0.5236,0.5236,0.0,0.0,-0.06442719,0.23623304,1.0630487,1.4511458,-0.5522331,0.43165484,-0.0959233,-1.918466,0.35971236,-2.1342933,0.0,0.0,0.0,0.0,-1.0311754,2.2541974,0.35971236,2.32614,-2.5659482,0.22758667,-0.02754528,0.51965106,-0.28415012,-0.8620317,0.16041686,-0.30746356,-0.108892426,-0.02388458,0.04291227,1.0319409,-0.005394131,0.39419448,0.71212804,0.053796668,0.01518587,1.0251127,-1.6226733,0.5288921,0.5236,0.5236,0.0,0.0,0.0070280675,0.24758524,0.93015146,1.6985487,-0.596072,-0.39274000000000003,0.17754,-0.4304,-0.55952,0.1883,-0.78279,-0.66443,-0.16140000000000002,-0.00807,-0.5299299999999999,0.07570621468926554,0.022598870056497175,-1.0,-0.9344632768361582,1.0,-0.10734463276836158,-1.0,-1.0,-1.0,-1.0,1,1,1,1,1,1,1,1,1,1,1.0,1.0,1.8816830998063865,-0.1734420944169365,0.15380714033200027,-1.53,1.02,7.91,-0.08367395,0.033673663,-0.9959241,1.0,0.0
6.8219,325,0.08743691,0.12271846,0.89584476,-1.8146993,0.43411657,0.5236,0.5236,0.0,0.0,-0.052155346,0.24850489,1.0615147,1.518641,-0.60132045,0.3836932,-0.16786577,-1.2470028,0.69544387,-1.774581,0.0,0.0,0.0,0.0,-0.26378906,2.5899289,0.5275781,2.973622,-2.9016798,0.12009909,0.018786922,0.5532949,-0.36112475,-0.69715,0.3015111,-0.31468934,-0.16018477,-0.17304854,0.07166746,0.7578313,0.08333341,0.0748356,0.4466632,0.026924772,0.02539673,1.0335238,-1.6595812,0.5701125,0.5236,0.5236,0.0,0.0,0.014216865,0.17905782,0.9523334,1.618709,-0.6271342,1.0356500000000002,0.11028999999999999,-0.03497,0.00269,0.059179999999999996,-0.15333,0.25286,-0.061869999999999994,-0.024210000000000002,-0.024210000000000002,0.9638418079096045,1.0,-1.0,-0.5751412429378531,1.0,-1.0,1.0,-1.0,-1.0,-1.0,1,1,1,1,1,1,1,1,1,1,1.0,1.0,2.069305994395777,-0.4799655442984406,0.26070855701665296,-1.44,-5.03,10.2,-0.08979924,-0.0030613376,-0.9959552,0.9730449,0.23061587
6.8402,326,0.05522331,0.07363108,0.9832817,-1.8254372,0.48473793,0.5236,0.5236,0.0,0.0,-0.0061359233,0.26844662,1.0415729,1.6382915,-0.63660204,-0.07194247,-0.407674,0.7434055,0.69544387,-0.23980825,0.0,0.0,0.0,0.0,0.6235014,1.8465234,0.11990412,3.4772196,-2.6858523,0.12739742,0.14759962,0.65591013,-0.038771436,-0.91486216,0.20118238,-0.24577455,-0.10943289,-0.34957838,0.22702347,0.47379467,0.13314879,0.14152917,0.74081767,0.028749354,0.057599906,1.0591775,-1.578993,0.5156845,0.5236,0.5236,0.0,0.0,0.053055868,0.10804867,0.96478724,1.6353823,-0.55359554,0.79086,-0.09953000000000001,-0.02152,0.00807,0.03228,-0.12104999999999999,-0.25286,0.15064,0.28514,-0.00269,0.6011299435028249,-1.0,-0.536723163841808,0.3107344632768362,1.0,-0.5796610169491525,-1.0,0.4180790960451977,1.0,1.0,1,1,1,1,1,1,1,1,1,1,1.0,1.0,1.96676790084111,-0.8279405639148101,-0.07417649320975901,0.55,-0.73,6.98,-0.12242503,-0.07549543,-0.9896022,0.89363265,0.4487992
6.8581,327,0.033747576,0.06135923,1.0154953,-1.831573,0.5200195,0.5236,0.5236,0.0,0.0,0.0061359233,0.2699806,1.0492429,1.6582333,-0.6427379,-0.43165484,-0.69544387,1.5827343,0.23980825,0.5995206,0.0,0.0,0.0,0.0,0.8633097,1.1510795,-0.14388494,3.4292579,-1.9904084,0.11252501,0.27459228,0.51387894,0.37119907,-1.0248573,0.039998703,-0.14201699,-0.21126902,-0.41624787,0.03972889,0.25335768,0.051504083,-0.018109147,0.7083835,0.025031252,0.08934807,1.0236697,-1.4825929,0.4881857,0.5236,0.5236,0.0,0.0,0.0062322225,0.05293942,0.94437605,1.5954727,-0.5617041,-0.40888,-0.08070000000000001,-0.01883,0.10222,-0.56221,-0.16678,-1.4068699999999998,-0.23403,-0.048420000000000005,-0.14526,0.20677966101694914,-1.0,-1.0,1.0,-1.0,-1.0,-1.0,0.5062146892655367,-0.7830508474576271,-1.0,1,1,1,1,1,1,1,1,1,1,1.0,1.0,2.4227351679246287,-0.5388704065532492,0.037088246604879506,5.16,5.87,15.4,-0.13470958,-0.11838114,-0.9837882,0.76604444,0.64278764
6.8799,328,0.024543693,0.065961175,1.0446409,-1.834641,0.5353593,0.5236,0.5236,0.0,0.0,0.030679615,0.24083498,1.0630487,1.6643691,-0.65040785,-0.7673864,-0.8393288,2.0383701,-0.14388494,1.2470028,0.0,0.0,0.0,0.0,1.0551562,0.35971236,-0.07194247,2.6858523,-1.103118,-0.013122849,0.36071455,0.3727331,0.3521478,-1.2907531,0.09421946,-0.18717237,-0.21270408,-0.57537174,0.23639114,0.10778232,0.22914192,0.0042242697,0.67237264,-0.0063807126,0.11087864,0.9883833,-1.4812632,0.42171174,0.5236,0.5236,0.0,0.0,0.055397786,0.016545579,0.9887855,1.6010561,-0.57070684,0.08070000000000001,-0.00538,0.98454,0.00269,-0.03228,0.34163,-0.82314,-0.16140000000000002,0.01883,-0.09953000000000001,0.1367231638418079,-1.0,0.2745762711864407,1.0,-1.0,0.6056497175141243,-1.0,-1.0,1.0,-1.0,1,1,1,1,1,1,1,1,1,1,1.0,1.0,0.006544984694978735,-0.05345070834232634,-0.9075712110370514,-0.98,6.97,17.5,-0.13774686,-0.13978755,-0.9805535,0.5971586,0.8021232
6.9000,329,0.01994175,0.084368944,1.038505,-1.836175,0.53689325,0.5236,0.5236,0.0,0.0,0.024543693,0.19328158,1.0707186,1.6520973,-0.6534758,-0.6714631,-0.5035973,1.6546768,-0.1918466,1.223022,0.0,0.0,0.0,0.0,0.8872905,-0.35971236,0.07194247,1.5587536,-0.4796165,-0.020666912,0.31160986,0.11271645,0.74075556,-1.5081925,0.28300688,-0.048206955,-0.12419699,-0.7333474,0.29443562,-0.070851184,0.46449488,0.00469682,0.6437627,-0.008266728,0.09860247,0.9233791,-1.3848631,0.3673519,0.5236,0.5236,0.0,0.0,0.0699089,-0.028112795,1.0476238,1.6011742,-0.5778593,0.16409,-0.03228,0.25555,0.00269,-0.00538,-0.73975,-0.5111,-0.04304,-0.03228,-0.00807,-0.02824858757062147,-0.8372881355932204,0.9977401129943503,1.0,-1.0,-0.10734463276836158,-1.0,-1.0,1.0,-1.0,1,1,1,1,1,1,1,1,1,1,1.0,1.0,-0.7581273938350369,-0.24107360293171679,-0.7461282552275759,1.33,2.75,12.11,-0.13776156,-0.13163882,-0.98167866,0.39607978,0.9182161
6.9179,330,0.0046019424,0.10124273,1.0154953,-1.837709,0.53075737,0.5236,0.5236,0.0,0.0,0.04141748,0.1441942,1.0722525,1.6428934,-0.64887387,-0.5995206,0.04796165,0.91127133,-0.14388494,0.8393288,0.0,0.0,0.0,0.0,0.6474822,-1.1510795,0.3117507,0.5275781,-0.28776988,-0.02751071,0.16734433,-0.19390845,1.1410755,-1.6906666,0.347627,0.1302352,-0.017724907,-0.8096221,0.22908492,-0.18918025,0.7018564,0.038746983,0.5870413,-0.009977678,0.06253608,0.8467229,-1.2884631,0.3217334,0.5236,0.5236,0.0,0.0,0.05357123,-0.057695065,1.1069641,1.6096867,-0.59203964,0.06456,0.17485,0.024210000000000002,0.00269,-0.01076,-0.46537,-0.40081,0.0,0.42233,-0.02152,-0.207909604519774,1.0,1.0,1.0,-1.0,-0.4632768361581921,-1.0,1.0,0.5435028248587571,-0.7468926553672316,1,1,1,1,1,1,1,1,1,1,1.0,1.0,-1.122464875188853,-0.11780972450961724,-0.5028729907308662,1.66,3.58,9.71,-0.13780138,-0.12146937,-0.9829832,0.17364818,0.9848077
6.9407,331,-0.007669904,0.10124273,0.97254384,-1.8407769,0.52308744,0.5236,0.5236,0.0,0.0,0.06749515,0.08590292,1.0783885,1.6336895,-0.6304661,-0.5275781,0.4796165,-0.14388494,-0.07194247,0.21582742,0.0,0.0,0.0,0.0,0.6474822,-1.9664276,0.3117507,-0.14388494,0.0,0.018940479,-0.008780591,-0.40272743,1.2422833,-1.6312608,0.40462938,0.29101333,0.06882061,-0.75537777,0.13594945,-0.16223204,0.95531267,0.03450319,0.5641557,0.0016351196,0.018504852,0.7945182,-1.2587292,0.33658484,0.5236,0.5236,0.0,0.0,0.030287363,-0.05095801,1.1703281,1.6086258,-0.59776103,-0.16140000000000002,0.46537,0.52186,0.01076,-0.00269,-0.01614,-0.39005,0.0,0.26362,-0.00269,0.1401129943502825,0.4011299435028249,1.0,1.0,-1.0,-0.15593220338983052,-1.0,1.0,0.17401129943502824,-0.7706214689265537,1,1,1,1,1,1,1,1,1,1,1.0,1.0,-1.5282539262775348,0.03599741582238305,-0.6141377305455047,1.03,3.33,8.68,-0.13669847,-0.07855061,-0.98749346,-0.05814483,0.9983082
6.9579,332,-0.0046019424,0.09664079,0.9173205,-1.8453789,0.5200195,0.5236,0.5236,0.0,0.0,0.06749515,0.044485442,1.0875924,1.6321555,-0.6166603,-0.5035973,0.45563567,-1.0311754,-0.11990412,-0.04796165,0.0,0.0,0.0,0.0,0.5995206,-2.3741016,0.26378906,-0.35971236,0.26378906,0.19121584,-0.09534905,-0.24577464,1.1001394,-1.3287376,0.44151437,0.3619803,0.07551445,-0.5856129,0.044724394,-0.111960985,0.943847,0.0076859416,0.6408647,0.04470396,-0.0031372625,0.8337563,-1.2942653,0.41221562,0.5236,0.5236,0.0,0.0,0.007481098,-0.038390245,1.1674618,1.6019216,-0.57858384,-0.39274000000000003,0.15333,0.11835999999999999,0.08877,-0.01883,0.51648,0.23403,0.04573,0.26631,0.09953000000000001,0.17627118644067796,1.0,1.0,1.0,-1.0,0.9141242937853107,-1.0,1.0,0.1536723163841808,0.7819209039548023,1,1,1,1,1,1,1,1,1,1,1.0,1.0,-1.53588974175501,0.2748893571891069,-0.40142572795869574,1.1,-1.11,9.4,-0.13368613,-0.06531231,-0.9888692,-0.28680325,0.9579895
6.9799,333,0.0015339808,0.070563115,0.8452234,-1.8515148,0.50621367,0.5236,0.5236,0.0,0.0,0.05675729,0.01994175,1.1090682,1.6290876,-0.6135923,-0.3117507,0.04796165,-2.0143893,-0.16786577,-0.26378906,0.0,0.0,0.0,0.0,0.5275781,-2.3501208,0.3836932,-0.3117507,0.4796165,0.4137087,-0.024767555,0.17004737,0.68238723,-0.9239586,0.57206047,0.2870875,0.06398451,-0.35598502,-0.04647734,-0.070837475,0.903182,-0.17588449,0.9118909,0.10032717,0.014508111,0.93015635,-1.3906653,0.5086156,0.5236,0.5236,0.0,0.0,-0.015319335,-0.028109368,1.1572955,1.5560288,-0.51082724,-0.44923,0.29320999999999997,-0.52455,0.06456,0.00538,0.40081,-0.040350000000000004,0.00269,0.34163,-0.00538,-0.7615819209039548,0.7322033898305085,-0.9593220338983051,1.0,-1.0,0.35141242937853107,-1.0,0.8858757062146893,0.07909604519774012,-1.0,1,1,1,1,1,1,1,1,1,1,1.0,1.0,-0.5585053606381855,-0.002181661564992912,0.3425208657038871,-0.13,-0.24,11.37,-0.12857157,-0.04183678,-0.99081737,-0.5,0.8660254
7.0002,334,0.032213595,0.032213595,0.82681566,-1.8576508,0.4954758,0.5236,0.5236,0.0,0.0,0.035281558,0.010737865,1.1320778,1.6244856,-0.6074564,0.07194247,-0.551559,-2.422063,-0.23980825,-0.35971236,0.0,0.0,0.0,0.0,0.04796165,-1.8705043,0.5995206,-0.1918466,0.4796165,0.39014322,0.43658194,0.5059198,-0.030626465,-0.4825647,0.63420045,0.14272022,-0.09995158,-0.15179987,0.07264058,0.14067158,0.7173667,-0.44414458,1.3918271,0.0944358,0.11090811,1.02168,-1.4870653,0.60501564,0.5236,0.5236,0.0,0.0,0.0144601455,0.024767894,1.1108418,1.4889638,-0.41442725,-0.24747999999999998,-0.17216,-0.00807,0.08877,0.0,0.47075,-0.5299299999999999,-0.28245,0.89846,-0.01076,-0.7480225988700565,-0.5672316384180791,-1.0,1.0,1.0,0.3129943502824859,-0.08587570621468926,-0.6983050847457627,1.0,-1.0,1,1,1,1,1,1,1,1,1,1,1.0,1.0,-0.1559888018969932,-0.23125612588924865,0.39160825091622764,1.57,1.41,7.95,-0.13261397,-0.035703763,-0.9905244,-0.6862416,0.72737366
7.0199,335,0.06749515,0.023009712,0.8452234,-1.8653207,0.48320395,0.5236,0.5236,0.0,0.0,0.013805827,0.010737865,1.1474177,1.6091459,-0.59671855,0.6235014,-0.93525213,-2.0863316,-0.28776988,-0.4796165,0.0,0.0,0.0,0.0,-0.407674,-1.2709837,0.8633097,-0.21582742,0.3836932,0.13441294,0.9653664,0.40106365,-0.6392711,-0.18294896,0.48433295,0.19436623,-0.30206245,-0.097970024,0.15667893,0.24757287,0.5654795,-0.6702233,1.6937314,0.030503236,0.20730811,0.99546593,-1.5834653,0.69866276,0.5236,0.5236,0.0,0.0,0.035469733,0.051493216,1.0728699,1.4324442,-0.31802726,0.1345,-0.06725,-0.09415,0.04573,0.048420000000000005,-0.31473,0.8876999999999999,-0.15064,0.15064,-0.05111,-0.8519774011299435,-1.0,-1.0,1.0,1.0,-1.0,0.8892655367231639,-1.0,1.0,-1.0,1,1,1,1,1,1,1,1,1,1,1.0,1.0,0.11453723216212788,-0.11890055529211369,0.27598018797160334,1.64,1.39,8.34,-0.13361101,-0.036717534,-0.9903534,-0.8354878,0.549509
7.0399,336,0.084368944,0.046019424,0.89737874,-1.8745245,0.47400007,0.5236,0.5236,0.0,0.0,0.009203885,0.035281558,1.1566215,1.5723304,-0.57370883,1.103118,-0.8872905,-0.7434055,-0.33573154,-0.57553977,0.0,0.0,0.0,0.0,-0.7194247,-0.45563567,0.8872905,-0.5035973,0.43165484,-0.011869043,1.1838704,0.63000906,-0.769455,-0.105479054,0.57977194,0.4285785,-0.23070537,0.046287198,0.41091785,0.19918963,0.49158263,-0.9727062,1.9322362,-0.006067261,0.3037081,1.0527023,-1.6798654,0.7180303,0.5236,0.5236,0.0,0.0,0.09902946,0.039397407,1.0543957,1.3568234,-0.25574094,0.8365900000000001,-0.40888,0.20982,0.09415,0.00269,-0.54338,-0.07801000000000001,-0.048420000000000005,0.22326999999999997,-0.01345,0.24858757062146894,-1.0,-1.0,1.0,1.0,-0.7175141242937854,0.2994350282485876,-1.0,1.0,-1.0,1,1,1,1,1,1,1,1,1,1,1.0,1.0,-0.33597588100890846,-0.8890270877346116,-0.48432886742842646,2.01,-0.79,10.55,-0.14789677,-0.03569922,-0.9883583,-0.9396926,0.34202015
7.0597,337,0.065961175,0.09970875,0.9387962,-1.8775924,0.48473793,0.5236,0.5236,0.0,0.0,0.023009712,0.053689327,1.1627574,1.5309129,-0.5445632,1.0551562,-0.11990412,0.5275781,-0.33573154,-0.45563567,0.0,0.0,0.0,0.0,-0.5995206,0.14388494,0.7673864,-0.959233,0.69544387,-0.04274883,1.1804196,0.87671256,-0.66396683,-0.060135633,0.56492734,0.6717378,-0.15466678,-0.028518435,0.5082341,0.19481045,0.39667308,-1.0381776,2.1207438,-0.013787208,0.3158049,1.1143782,-1.7352917,0.7293661,0.5236,0.5236,0.0,0.0,0.12335852,0.03830261,1.0306683,1.3404557,-0.20861405,0.61063,-0.1345,-0.44384999999999997,0.0,0.04573,-0.040350000000000004,-0.18292,-0.04573,0.36852999999999997,-0.00269,1.0,-1.0,-1.0,1.0,1.0,-1.0,-0.9389830508474576,-1.0,1.0,-1.0,1,1,1,1,1,1,1,1,1,1,1.0,1.0,-0.25416357232167425,-1.0330167510241437,-0.4319689898685966,2.06,3.73,9.88,-0.15817948,-0.033676926,-0.9868359,-0.99323833,0.11609291
7.0802,338,0.01840777,0.1672039,1.0047574,-1.8775924,0.53382534,0.5236,0.5236,0.0,0.0,0.05829127,0.053689327,1.1688933,1.4787575,-0.49854377,0.23980825,1.103118,1.774581,-0.28776988,0.023980824,0.0,0.0,0.0,0.0,-0.04796165,0.551559,0.5275781,-1.5827343,1.1270987,-0.06967726,1.0054113,1.0584286,-0.57119584,-0.23693666,0.5533467,0.873841,-0.08397632,-0.11423059,0.5079505,0.09163437,0.3666372,-1.0270646,2.138944,-0.020519316,0.27205282,1.1598072,-1.7120991,0.6851659,0.5236,0.5236,0.0,0.0,0.12328762,0.012508593,1.0231593,1.3432338,-0.20406401,-0.44923,-0.23940999999999998,-0.1883,0.0,0.06725,-0.27438,-0.19099000000000002,-0.03766,0.52186,-0.08070000000000001,0.23615819209039549,-1.0,-1.0,1.0,1.0,-0.6644067796610169,-0.17740112994350282,-1.0,1.0,-1.0,1,1,1,1,1,1,1,1,1,1,1.0,1.0,-0.2247111411942699,-0.6163193921104976,-0.1974403716318585,1.65,1.74,9.52,-0.18169615,-0.026539885,-0.9829966,-0.99323833,-0.11609291
7.1007,339,-0.007669904,0.2316311,1.0707186,-1.8484468,0.59825253,0.5236,0.5236,0.0,0.0,0.10431069,0.050621364,1.1688933,1.4266021,-0.4325826,-0.7194247,2.182255,2.446044,-0.04796165,1.0071946,0.0,0.0,0.0,0.0,0.7673864,0.551559,0.35971236,-2.0623507,1.6546768,-0.0621147,0.87293553,1.2595555,-0.35203525,-0.45154208,0.5177676,0.9258022,0.049877506,-0.10376525,0.47826773,-0.08020445,0.36502352,-1.004307,1.978722,-0.018628675,0.23893389,1.2100888,-1.6573088,0.6315145,0.5236,0.5236,0.0,0.0,0.11586693,-0.030451111,1.0227559,1.3489232,-0.2441195,-0.17485,0.78279,-0.1883,0.00538,-0.1883,0.21251,-0.42771,-0.33625,0.21251,-0.01345,0.07570621468926554,-0.12203389830508475,-0.9627118644067797,1.0,1.0,-0.33785310734463275,-0.296045197740113,-1.0,0.7163841807909604,-1.0,1,1,1,1,1,1,1,1,1,1,0.0,1.0,-0.9828385350293067,-0.22580197197676635,-0.3239767424014474,2.37,-4.51,9.75,-0.18766826,-0.008159489,-0.98219854,-0.9396926,-0.34202015
7.1199,340,-0.023009712,0.26077673,1.1244079,-1.7962915,0.6473399,0.5236,0.5236,0.0,0.0,0.12271846,0.044485442,1.1320778,1.3867186,-0.37735927,-1.2470028,2.6139097,2.7817755,0.5275781,1.8705043,0.0,0.0,0.0,0.0,1.3429261,0.21582742,0.07194247,-2.302159,2.206236,-0.11793214,0.62109905,1.3446249,-0.15205896,-0.7090022,0.45926002,0.93504214,0.11766189,-0.017995587,0.38409647,-0.09701628,0.31655586,-1.0758038,1.8669454,-0.032583036,0.17597476,1.2313563,-1.6073148,0.56714946,0.5236,0.5236,0.0,0.0,0.092324115,-0.03465407,1.010639,1.3310491,-0.27206364,-0.26631,0.06725,-0.01345,0.00807,-0.6375299999999999,-0.07263,-0.95495,-0.03228,-0.09953000000000001,0.01345,0.3163841807909605,1.0,-1.0,1.0,-1.0,-0.011299435028248588,-0.4937853107344633,-1.0,0.13559322033898305,0.1751412429378531,1,1,1,1,1,1,1,1,1,1,0.0,1.0,-0.9392053037294485,-0.006544984694978735,-0.3141592653589793,1.25,0.56,4.46,-0.18767451,-0.0,-0.98223126,-0.8354878,-0.549509
7.1399,341,-0.030679615,0.2623107,1.1811652,-1.751806,0.6626797,0.5236,0.5236,0.0,0.0,0.12271846,0.032213595,1.1121361,1.3683108,-0.31753403,-1.1990412,2.2541974,2.9016798,1.366907,2.302159,0.0,0.0,0.0,0.0,1.366907,-0.11990412,-0.5035973,-2.182255,2.6618714,-0.13894479,0.39262962,1.4436105,-0.10430159,-0.9165315,0.48632535,0.90731925,0.17845929,0.089615494,0.34160292,-0.09221352,0.13789117,-1.4035242,1.7287775,-0.037836198,0.118857406,1.2561027,-1.5953754,0.51526713,0.5236,0.5236,0.0,0.0,0.08170073,-0.03345338,0.9659728,1.249119,-0.3066056,-0.11835999999999999,0.01614,0.23671999999999999,0.00269,-0.00269,0.70478,-0.70209,-0.0269,0.41426,0.41964,0.28361581920903955,1.0,-0.8067796610169492,1.0,-1.0,0.3977401129943503,-0.5853107344632769,-1.0,0.9129943502824859,0.807909604519774,1,1,1,1,1,1,1,1,1,1,0.0,1.0,-1.3395402009056478,0.31088677301149,-0.05235987755982988,3.41,0.48,9.23,-0.18364774,0.03060796,-0.98251545,-0.6862416,-0.72737366
7.1599,342,-0.04141748,0.24236897,1.2149128,-1.7456701,0.66421366,0.5236,0.5236,0.0,0.0,0.111980595,0.01840777,1.1121361,1.3514371,-0.29299033,-0.8633097,1.4388494,2.7817755,1.7985618,1.8225427,0.0,0.0,0.0,0.0,0.91127133,-0.35971236,-0.7913672,-1.7985618,2.7098331,-0.07123263,0.27284727,1.4161142,-0.07395137,-1.0594463,0.59418607,0.91846174,0.20250088,0.11213973,0.3188263,-0.09531128,-0.15402627,-1.935333,1.543107,-0.020908158,0.08891182,1.2492286,-1.5877879,0.47953844,0.5236,0.5236,0.0,0.0,0.07600657,-0.03422782,0.89299345,1.152719,-0.35302323,-0.14795,0.74244,0.25555,0.00538,-0.024210000000000002,0.0538,-0.38198000000000004,-0.00807,0.11298,0.03497,0.0384180790960452,1.0,-0.17627118644067796,1.0,-1.0,1.0,-0.41129943502824856,-1.0,1.0,1.0,1,1,1,1,1,1,1,1,1,1,1.0,1.0,-1.538071403320003,0.29670597283903605,0.01308996938995747,4.18,-2.31,13.25,-0.18058187,0.045910645,-0.98248786,-0.5,-0.8660254
7.1798,343,-0.0398835,0.20095149,1.2302526,-1.75334,0.66421366,0.5236,0.5236,0.0,0.0,0.10124273,0.007669904,1.1106021,1.3146216,-0.29145634,-0.5035973,0.16786577,2.302159,1.486811,1.0551562,0.0,0.0,0.0,0.0,0.1918466,-0.5275781,-0.7673864,-1.366907,2.1342933,0.07984135,0.31307068,1.1415718,0.18786448,-1.0962662,0.58685607,0.7905082,0.2166459,0.12323649,0.15091844,-0.1557002,-0.15481065,-2.034707,1.029316,0.016860338,0.09896767,1.180593,-1.522334,0.4703335,0.5236,0.5236,0.0,0.0,0.03402961,-0.049325053,0.89279735,1.0913233,-0.44942322,-0.269,0.48151,0.15871000000000002,0.12912,-0.00269,0.6590499999999999,-0.25286,-0.01076,0.01076,0.00538,-0.6508474576271186,0.727683615819209,0.4011299435028249,1.0,-1.0,0.8305084745762712,-0.15593220338983052,-1.0,1.0,1.0,1,1,1,1,1,1,1,1,1,1,1.0,1.0,-1.1355548445788106,0.8824821030396328,0.09817477042468103,-0.73,3.66,9.93,-0.16023503,0.07960721,-0.98386353,-0.28680325,-0.9579895
7.1997,344,-0.029145636,0.16260196,1.2271847,-1.7610099,0.65961176,0.5236,0.5236,0.0,0.0,0.09664079,0.0046019424,1.1013982,1.2640002,-0.30066022,-0.23980825,-0.815348,1.6546768,0.6714631,0.33573154,0.0,0.0,0.0,0.0,-0.1918466,-0.5275781,-0.407674,-1.3908877,1.2949644,0.13664697,0.3367577,0.8076022,0.5483342,-1.0611587,0.5325329,0.61055994,0.251472,0.14186049,-0.060199298,-0.1363123,-0.09214034,-1.9099069,0.6263257,0.031061742,0.10488942,1.0971006,-1.4322165,0.47911036,0.5236,0.5236,0.0,0.0,-0.018749824,-0.044478077,0.9084649,1.1225233,-0.5458232,-0.68326,-0.0269,0.00269,0.10222,-0.00269,0.57566,-0.48689,-0.00807,0.31742000000000004,0.00269,-0.3864406779661017,-0.27231638418079096,1.0,1.0,-1.0,1.0,-0.21129943502824858,-1.0,1.0,1.0,1,1,1,1,1,1,1,1,1,1,1.0,1.0,0.24107360293171679,1.0810133054539879,0.7635815477475191,-1.52,-0.13,10.63,-0.13780433,0.08166183,-0.9870873,-0.05814483,-0.9983082
7.2198,345,-0.007669904,0.15339808,1.2133788,-1.7640779,0.65194184,0.5236,0.5236,0.0,0.0,0.070563115,0.0046019424,1.0891263,1.2225827,-0.29912627,0.07194247,-1.3429261,0.8393288,0.04796165,0.0,0.0,0.0,0.0,0.0,-0.43165484,-0.407674,-0.3117507,-1.7266194,0.4796165,0.15276997,0.37537515,0.45505035,0.8928767,-1.060281,0.45392877,0.34010983,0.29738867,0.049364764,-0.20609978,0.05512541,0.13728037,-1.520832,0.25182992,0.03509249,0.11454379,1.0089626,-1.3460809,0.47932976,0.5236,0.5236,0.0,0.0,-0.055224944,0.0033813529,0.96582013,1.2189233,-0.64222324,-0.11028999999999999,0.56221,0.00269,0.029589999999999998,-0.00269,0.61063,-0.61601,0.0,-0.00538,0.1345,-0.33220338983050846,0.4711864406779661,1.0,1.0,-1.0,0.9389830508474576,-0.3163841807909605,-1.0,0.33559322033898303,1.0,1,1,1,1,1,1,1,1,1,1,1.0,1.0,0.37306412761378793,0.6959500392327389,0.2617993877991494,1.56,-1.52,11.13,-0.12856728,0.07652815,-0.9887436,0.17364818,-0.9848077
7.2434,346,0.01840777,0.13805827,1.1811652,-1.7656119,0.65040785,0.5236,0.5236,0.0,0.0,0.026077673,0.0046019424,1.0691847,1.1919031,-0.2945243,0.4796165,-1.2949644,0.023980824,-0.16786577,-0.14388494,0.0,0.0,0.0,0.0,-0.7673864,-0.21582742,-0.43165484,-2.0143893,0.07194247,0.16238193,0.40239608,0.10623334,1.0027626,-1.2655121,0.18093659,0.020980934,0.22926426,-0.09555472,-0.35263678,0.50488806,0.46431267,-0.5970957,-0.22424923,0.037495483,0.12129902,0.92175835,-1.3186095,0.428022,0.5236,0.5236,0.0,0.0,-0.0918592,0.09978135,1.0475782,1.3153234,-0.73862326,0.42502,-0.01076,0.06456,0.00269,-0.00269,0.36046,0.15602000000000002,0.059179999999999996,-0.9280499999999999,0.03228,0.22598870056497175,-0.34915254237288135,1.0,1.0,-1.0,0.7751412429378531,0.8248587570621468,-1.0,0.2711864406779661,1.0,1,1,1,1,1,1,1,1,1,1,1.0,1.0,-0.6043202535030366,0.4559672670835186,-0.06981317007977318,-0.29,-3.08,9.96,-0.11218995,0.081592694,-0.9903313,0.39607978,-0.9182161
7.2600,347,0.033747576,0.13192235,1.1274759,-1.7656119,0.6550098,0.5236,0.5236,0.0,0.0,-0.02147573,0.01994175,1.0431069,1.2072428,-0.32213596,0.8393288,-0.93525213,-0.815348,-0.14388494,-0.11990412,0.0,0.0,0.0,0.0,-1.2709837,0.0,-0.69544387,-1.7026385,-0.07194247,0.14998978,0.37152955,-0.022891905,0.9602263,-1.2872359,-0.016722992,-0.07754197,0.14636287,-0.14146008,-0.35612136,0.9594682,0.5433205,0.23179516,-0.308716,0.034397446,0.11358239,0.889477,-1.3292434,0.42259106,0.5236,0.5236,0.0,0.0,-0.09273034,0.19618136,1.0673301,1.4117234,-0.815979,-0.01883,-0.029589999999999998,0.269,0.00269,-0.01614,0.23940999999999998,0.7881699999999999,0.35777,-0.01076,0.00807,-0.1096045197740113,-0.40790960451977404,1.0,1.0,-1.0,0.976271186440678,0.9502824858757062,0.768361581920904,-1.0,1.0,1,1,1,1,1,1,1,1,1,1,1.0,1.0,-0.23343778745424157,0.16907877128695067,0.4276056667386107,2.62,-2.96,7.13,-0.108192556,0.08982024,-0.990064,0.5971586,-0.8021232
7.2800,348,0.0398835,0.13038836,1.0691847,-1.7656119,0.6427379,0.5236,0.5236,0.0,0.0,-0.06902914,0.05982525,1.0277672,1.2609322,-0.37735927,0.91127133,-0.551559,-1.6546768,-0.07194247,-0.07194247,0.0,0.0,0.0,0.0,-1.8705043,0.35971236,-0.8872905,-0.6714631,-0.5275781,0.18453622,0.2586627,-0.0325312,0.72724766,-1.134017,-0.15921511,-0.027045565,0.09833552,-0.07888243,-0.30594113,1.1104989,0.3572137,0.71886843,-0.2765503,0.043034054,0.085365675,0.8870672,-1.3874881,0.46089578,0.5236,0.5236,0.0,0.0,-0.08018529,0.26722473,1.0208035,1.5081234,-0.80793756,0.07532,-0.03766,0.23671999999999999,0.00269,-0.21251,-0.13988,0.22057999999999997,0.08608,-0.10491,0.20982,-0.00903954802259887,-0.16271186440677965,1.0,1.0,-1.0,0.022598870056497175,1.0,1.0,-1.0,1.0,1,1,1,1,1,1,1,1,1,1,1.0,1.0,0.4494222823885398,0.9152070265145265,0.18871372537188688,-0.67,-1.86,7.45,-0.09388225,0.08571857,-0.9918864,0.76604444,-0.64278764
7.3001,349,0.04295146,0.124252446,1.0154953,-1.7702138,0.6043884,0.5236,0.5236,0.0,0.0,-0.08743691,0.124252446,1.035437,1.3314953,-0.44332045,0.69544387,-0.35971236,-2.302159,-0.04796165,-0.3117507,0.0,0.0,0.0,0.0,-2.0623507,1.1270987,-0.8393288,0.7434055,-1.4148686,0.18520877,0.17384237,0.09021007,0.27906248,-0.8659911,-0.18108721,-0.10202583,0.048539665,0.09030889,-0.2748493,1.0323148,-0.004010804,0.75774235,-0.05951464,0.04320219,0.06416059,0.9177525,-1.4838881,0.52790225,0.5236,0.5236,0.0,0.0,-0.07241233,0.2476787,0.9304973,1.6045234,-0.7536787,0.09146,0.41695,0.19637000000000002,0.00269,0.09684000000000001,-0.61063,0.17216,-0.02152,-0.00269,0.13181,-0.24180790960451978,0.2858757062146893,1.0,1.0,-1.0,-0.6542372881355932,1.0,-1.0,-1.0,1.0,1,1,1,1,1,1,1,1,1,1,1.0,1.0,0.9075712110370514,1.3209960776032081,0.4385139745635753,1.79,-1.6,8.51,-0.068381086,0.071442924,-0.99509794,0.89363265,-0.4487992
7.3338,350,0.049087387,0.107378654,0.9648739,-1.7732818,0.5691069,0.5236,0.5236,0.0,0.0,-0.08590292,0.1840777,1.0277672,1.4005245,-0.50928164,0.43165484,-0.3117507,-2.5659482,-0.07194247,-0.7673864,0.0,0.0,0.0,0.0,-1.7026385,1.918466,-0.57553977,2.1103125,-2.3501208,0.15280457,-0.039466448,0.2755009,-0.22502714,-0.59933,-0.1897415,-0.123599924,-0.027776895,0.15485261,-0.22837658,0.91732204,-0.318919,0.5217957,0.14120685,0.03510114,0.010833388,0.9640752,-1.5802882,0.59456754,0.5236,0.5236,0.0,0.0,-0.060794145,0.21893051,0.8517703,1.7009234,-0.7034983,0.061869999999999994,0.2152,-0.95226,0.00538,0.23940999999999998,-0.3497,-0.36584,-0.0269,-0.00269,0.04573,-0.012429378531073447,0.20677966101694914,0.6259887005649718,1.0,1.0,-0.1152542372881356,0.5853107344632769,-1.0,-1.0,1.0,1,1,1,1,1,1,1,1,1,1,1.0,1.0,1.5282539262775348,1.646063650787152,0.6065019150680295,-2.46,-3.3,9.02,-0.03776537,0.045930855,-0.9982306,0.9730449,-0.23061587
7.3541,351,0.04141748,0.079767,0.9249904,-1.7272624,0.53689325,0.5236,0.5236,0.0,0.0,-0.075165056,0.24236897,0.9633399,1.523243,-0.6151263,0.11990412,-0.57553977,-2.2541974,0.11990412,-1.4148686,0.0,0.0,0.0,0.0,-0.45563567,2.5419674,-0.5995206,3.261392,-3.0695455,0.18605205,-0.15950483,0.11772462,-0.29033595,-0.45555395,-0.061642908,-0.08601277,0.029702846,0.050681215,-0.10112728,1.0687428,-0.22026016,0.20537871,-0.2185212,0.043413013,-0.019176207,0.9246312,-1.6418841,0.6305115,0.5236,0.5236,0.0,0.0,-0.02898182,0.2567857,0.876435,1.6513447,-0.79343027,-0.08608,0.65098,-0.059179999999999996,0.00269,0.01345,-0.57835,-0.52455,-0.01076,-0.024210000000000002,-0.45999,0.12655367231638417,0.2983050847457627,-1.0,0.7209039548022599,1.0,-0.40225988700564974,-0.9932203389830508,-1.0,-1.0,1.0,1,1,1,1,1,1,1,1,1,1,1.0,1.0,2.8285242190133104,1.6558811278296202,0.35015668118136234,-1.26,-0.5,4.54,0.008160938,-0.022442577,-0.99971485,1.0,0.0
7.3701,352,0.033747576,0.05982525,0.9341943,-1.7042526,0.5491651,0.5236,0.5236,0.0,0.0,-0.070563115,0.24390295,0.9280584,1.5846021,-0.64887387,0.0,-0.7194247,-1.774581,0.57553977,-1.1990412,0.0,0.0,0.0,0.0,-0.04796165,2.182255,-1.0551562,3.4532387,-3.0455647,0.24226536,-0.039608486,0.24947406,-0.2910841,-0.5187521,-0.19411904,-0.23457009,-0.017298287,-0.13268545,0.00772601,0.8729442,-0.33868042,0.21525316,-0.16193877,0.05746634,0.010797879,0.9575685,-1.6420711,0.614712,0.5236,0.5236,0.0,0.0,-0.0017684975,0.20783605,0.8468299,1.6538134,-0.77928466,-0.21251,0.4035,-0.061869999999999994,0.39812000000000003,0.059179999999999996,-0.24478999999999998,-0.09953000000000001,0.06994,0.29320999999999997,0.18561,-1.0,1.0,-0.2768361581920904,-0.5774011299435028,0.20903954802259886,-0.103954802259887,-0.13559322033898305,0.4271186440677966,0.17740112994350282,0.5751412429378531,1,1,1,1,1,1,1,1,1,1,1.0,1.0,2.4510967682695366,1.6035212502697902,-0.031634092692397225,-0.39,-3.5,7.89,0.039778646,-0.07343751,-0.9965062,0.9730449,0.23061587
7.3902,353,0.03681554,0.029145636,0.9433982,-1.6843109,0.58598065,0.5236,0.5236,0.0,0.0,-0.05522331,0.2561748,0.89124286,1.6428934,-0.69029135,-0.14388494,-0.93525213,-0.91127133,1.0551562,-0.4796165,0.0,0.0,0.0,0.0,0.21582742,1.486811,-1.6786577,3.525181,-2.7577949,0.21954793,0.0543259,0.27882698,-0.2402548,-0.5964806,-0.2880837,-0.25916195,0.009686075,-0.2584568,0.08700317,0.65321153,-0.47868833,0.26264027,-0.20656364,0.05178698,0.034281477,0.96490675,-1.6293638,0.5952799,0.5236,0.5236,0.0,0.0,0.018050794,0.15290289,0.81182796,1.6656601,-0.7904409,-0.07263,-0.01883,-0.73975,0.00269,-0.01345,-0.7478199999999999,-0.15871000000000002,-0.01076,0.35508,-0.09953000000000001,-0.2858757062146893,-0.5310734463276836,-0.5706214689265536,1.0,-1.0,-0.8553672316384181,-1.0,-0.7762711864406779,-0.48926553672316386,1.0,1,1,1,1,1,1,1,1,1,1,1.0,1.0,1.8489581763314928,1.3831734322055063,-0.6523168079328806,0.06,2.58,8.01,0.06835589,-0.10916537,-0.9916705,0.89363265,0.4487992
7.4103,354,0.052155346,0.023009712,0.9510681,-1.672039,0.6059224,0.5236,0.5236,0.0,0.0,-0.029145636,0.25770876,0.86823314,1.6827769,-0.7317088,-0.04796165,-0.9832138,-0.16786577,1.2709837,0.3836932,0.0,0.0,0.0,0.0,0.4796165,0.815348,-1.8465234,3.3093536,-2.446044,0.1778608,0.14435856,0.26758888,-0.07252695,-0.6288244,-0.36141956,-0.23268834,-0.030795004,-0.3759043,0.10981706,0.45621902,-0.5237379,0.29686514,-0.16475739,0.0413652,0.05678964,0.9620972,-1.5874318,0.5871939,0.5236,0.5236,0.0,0.0,0.023754265,0.10365476,0.80056554,1.6742163,-0.77998936,-0.15064,-0.01345,-0.43309,0.00269,0.0,-0.53531,-0.43846999999999997,-0.01076,0.63215,0.0,0.08361581920903954,-1.0,-0.09491525423728814,0.7785310734463277,-1.0,-0.15028248587570622,-1.0,-0.7491525423728813,-0.1423728813559322,1.0,1,1,1,1,1,1,1,1,1,1,1.0,1.0,1.5566155266224428,1.2402745996984703,-0.7112216701876892,4.0,11.2,12.31,0.09488937,-0.13978326,-0.985625,0.76604444,0.64278764
7.4300,355,0.052155346,0.03834952,0.95873797,-1.676641,0.61052436,0.5236,0.5236,0.0,0.0,-0.0061359233,0.239301,0.84215546,1.7073206,-0.75471854,0.11990412,-0.7673864,0.23980825,0.91127133,0.91127133,0.0,0.0,0.0,0.0,0.7913672,0.33573154,-1.7026385,2.7817755,-2.0623507,0.122134104,0.33768973,0.20574407,0.08647303,-0.7714311,-0.44950852,-0.17075872,0.010393299,-0.42184073,0.06840062,0.15629542,-0.58346665,0.32316306,-0.09503968,0.027433526,0.10512243,0.946636,-1.5476818,0.5515423,0.5236,0.5236,0.0,0.0,0.013400155,0.028673854,0.7856333,1.6807908,-0.7625599,0.52186,-0.07532,0.15871000000000002,0.059179999999999996,-0.00269,-0.00269,-0.9657100000000001,-0.00538,0.00807,-0.01614,0.6067796610169491,-0.26101694915254237,0.25649717514124293,1.0,-1.0,-1.0,-1.0,-1.0,0.15932203389830507,-0.9378531073446328,1,1,1,1,1,1,1,1,1,1,1.0,1.0,0.2814343418840856,1.3788101090755203,-0.8410305333047675,-2.28,3.22,14.66,0.12240056,-0.14892069,-0.98124444,0.5971586,0.8021232
7.4500,356,0.044485442,0.05982525,0.957204,-1.673573,0.5936506,0.5236,0.5236,0.0,0.0,0.007669904,0.20095149,0.8099418,1.7165245,-0.76545644,0.1918466,-0.21582742,0.26378906,0.4796165,0.7194247,0.0,0.0,0.0,0.0,0.9832138,-0.1918466,-1.4628303,2.0143893,-1.6786577,0.022083271,0.31080234,0.03373018,0.43337604,-0.7640195,-0.4284235,-0.09163917,0.06562294,-0.4677161,-0.040442906,-0.044273727,-0.56129676,0.32528526,-0.006121993,0.0024208177,0.098400585,0.9036326,-1.4609561,0.55339515,0.5236,0.5236,0.0,0.0,-0.013810727,-0.02146843,0.79117584,1.6813214,-0.74033046,0.26093,-0.01614,0.51379,0.00538,0.0,0.38198000000000004,-0.70209,0.0,0.00807,-0.09415,0.09491525423728814,-1.0,0.6508474576271186,1.0,-1.0,-0.2745762711864407,-1.0,-0.672316384180791,0.19322033898305085,-0.6192090395480226,1,1,1,1,1,1,1,1,1,1,1.0,1.0,-0.5737769915931359,1.2915436464758039,-0.6163193921104976,-2.03,3.0,13.28,0.15000515,-0.14082116,-0.97860503,0.39607978,0.9182161
7.4700,357,0.030679615,0.09203885,0.94800013,-1.672039,0.57217485,0.5236,0.5236,0.0,0.0,0.009203885,0.15339808,0.79306805,1.7165245,-0.76545644,0.023980824,0.45563567,0.14388494,0.21582742,0.0959233,0.0,0.0,0.0,0.0,0.8872905,-0.93525213,-1.3429261,1.2709837,-1.1510795,-0.0127021745,0.19002362,-0.10959896,0.7318817,-0.63949406,-0.33056048,-0.026542256,0.13359065,-0.44644487,-0.104479626,-0.09718617,-0.47517052,0.2628935,0.20966524,-0.006275544,0.06820591,0.8678003,-1.3863297,0.58452654,0.5236,0.5236,0.0,0.0,-0.029819906,-0.03469654,0.81270736,1.6657234,-0.68638366,-0.00538,0.11567,0.16678,0.00269,0.00538,0.63215,-0.55683,0.07532,0.38467,-0.00807,0.23615819209039549,1.0,1.0,1.0,0.17401129943502824,0.22033898305084745,-1.0,0.9016949152542373,0.21468926553672316,-1.0,1,1,1,1,1,1,1,1,1,1,1.0,1.0,-1.325359400733194,0.9457502884244273,-0.6185010536754905,-0.61,3.02,10.2,0.17252536,-0.1173989,-0.97798395,0.17364818,0.9848077
7.4923,358,0.012271847,0.11044662,0.9249904,-1.676641,0.5537671,0.5236,0.5236,0.0,0.0,-0.0046019424,0.10277671,0.7853982,1.7134565,-0.7593205,-0.3117507,0.93525213,-0.07194247,0.04796165,-0.5275781,0.0,0.0,0.0,0.0,0.5275781,-1.6546768,-1.1510795,0.6235014,-0.5995206,0.04281337,0.06069157,-0.06866313,0.85046273,-0.37299293,-0.2559365,-0.0014357772,0.20800656,-0.36700708,-0.18485165,-0.054514445,-0.44040272,0.083827384,0.38471282,0.0076033417,0.03587289,0.87803423,-1.3566843,0.6511518,0.5236,0.5236,0.0,0.0,-0.04991291,-0.02402861,0.82139933,1.6209569,-0.64262176,-0.01614,0.15602000000000002,0.5299299999999999,0.01614,0.00269,0.20713,-0.5971799999999999,0.02152,0.01345,0.0,0.5480225988700564,1.0,0.9977401129943503,1.0,1.0,-0.02711864406779661,-1.0,1.0,1.0,-1.0,1,1,1,1,1,1,1,1,1,1,1.0,1.0,-1.5249814339300454,0.6119560689805118,-0.32179508083645453,-0.47,1.05,10.68,0.1857168,-0.08877671,-0.97858465,-0.05814483,0.9983082
7.5124,359,0.0030679617,0.111980595,0.89737874,-1.681243,0.5553011,0.5236,0.5236,0.0,0.0,-0.023009712,0.06289321,0.77926224,1.7057866,-0.7485826,-0.57553977,0.9832138,-0.551559,0.0,-0.7434055,0.0,0.0,0.0,0.0,0.0,-2.0863316,-0.8633097,0.14388494,-0.14388494,0.26299733,-0.03413389,0.10364456,0.76755446,-0.0035136119,-0.26348463,-0.007200081,0.32089394,-0.19907372,-0.33657438,-0.011135772,-0.53558207,-0.16033068,0.4517185,0.06264933,0.012166528,0.92111117,-1.3774115,0.74352163,0.5236,0.5236,0.0,0.0,-0.0878436,-0.013183943,0.7976045,1.5599173,-0.62587035,-0.33087,0.11567,-0.01614,0.06994,0.00269,0.6267699999999999,0.32818,0.01614,0.57835,-0.040350000000000004,0.1864406779661017,1.0,-0.807909604519774,1.0,1.0,0.7864406779661017,0.16045197740112993,1.0,1.0,-1.0,1,1,1,1,1,1,1,1,1,1,1.0,1.0,-1.2860894925633215,0.6043202535030366,-0.0032724923474893677,-0.81,-0.78,9.56,0.19789346,-0.06222423,-0.9782465,-0.28680325,0.9579895
7.5353,360,0.007669904,0.10431069,0.89124286,-1.6873789,0.5537671,0.5236,0.5236,0.0,0.0,-0.04141748,0.04141748,0.7715923,1.6827769,-0.72864085,-0.551559,0.7194247,-0.815348,-0.0959233,-0.57553977,0.0,0.0,0.0,0.0,-0.407674,-2.0623507,-0.551559,-0.16786577,0.21582742,0.40164143,0.07697902,0.32081386,0.25380278,0.25746828,-0.28643623,-0.046685964,0.37040055,-0.08139377,-0.474861,0.17066671,-0.64425576,-0.44375217,0.43403554,0.09731036,0.039944753,0.9754035,-1.4738115,0.8087671,0.5236,0.5236,0.0,0.0,-0.12241525,0.032266676,0.77043605,1.489062,-0.6302911,-1.0383399999999998,0.9791599999999999,-0.024210000000000002,0.04573,0.01076,0.03497,0.15333,0.0,0.059179999999999996,-0.03497,-1.0,0.9457627118644067,-1.0,1.0,1.0,1.0,0.9175141242937853,-0.6169491525423729,1.0,-1.0,1,1,1,1,1,1,1,1,1,1,1.0,1.0,-0.856302164259718,0.715584993317675,0.35015668118136234,-3.57,0.67,11.93,0.21022367,-0.044902146,-0.9766216,-0.5,0.8660254
7.5525,361,0.0398835,0.0720971,0.9019807,-1.6919808,0.558369,0.5236,0.5236,0.0,0.0,-0.065961175,0.03834952,0.76545644,1.6474954,-0.7040972,-0.16786577,0.07194247,-0.7434055,-0.1918466,-0.23980825,0.0,0.0,0.0,0.0,-0.7673864,-1.630696,-0.407674,-0.5995206,0.5995206,0.3218,0.6816398,0.3310215,-0.78432053,0.2841375,-0.24355061,-0.077833794,0.13388683,-0.14218807,-0.50148904,0.35658348,-0.6546124,-0.78251386,0.51557153,0.07735,0.13634476,0.9779554,-1.5702115,0.8154344,0.5236,0.5236,0.0,0.0,-0.12907226,0.07874587,0.76784694,1.4043715,-0.6099071,-0.30666,0.15333,-0.11028999999999999,0.04573,0.10222,0.03766,-0.26362,0.01614,0.48151,-0.25017,-1.0,0.5807909604519774,-1.0,1.0,1.0,1.0,0.8689265536723164,1.0,1.0,-0.004519774011299435,1,1,1,1,1,1,1,1,1,1,1.0,1.0,-0.469057236473476,0.45487643630102215,0.016362461737446838,-3.07,-2.39,9.48,0.22047278,-0.03470405,-0.9747755,-0.6862416,0.72737366
7.5728,362,0.07669904,0.06135923,0.9280584,-1.6965828,0.55990297,0.5236,0.5236,0.0,0.0,-0.09664079,0.047553405,0.7562525,1.601476,-0.67341757,0.5035973,-0.45563567,-0.23980825,-0.23980825,0.0,0.0,0.0,0.0,0.0,-0.9832138,-0.9832138,-0.35971236,-1.103118,0.93525213,0.27568257,1.0232431,-0.15142874,-1.2348017,0.23383385,-0.29581466,-0.12449806,-0.13747293,-0.22501568,-0.36861444,0.29170543,-0.53396964,-0.6476866,0.48896587,0.06582064,0.23274475,0.8815554,-1.6666116,0.8028585,0.5236,0.5236,0.0,0.0,-0.09585361,0.06252636,0.7980076,1.4380784,-0.61655855,0.25824,-0.07801000000000001,0.09415,0.0,0.00269,0.18292,0.76127,0.07263,0.05111,-0.03497,1.0,-1.0,-0.4180790960451977,-0.5887005649717514,1.0,0.535593220338983,0.3785310734463277,1.0,1.0,-1.0,1,1,1,1,1,1,1,1,1,1,1.0,1.0,-0.037088246604879506,0.1505346479845109,0.032724923474893676,-1.76,1.57,9.42,0.22458276,-0.033687416,-0.97387254,-0.8354878,0.549509
7.5925,363,0.08590292,0.08743691,0.96180594,-1.7027186,0.5783107,0.5236,0.5236,0.0,0.0,-0.12885438,0.070563115,0.7485826,1.5508546,-0.64120394,1.0071946,-0.57553977,0.4796165,-0.23980825,0.11990412,0.0,0.0,0.0,0.0,-1.2470028,-0.21582742,-0.35971236,-1.6546768,1.1750604,0.32356095,1.3271228,-0.5550595,-1.2131134,0.17085567,-0.24449612,-0.11672353,-0.41920146,-0.24516985,-0.2044637,0.28673252,-0.42171866,-0.37405494,0.4562176,0.07779024,0.32914475,0.78515536,-1.7630116,0.78711396,0.5236,0.5236,0.0,0.0,-0.054815926,0.06128313,0.82607037,1.5064863,-0.6247456,0.24747999999999998,-0.3766,0.32280000000000003,0.0,0.01883,-0.50034,-0.31204000000000004,0.03766,-0.57028,0.39812000000000003,-0.031638418079096044,-1.0,1.0,-1.0,1.0,-0.8361581920903954,-1.0,1.0,-0.09830508474576272,1.0,1,1,1,1,1,1,1,1,1,1,1.0,1.0,-0.49632800603588745,-0.21380283336930536,-0.0272707695624114,-1.45,-1.33,7.48,0.22247516,-0.025513206,-0.9746045,-0.9396926,0.34202015
7.6124,364,0.08283496,0.15033011,0.9403302,-1.7088546,0.59978646,0.5236,0.5236,0.0,0.0,-0.11811652,0.07363108,0.7439807,1.5109711,-0.61972827,1.0071946,0.07194247,0.815348,-0.26378906,0.3836932,0.0,0.0,0.0,0.0,-1.1750604,0.26378906,-0.35971236,-2.0383701,1.3429261,0.38976908,1.3385574,-0.5870048,-0.91222394,0.15966278,-0.15245235,-0.07777715,-0.46046498,-0.34905532,-0.04775204,0.2232446,-0.21919931,0.08201241,0.58904195,0.09434227,0.35533935,0.74844885,-1.797356,0.7843157,0.5236,0.5236,0.0,0.0,-0.01563801,0.04541115,0.87670016,1.6028863,-0.5915395,-0.16678,-0.16140000000000002,0.38198000000000004,0.0,0.00269,-0.1883,-0.09415,0.00269,-0.84466,0.13719,0.20903954802259886,-1.0,1.0,-1.0,1.0,-1.0,-0.06666666666666667,1.0,-1.0,0.7209039548022599,1,1,1,1,1,1,1,1,1,1,1.0,1.0,-0.5421428989007386,-0.6730425928003133,0.15926129424448257,-2.45,0.18,6.98,0.21215071,-0.01529933,-0.9771172,-0.99323833,0.11609291
7.6323,365,0.08743691,0.21782528,0.874369,-1.7103885,0.6320001,0.5236,0.5236,0.0,0.0,-0.088970885,0.070563115,0.76392245,1.517107,-0.6166603,0.6714631,1.2470028,0.23980825,-0.26378906,0.7194247,0.0,0.0,0.0,0.0,-0.6714631,0.43165484,-0.21582742,-1.9424467,1.223022,0.46537066,1.1497343,-0.74118966,-0.84261155,0.1911968,-0.039582424,0.12694901,-0.5129547,-0.45305988,-0.0030097514,0.067123175,0.054241456,0.31246606,0.46269977,0.11324266,0.30813357,0.7099026,-1.779953,0.79219925,0.5236,0.5236,0.0,0.0,-0.004452438,0.0063807936,0.9450604,1.6781166,-0.6231251,-0.05111,-0.0538,0.10222,-0.04573,0.01614,-0.040350000000000004,-0.17754,0.00807,-0.54338,-0.01883,0.11412429378531073,-1.0,1.0,-1.0,1.0,-1.0,-1.0,1.0,-1.0,-1.0,1,1,1,1,1,1,1,1,1,1,1.0,1.0,-0.9195703496445125,-0.0818123086872342,-0.15162547876700738,-2.93,-1.3,8.86,0.20611322,-0.0010203625,-0.9785276,-0.99323833,-0.11609291
7.6520,366,0.09664079,0.28532043,0.80533993,-1.7241944,0.6948933,0.5236,0.5236,0.0,0.0,-0.049087387,0.06289321,0.80380595,1.5615925,-0.6043884,0.28776988,2.3501208,-1.0071946,-0.26378906,1.2949644,0.0,0.0,0.0,0.0,0.23980825,0.26378906,0.21582742,-1.1270987,0.93525213,0.38509166,0.8216764,-0.85738677,-0.7026839,0.2787154,0.092334345,0.2122396,-0.4437828,-0.41567364,0.05088784,0.13042215,0.2335481,0.28450507,0.678205,0.093172915,0.2261191,0.6808533,-1.744971,0.81407887,0.5236,0.5236,0.0,0.0,0.00902196,0.022205535,0.98988706,1.6711262,-0.56924874,0.01614,0.15333,0.08877,0.20713,0.00269,-0.25824,-0.16409,0.01076,-0.28245,0.20444,0.31864406779661014,1.0,1.0,0.14576271186440679,1.0,-0.6610169491525424,-1.0,1.0,-1.0,0.9480225988700565,1,1,1,1,1,1,1,1,1,1,1.0,1.0,-0.8072147790473774,0.05781403147231216,-0.234528618236738,-2.06,0.51,4.11,0.20824254,0.017353546,-0.9779233,-0.9396926,-0.34202015
7.6720,367,0.11044662,0.31753403,0.7439807,-1.754874,0.7593205,0.5236,0.5236,0.0,0.0,-0.013805827,0.049087387,0.8651652,1.6290876,-0.6059224,0.28776988,2.853718,-2.32614,-0.43165484,1.9664276,0.0,0.0,0.0,0.0,1.103118,-0.0959233,0.9832138,0.26378906,0.57553977,0.31043708,0.63161147,-0.8294356,-0.69702774,0.27871382,0.21045761,0.344361,-0.43469414,-0.37839738,0.1059024,0.20453137,0.25097427,-0.004560002,1.00045,0.07450927,0.17860287,0.6878411,-1.743557,0.81407845,0.5236,0.5236,0.0,0.0,0.022775602,0.040732842,0.99424356,1.59886,-0.4886875,0.32280000000000003,0.17216,0.09684000000000001,0.048420000000000005,0.00269,0.23403,-0.31742000000000004,0.01076,0.45999,-0.05111,-0.07344632768361582,1.0,0.8,1.0,0.6350282485875707,-0.0711864406779661,-0.32994350282485874,1.0,0.19096045197740114,-1.0,1,1,1,1,1,1,1,1,1,1,1.0,1.0,-0.7559457322700439,-0.17016960206944712,-0.001090830782496456,-1.85,-1.44,5.22,0.20503342,0.03162207,-0.97824407,-0.8354878,-0.549509
7.6918,368,0.09970875,0.30526218,0.7071651,-1.7763498,0.8068739,0.5236,0.5236,0.0,0.0,0.0061359233,0.050621364,0.9295924,1.676641,-0.5890486,0.3117507,2.32614,-2.8297372,-0.7673864,2.5179865,0.0,0.0,0.0,0.0,1.486811,-0.3117507,1.9424467,1.630696,0.35971236,0.34940374,0.53852427,-0.77254164,-0.64401084,0.25138444,0.25908852,0.46407416,-0.48383114,-0.35795408,0.18938068,0.231738,0.17924315,-0.501454,1.2235732,0.084250934,0.15533108,0.70206463,-1.7303028,0.80724615,0.5236,0.5236,0.0,0.0,0.04364517,0.0475345,0.9763108,1.50246,-0.4329067,0.18561,0.0269,-0.03766,0.16409,-0.36584,-0.47881999999999997,-0.49765,0.00538,0.57835,-0.01614,0.2271186440677966,1.0,0.1807909604519774,1.0,0.20225988700564973,-0.6858757062146893,-0.5265536723163842,0.9310734463276836,1.0,-1.0,1,1,1,1,1,1,1,1,1,1,1.0,1.0,-0.6730425928003133,-0.24107360293171679,-0.3752457891787808,-0.26,-4.34,8.12,0.20100838,0.04591562,-0.9785129,-0.6862416,-0.72737366
7.7118,369,0.09510681,0.29299033,0.70563114,-1.7886215,0.83141756,0.5236,0.5236,0.0,0.0,0.01994175,0.06442719,0.96947587,1.6873789,-0.56143695,0.16786577,1.3189453,-2.422063,-0.9832138,2.5899289,0.0,0.0,0.0,0.0,1.4148686,-0.21582742,2.5419674,2.1582742,0.5035973,0.32814807,0.5011286,-0.7632918,-0.3836045,0.14193353,0.18206598,0.4616734,-0.4700806,-0.19948885,0.23104952,0.23284882,0.071418606,-0.9142468,1.173948,0.07893702,0.14598215,0.70437706,-1.6652012,0.7798834,0.5236,0.5236,0.0,0.0,0.05406238,0.047812205,0.94935465,1.40606,-0.44531298,0.26631,0.04304,-0.00269,0.1883,-0.23134,-0.09684000000000001,-0.32011,-0.37929,1.11904,-0.00269,0.014689265536723164,1.0,-0.847457627118644,1.0,-1.0,0.2677966101694915,0.18757062146892656,-0.2598870056497175,1.0,-1.0,1,1,1,1,1,1,1,1,1,1,1.0,1.0,0.433059820651093,0.25416357232167425,0.28907015736156083,-7.03,-0.05,16.78,0.20201463,0.042851586,-0.9784446,-0.5,-0.8660254
7.7319,370,0.09510681,0.2715146,0.7102331,-1.7932235,0.84215546,0.5236,0.5236,0.0,0.0,0.033747576,0.07363108,0.9771458,1.6659031,-0.5261554,0.0,0.21582742,-1.5347728,-0.91127133,2.0383701,0.0,0.0,0.0,0.0,1.103118,0.04796165,2.446044,1.630696,0.7913672,0.33925772,0.512979,-0.67238164,-0.10340824,-0.078011036,0.09923852,0.4227054,-0.41624457,-0.1036254,0.14616801,0.16478261,-0.047584496,-1.2882143,1.0448389,0.08171443,0.14894474,0.7271046,-1.5951521,0.72489727,0.5236,0.5236,0.0,0.0,0.032842003,0.030795652,0.9196039,1.30966,-0.47759026,0.05111,0.7478199999999999,0.061869999999999994,0.06994,-0.0538,-0.00807,-0.26631,-0.00269,0.80431,0.01883,0.18757062146892656,1.0,0.31412429378531076,1.0,-1.0,-1.0,-0.14463276836158193,-1.0,1.0,-0.6418079096045197,1,1,1,1,1,1,1,1,1,1,1.0,1.0,0.856302164259718,0.1014472627721704,0.7144941625351786,-4.85,-2.23,16.13,0.20702799,0.024476215,-0.97802883,-0.28680325,-0.9579895
7.7519,371,0.09050487,0.23469906,0.71330106,-1.7978255,0.8482914,0.5236,0.5236,0.0,0.0,0.04295146,0.07363108,0.9786797,1.6306216,-0.49240783,-0.16786577,-0.57553977,-0.6235014,-0.6235014,1.3429261,0.0,0.0,0.0,0.0,0.815348,0.28776988,1.7506001,0.4796165,1.2470028,0.36909598,0.5682742,-0.59647363,0.17717144,-0.32501778,0.022494776,0.39450324,-0.35194236,-0.08811157,-0.028743401,-0.020666935,-0.047272447,-1.5238242,0.76078504,0.089173995,0.16276854,0.7460816,-1.5250072,0.6631456,0.5236,0.5236,0.0,0.0,-0.0108858505,-0.015566734,0.9196819,1.219044,-0.5486037,0.18023,0.5084099999999999,-0.00538,0.06994,-0.04304,0.6590499999999999,-0.06994,-0.00269,0.75051,0.41426,-0.0655367231638418,0.9242937853107345,-1.0,1.0,-1.0,0.4689265536723164,-1.0,-1.0,1.0,0.48700564971751414,1,1,1,1,1,1,1,1,1,1,1.0,1.0,0.2683443724941282,-0.38288160465625604,0.17998707911191522,-0.83,-0.39,11.25,0.20099592,0.015304258,-0.9794725,-0.05814483,-0.9983082
7.7719,372,0.09203885,0.20862138,0.72403896,-1.8039614,0.8528933,0.5236,0.5236,0.0,0.0,0.03834952,0.07669904,0.9771458,1.5892041,-0.47400007,-0.11990412,-1.0791371,-0.023980824,-0.43165484,0.7673864,0.0,0.0,0.0,0.0,0.57553977,0.3117507,0.8872905,-0.6235014,1.4388494,0.501809,0.5914344,-0.7047616,0.5919135,-0.27049142,-0.16578819,0.33520123,-0.21504346,0.038366538,-0.44182372,-0.09748622,-0.018339247,-1.3650959,0.20475532,0.12235225,0.1685586,0.71900964,-1.4286072,0.6767772,0.5236,0.5236,0.0,0.0,-0.10728585,-0.034771554,0.9269152,1.2587261,-0.64500374,0.08070000000000001,-0.08608,-0.6267699999999999,0.048420000000000005,-0.00538,0.36584,-0.06994,-0.00269,0.66174,0.20982,-0.19887005649717515,0.0847457627118644,-0.40790960451977404,1.0,-1.0,0.14463276836158193,-1.0,-1.0,1.0,1.0,1,1,1,1,1,1,1,1,1,1,1.0,1.0,0.31743175770646864,-0.014180800172453928,0.19853120241435498,-0.89,1.19,11.89,0.19905485,0.0071455585,-0.97996235,0.17364818,-0.9848077
7.7920,373,0.09817477,0.19634955,0.73784477,-1.8070294,0.85596126,0.5236,0.5236,0.0,0.0,0.009203885,0.05829127,0.9664079,1.5539225,-0.4647962,-0.04796165,-1.2709837,0.23980825,-0.3117507,0.43165484,0.0,0.0,0.0,0.0,0.16786577,0.0959233,0.23980825,-1.3908877,1.2949644,0.49275315,0.6326875,-0.7298105,0.8844808,-0.5149452,-0.35077837,0.152799,-0.043596365,0.05825789,-0.5828955,0.26145336,0.11300818,-0.8373106,-0.07283868,0.12008829,0.17887187,0.7127474,-1.3481798,0.6156637,0.5236,0.5236,0.0,0.0,-0.14942388,0.05496334,0.9597521,1.3551261,-0.74140376,-0.08608,-0.02152,0.048420000000000005,0.01614,-0.00269,0.26093,-0.7370599999999999,0.0,-0.08339,0.11028999999999999,0.07344632768361582,-0.18757062146892656,0.9988700564971752,1.0,-1.0,1.0,-0.8621468926553673,-0.7322033898305085,1.0,1.0,1,1,1,1,1,1,1,1,1,1,1.0,1.0,-0.02181661564992912,-0.2454369260617026,-0.10253809355466686,-1.77,-0.45,8.33,0.19591622,0.006122382,-0.9806015,0.39607978,-0.9182161
7.8118,374,0.11504856,0.19788352,0.7317088,-1.8100973,0.8605632,0.5236,0.5236,0.0,0.0,-0.046019424,0.032213595,0.94646615,1.5247769,-0.46019423,0.14388494,-1.0551562,0.3117507,-0.21582742,0.26378906,0.0,0.0,0.0,0.0,-0.551559,-0.33573154,-0.16786577,-1.6546768,0.93525213,0.45048523,0.65964013,-0.6496264,0.99043953,-0.8416743,-0.41722128,0.030823104,-0.0023399629,0.035096314,-0.515933,1.057083,0.1795975,0.13255247,-0.12626748,0.10952131,0.18561003,0.73279345,-1.3216902,0.53398144,0.5236,0.5236,0.0,0.0,-0.13268325,0.15136334,0.9763994,1.4515262,-0.77036685,0.08877,-0.00807,0.09415,0.00269,-0.00269,0.15064,0.0538,0.23403,0.6698099999999999,0.05111,0.35480225988700564,-0.020338983050847456,-0.08361581920903954,1.0,-1.0,1.0,1.0,0.8836158192090395,1.0,1.0,1,1,1,1,1,1,1,1,1,1,1.0,1.0,-0.48978302134090873,-0.6610434541928523,-0.08290313946973064,-1.44,0.54,7.32,0.18568897,0.0132634975,-0.9825191,0.5971586,-0.8021232
7.8457,375,0.1196505,0.1994175,0.72710687,-1.8131653,0.84215546,0.5236,0.5236,0.0,0.0,-0.111980595,0.049087387,0.93726224,1.4833595,-0.4571263,0.33573154,-0.5995206,0.21582742,-0.16786577,0.14388494,0.0,0.0,0.0,0.0,-1.5107919,-0.5035973,-0.45563567,-1.7506001,0.551559,0.4482128,0.64075446,-0.5550338,0.7795698,-0.7212271,-0.4001513,-0.014146047,-0.068711184,0.13604052,-0.40405858,1.4879204,0.104298644,0.84580725,-0.26192635,0.1089532,0.18088862,0.7564416,-1.3744076,0.56409323,0.5236,0.5236,0.0,0.0,-0.10471465,0.24776334,0.95757467,1.5479262,-0.8042816,-0.00807,-0.00538,-0.00269,0.00807,-0.01076,-1.25623,0.56221,0.07263,-0.5649,0.00807,0.25310734463276835,-0.04858757062146893,-0.9988700564971752,1.0,-1.0,0.1152542372881356,0.6440677966101694,1.0,0.02937853107344633,1.0,1,1,1,1,1,1,1,1,1,1,1.0,1.0,-1.0777408131064985,-0.6468626540203983,-0.06544984694978735,-1.49,-2.43,8.42,0.17340748,0.031621363,-0.98434234,0.76604444,-0.64278764
7.8623,376,0.11811652,0.20095149,0.7424467,-1.8116313,0.76852435,0.5236,0.5236,0.0,0.0,-0.13959225,0.12118448,0.9403302,1.4726216,-0.50928164,0.33573154,-0.07194247,0.07194247,-0.14388494,-0.6474822,0.0,0.0,0.0,0.0,-2.206236,0.21582742,-0.551559,-1.4628303,-0.04796165,0.40143198,0.5949551,-0.294174,0.3228262,-0.66138697,-0.32647157,-0.13298948,-0.095801845,0.1754508,-0.35815972,1.363087,-0.24004021,1.0412662,-0.14839108,0.097257994,0.16943878,0.8216565,-1.4708077,0.5790533,0.5236,0.5236,0.0,0.0,-0.09323993,0.33037177,0.87148994,1.6443262,-0.77589774,0.09415,0.42502,-0.040350000000000004,0.36852999999999997,-0.11028999999999999,-0.6698099999999999,0.14257,-0.20175,0.06994,0.32549,0.05310734463276836,0.8689265536723164,-0.06666666666666667,-1.0,0.34915254237288135,-0.9909604519774011,1.0,-1.0,0.10734463276836158,1.0,1,1,1,1,1,1,1,1,1,1,1.0,1.0,-0.12435470920459597,-0.519235452468313,0.3436116964863836,-2.82,-3.21,7.04,0.15611967,0.04489716,-0.9867172,0.89363265,-0.4487992
7.8822,377,0.11504856,0.1994175,0.7562525,-1.8100973,0.71330106,0.5236,0.5236,0.0,0.0,-0.12578642,0.1840777,0.9433982,1.5048351,-0.56143695,0.16786577,0.0,0.16786577,-0.04796165,-1.486811,0.0,0.0,0.0,0.0,-1.7506001,1.3189453,-0.26378906,-0.91127133,-0.7913672,0.29044852,0.44484586,-0.030038051,-0.22679639,-0.4287585,-0.32824683,-0.1889038,-0.032310028,0.20971231,-0.35559666,1.1713299,-0.6823317,0.76694006,0.1134794,0.06951213,0.13191146,0.8876905,-1.5672077,0.63721037,0.5236,0.5236,0.0,0.0,-0.09259917,0.28243247,0.7750899,1.7407262,-0.71043015,0.12912,0.02152,-0.39543,0.00538,0.0,-0.6375299999999999,0.04304,-0.0269,-0.43309,0.0,0.05875706214689266,1.0,-1.0,1.0,-0.9525423728813559,-0.6497175141242938,1.0,-1.0,-1.0,1.0,1,1,1,1,1,1,1,1,1,1,1.0,1.0,0.7559457322700439,-0.03381575425739013,0.29670597283903605,-2.16,-1.16,8.64,0.15304425,0.03366974,-0.9876456,0.9730449,-0.23061587
7.9022,378,0.10277671,0.1917476,0.79153407,-1.8131653,0.6550098,0.5236,0.5236,0.0,0.0,-0.10584468,0.25157285,0.9403302,1.5585245,-0.6181943,-0.04796165,-0.023980824,0.5275781,0.0,-2.2302167,0.0,0.0,0.0,0.0,-0.69544387,2.302159,0.023980824,0.14388494,-1.6546768,0.05033438,0.15073797,0.16297817,-0.5807642,-0.24878418,-0.2082299,-0.16625616,-0.06108154,-0.045790173,-0.30161485,0.9953118,-0.5590621,0.4739849,0.002797775,0.009483594,0.058384493,0.93594456,-1.6636077,0.682204,0.5236,0.5236,0.0,0.0,-0.079103716,0.23842795,0.79173446,1.7184962,-0.7381005,0.30934999999999996,0.19637000000000002,-0.30396999999999996,0.0269,0.00269,-0.13719,-1.2831299999999999,-0.03228,-0.08070000000000001,-0.80162,0.34350282485875705,1.0,-1.0,1.0,1.0,-0.28700564971751413,-0.519774011299435,-1.0,-1.0,0.6305084745762712,1,1,1,1,1,1,1,1,1,1,1.0,1.0,1.0875582901489667,-0.13635384781205698,0.5475970528132209,-1.06,-2.87,5.52,0.15196916,0.0122391265,-0.9883095,1.0,0.0
7.9220,379,0.07823302,0.1672039,0.84368944,-1.8146993,0.62739813,0.5236,0.5236,0.0,0.0,-0.09510681,0.28071848,0.89584476,1.6260196,-0.66574764,-0.3117507,-0.21582742,1.0551562,0.0,-2.5179865,0.0,0.0,0.0,0.0,0.14388494,2.6858523,-0.14388494,1.3429261,-2.302159,0.04254386,0.08554819,0.32144672,-0.5745552,-0.33584115,-0.2106341,-0.26740205,-0.06104499,-0.2739252,-0.09438212,0.846723,-0.5647059,0.5013665,-0.024449334,0.0075359643,0.04208705,0.9755617,-1.7129389,0.6604397,0.5236,0.5236,0.0,0.0,-0.02729553,0.20128076,0.79032356,1.7253417,-0.7449123,0.6348400000000001,0.72361,-0.00269,0.0,0.01076,-0.024210000000000002,-0.16678,0.03228,0.00269,0.00269,0.5254237288135594,0.9932203389830508,-1.0,1.0,1.0,-1.0,-1.0,-1.0,0.3367231638418079,1.0,1,1,1,1,1,1,1,1,1,1,1.0,1.0,1.6766069126970529,-0.03599741582238305,0.3196134192714616,0.32,-3.3,5.65,0.15096116,-0.017340133,-0.9883875,0.9730449,0.23061587
7.9420,380,0.032213595,0.12732041,0.9019807,-1.8177673,0.63660204,0.5236,0.5236,0.0,0.0,-0.08590292,0.27458256,0.8528933,1.6889129,-0.7025632,-0.7913672,-0.6235014,1.6546768,-0.04796165,-2.0623507,0.0,0.0,0.0,0.0,0.5275781,2.302159,-0.7673864,2.3741016,-2.3980825,0.05470458,0.16907799,0.39667174,-0.45009542,-0.47468045,-0.35765013,-0.27609852,-0.05579583,-0.43876985,-0.053068627,0.6710162,-0.62937766,0.4567424,-0.055630833,0.010576145,0.0629695,0.99436796,-1.681824,0.6257299,0.5236,0.5236,0.0,0.0,-0.016967157,0.15735406,0.7741556,1.7141856,-0.7527077,-0.2152,0.51379,-0.01883,0.03228,-0.2152,-0.84735,-0.26093,-0.01345,0.33356,0.00269,0.6587570621468927,0.6903954802259887,-1.0,1.0,-0.5875706214689266,-0.7909604519774012,-1.0,-0.656497175141243,-0.31864406779661014,1.0,1,1,1,1,1,1,1,1,1,1,1.0,1.0,1.7769633446867266,0.38179077387375954,0.14180800172453928,-0.49,0.21,6.85,0.1560573,-0.053039078,-0.98632294,0.89363265,0.4487992
7.9621,381,0.012271847,0.09510681,0.95873797,-1.8177673,0.6534758,0.5236,0.5236,0.0,0.0,-0.06135923,0.2623107,0.8237477,1.7349323,-0.72710687,-1.223022,-1.103118,2.302159,-0.0959233,-1.1270987,0.0,0.0,0.0,0.0,0.6474822,1.366907,-1.486811,2.8297372,-2.2302167,-0.008755617,0.2588784,0.41874462,-0.19585904,-0.69994855,-0.48445758,-0.23820324,-0.027198132,-0.54043686,-0.025756031,0.45222726,-0.6679365,0.3779277,-0.0484201,-0.0052889045,0.0854196,0.99988616,-1.6182648,0.5694129,0.5236,0.5236,0.0,0.0,-0.010139008,0.10265682,0.7645159,1.694482,-0.75090504,0.09146,-0.01345,0.26631,0.00269,-0.18561,-0.33625,-1.10828,-0.02152,0.30934999999999996,0.0,0.12994350282485875,-0.5389830508474577,-0.8135593220338984,1.0,-1.0,-0.7016949152542373,-0.7231638418079096,-1.0,1.0,1.0,1,1,1,1,1,1,1,1,1,1,1.0,1.0,1.8053249450316347,0.5683228376806535,-0.20725784867432664,-2.81,3.08,9.03,0.16627511,-0.08568779,-0.98234934,0.76604444,0.64278764
7.9819,382,0.009203885,0.09510681,0.9878836,-1.8223692,0.6442719,0.5236,0.5236,0.0,0.0,-0.03834952,0.2561748,0.80380595,1.756408,-0.7439807,-1.2470028,-1.2709837,2.4700248,-0.07194247,-0.26378906,0.0,0.0,0.0,0.0,0.7913672,0.35971236,-1.7266194,2.6858523,-1.774581,-0.09212986,0.41944343,0.3593074,0.023538228,-0.9104167,-0.51068497,-0.20147552,-0.023653666,-0.60219014,-0.064859316,0.19651899,-0.70052934,0.3694219,-0.010962762,-0.026132464,0.12556085,0.98502684,-1.5634155,0.5167959,0.5236,0.5236,0.0,0.0,-0.019914828,0.038729746,0.7563677,1.6923555,-0.7415407,-0.02152,-0.00807,0.10222,0.029589999999999998,0.0,-0.32280000000000003,-0.18023,-0.00538,0.99261,-0.12373999999999999,-0.13220338983050847,-0.632768361581921,-0.607909604519774,1.0,-1.0,-0.2689265536723164,-1.0,-1.0,0.5468926553672316,0.25084745762711863,1,1,1,1,1,1,1,1,1,1,1.0,1.0,0.7210391472301574,0.5639595145506677,-0.09272061651219876,3.42,9.23,17.96,0.17650902,-0.107129745,-0.9784517,0.5971586,0.8021232
8.0022,383,-0.0030679617,0.10277671,1.0032234,-1.8285052,0.6304661,0.5236,0.5236,0.0,0.0,-0.026077673,0.2316311,0.80380595,1.754874,-0.7439807,-1.0311754,-0.93525213,2.206236,-0.11990412,0.023980824,0.0,0.0,0.0,0.0,0.8872905,-0.26378906,-1.366907,1.9664276,-1.2470028,-0.05825661,0.3248854,0.20794037,0.34338695,-0.93287724,-0.52720755,-0.14908864,0.09366445,-0.5732512,-0.10679823,-0.00095005333,-0.6160425,0.34583288,0.00951501,-0.017664153,0.10192135,0.9471851,-1.4834533,0.5111807,0.5236,0.5236,0.0,0.0,-0.030399557,-0.010637513,0.7774894,1.6864582,-0.7364212,0.07263,-0.00538,0.7774099999999999,0.11835999999999999,0.0,0.18023,-0.72361,-0.00538,0.02152,-0.03497,0.0519774011299435,-1.0,0.4519774011299435,1.0,-1.0,-0.31864406779661014,-1.0,-1.0,1.0,-0.9457627118644067,1,1,1,1,1,1,1,1,1,1,1.0,1.0,-0.15489797111449674,0.9970193352017608,-0.9239336727744982,-1.31,6.03,10.98,0.19581552,-0.10504687,-0.9749982,0.39607978,0.9182161
8.0220,384,-0.015339808,0.12118448,1.0001554,-1.834641,0.6059224,0.5236,0.5236,0.0,0.0,-0.027611654,0.19021362,0.79767,1.751806,-0.7439807,-0.6714631,-0.28776988,1.5107919,-0.16786577,-0.21582742,0.0,0.0,0.0,0.0,0.815348,-0.7194247,-0.815348,1.103118,-0.6714631,-0.1052029,0.18461575,0.1389179,0.636817,-0.9131259,-0.39093038,-0.097395405,0.15257014,-0.5672923,-0.11907034,-0.052512385,-0.50250244,0.3050473,0.25176203,-0.029400725,0.06685394,0.9299295,-1.4100958,0.5161185,0.5236,0.5236,0.0,0.0,-0.033467587,-0.023528095,0.8058744,1.6762619,-0.67585945,0.20444,0.2152,0.28514,0.059179999999999996,-0.00538,0.46537,-0.76127,0.0,0.029589999999999998,-0.00269,-0.07570621468926554,1.0,0.9988700564971752,1.0,-1.0,0.06666666666666667,-1.0,0.39096045197740115,1.0,-1.0,1,1,1,1,1,1,1,1,1,1,1.0,1.0,-0.7428557628800865,0.559596191420682,-0.5585053606381855,-3.95,0.79,11.38,0.21218424,-0.08875015,-0.9731912,0.17364818,0.9848077
8.0419,385,-0.016873788,0.12578642,0.9771458,-1.8407769,0.5798447,0.5236,0.5236,0.0,0.0,-0.033747576,0.1441942,0.79153407,1.7456701,-0.7439807,-0.5035973,0.21582742,0.6474822,-0.23980825,-0.6235014,0.0,0.0,0.0,0.0,0.45563567,-1.223022,-0.45563567,0.35971236,-0.3117507,-0.036064744,0.07821794,0.1404455,0.7725773,-0.6853043,-0.2935891,-0.029261598,0.21546769,-0.50586987,-0.22130157,-0.04572002,-0.4736975,0.13713518,0.35655558,-0.012116186,0.040254485,0.9303114,-1.3761557,0.573074,0.5236,0.5236,0.0,0.0,-0.059025392,-0.021830004,0.81307566,1.6342838,-0.64966106,0.00807,0.03766,0.00807,0.06456,-0.30396999999999996,0.00269,-0.6240800000000001,0.0,0.8204499999999999,-0.00269,0.32429378531073444,1.0,1.0,1.0,-0.5830508474576271,0.059887005649717516,-1.0,1.0,0.9853107344632769,-1.0,1,1,1,1,1,1,1,1,1,1,1.0,1.0,-1.2664545384783852,0.39924406639370286,-0.16035212502697904,0.43,0.22,10.5,0.21933867,-0.06835205,-0.9732515,-0.05814483,0.9983082
8.0630,386,-0.01994175,0.13192235,0.9664079,-1.8438449,0.5522331,0.5236,0.5236,0.0,0.0,-0.03681554,0.10277671,0.7838642,1.7364663,-0.7363108,-0.43165484,0.3836932,-0.04796165,-0.26378906,-1.0071946,0.0,0.0,0.0,0.0,0.0959233,-1.7506001,-0.28776988,-0.04796165,-0.023980824,0.24470821,-8.326769e-05,0.28638664,0.6506298,-0.2525778,-0.31945226,0.010824878,0.3111931,-0.2998124,-0.39708325,0.012483396,-0.56957394,-0.113880835,0.38201392,0.058077052,0.020679183,0.9667967,-1.4066426,0.669474,0.5236,0.5236,0.0,0.0,-0.102970816,-0.007279151,0.78910655,1.5715299,-0.6432965,0.024210000000000002,0.029589999999999998,0.70747,0.048420000000000005,0.1345,0.40081,-0.6590499999999999,0.05111,0.00538,-0.00269,-0.3220338983050847,1.0,0.6372881355932203,1.0,1.0,0.024858757062146894,-0.8666666666666667,1.0,1.0,-1.0,1,1,1,1,1,1,1,1,1,1,1.0,1.0,-1.2620912153483994,0.8912087492996045,-0.18871372537188688,-1.1,0.28,11.22,0.23368014,-0.040817495,-0.9714564,-0.28680325,0.9579895
8.0840,387,-0.007669904,0.13192235,0.9633399,-1.8469129,0.5537671,0.5236,0.5236,0.0,0.0,-0.05522331,0.065961175,0.7746603,1.7165245,-0.7255729,-0.16786577,0.35971236,-0.43165484,-0.23980825,-1.0791371,0.0,0.0,0.0,0.0,-0.16786577,-1.9904084,-0.3117507,-0.3117507,0.14388494,0.47599137,0.08150081,0.47206482,0.32137704,0.0038570762,-0.38170692,0.0074322037,0.38721818,-0.1120179,-0.5589217,0.117264874,-0.7014554,-0.36547655,0.38679904,0.11589784,0.041075204,1.0132163,-1.4889557,0.7453643,0.5236,0.5236,0.0,0.0,-0.14343043,0.01891622,0.7561362,1.5086309,-0.6421002,-0.49495999999999996,0.01076,0.0,0.00807,0.00269,0.34432,0.00807,0.0,1.1055899999999999,-0.00269,-1.0,1.0,-1.0,1.0,1.0,0.36610169491525424,-1.0,0.23502824858757063,1.0,-1.0,1,1,1,1,1,1,1,1,1,1,1.0,1.0,-1.08646745936647,1.0831949670189809,0.10253809355466686,-4.37,-2.24,12.11,0.25398302,-0.021420253,-0.9669714,-0.5,0.8660254
8.1040,388,0.029145636,0.107378654,0.97254384,-1.8499808,0.56297094,0.5236,0.5236,0.0,0.0,-0.08283496,0.06289321,0.76392245,1.681243,-0.7102331,0.21582742,0.0959233,-0.3836932,-0.1918466,-0.7673864,0.0,0.0,0.0,0.0,-0.45563567,-1.774581,-0.35971236,-0.6235014,0.3117507,0.38953733,0.55875456,0.5246949,-0.65187794,0.06763268,-0.32526574,-0.051960625,0.16947387,-0.103295624,-0.56110233,0.30435696,-0.7600561,-0.8043335,0.55139667,0.09428433,0.1374752,1.0263737,-1.5853558,0.7613082,0.5236,0.5236,0.0,0.0,-0.14397559,0.06568924,0.741486,1.4122308,-0.60095084,-0.58104,-0.03766,-0.04573,0.00807,0.00269,0.64022,0.059179999999999996,0.0,0.20175,-0.00269,-1.0,-1.0,-1.0,1.0,1.0,0.9299435028248587,0.6192090395480226,-1.0,1.0,-0.9186440677966101,1,1,1,1,1,1,1,1,1,1,1.0,1.0,-1.0035643198967394,0.5355979142057599,0.011999138607461015,-4.78,0.33,9.99,0.26743102,-0.004082917,-0.96356833,-0.6862416,0.72737366
8.1240,389,0.079767,0.084368944,0.9924856,-1.8545828,0.5675729,0.5236,0.5236,0.0,0.0,-0.12271846,0.05829127,0.7485826,1.6398255,-0.6856894,0.8633097,-0.33573154,0.0,-0.16786577,-0.26378906,0.0,0.0,0.0,0.0,-0.8633097,-1.2949644,-0.45563567,-1.0551562,0.551559,0.32246378,0.9842096,0.058206692,-1.2511321,0.11756242,-0.35405245,-0.09314858,-0.1283658,-0.1685533,-0.4881114,0.2704671,-0.66311026,-0.8442829,0.5000049,0.077515945,0.23387522,0.9299737,-1.6817558,0.77379066,0.5236,0.5236,0.0,0.0,-0.12572785,0.057216775,0.76572245,1.3889292,-0.61379874,0.09415,-1.4230099999999999,-0.0269,0.01076,0.00538,-0.32280000000000003,0.024210000000000002,0.0,0.06994,-0.00269,1.0,-0.807909604519774,-1.0,1.0,1.0,0.13785310734463277,1.0,-1.0,1.0,-1.0,1,1,1,1,1,1,1,1,1,1,1.0,1.0,-0.5541420375081997,0.2279836335417593,0.07417649320975901,-0.47,0.54,7.52,0.2724243,0.006121894,-0.9621577,-0.8354878,0.549509
8.1439,390,0.09970875,0.107378654,1.0154953,-1.8607187,0.60132045,0.5236,0.5236,0.0,0.0,-0.14572817,0.06749515,0.73017484,1.592272,-0.65194184,1.486811,-0.5035973,0.43165484,-0.1918466,0.26378906,0.0,0.0,0.0,0.0,-1.3189453,-0.5995206,-0.5995206,-1.5587536,0.8633097,0.37613314,1.3121027,-0.420917,-1.3098568,0.085184656,-0.29017603,-0.084880054,-0.4133546,-0.24133795,-0.31140882,0.25804514,-0.53847015,-0.57169,0.4319384,0.090933286,0.3302752,0.8335737,-1.7781558,0.76569617,0.5236,0.5236,0.0,0.0,-0.08155221,0.054111283,0.7968825,1.4570775,-0.6308154,0.18023,-0.59449,0.22057999999999997,0.08339,0.00269,-0.6725,-0.08339,0.1076,0.53531,0.24209999999999998,0.25310734463276835,-1.0,1.0,1.0,1.0,0.13333333333333333,-0.9774011299435028,1.0,1.0,0.6531073446327683,1,1,1,1,1,1,1,1,1,1,1.0,1.0,-0.5159629601208237,0.004363323129985824,0.1756237559819294,-2.99,-0.21,9.79,0.27455413,0.01530971,-0.9614498,-0.9396926,0.34202015
8.1639,391,0.09970875,0.16566992,0.9924856,-1.8683887,0.6335341,0.5236,0.5236,0.0,0.0,-0.14266022,0.070563115,0.722505,1.5508546,-0.6227962,1.486811,-0.07194247,0.57553977,-0.23980825,0.7194247,0.0,0.0,0.0,0.0,-1.2949644,-0.14388494,-0.6474822,-1.918466,1.1270987,0.5296682,1.4143562,-0.55169094,-1.2074871,0.08641393,-0.18168245,0.048882976,-0.5482815,-0.38723934,-0.1814749,0.1248873,-0.31968713,-0.1525026,0.41277987,0.12931706,0.37428907,0.75727725,-1.8711718,0.7660035,0.5236,0.5236,0.0,0.0,-0.049068723,0.020821825,0.85157824,1.5534775,-0.63560504,0.09953000000000001,-0.11028999999999999,0.38467,0.0,0.01345,-0.16140000000000002,-0.12643,0.029589999999999998,-0.69133,0.41157,0.3107344632768362,-1.0,1.0,-0.18531073446327684,1.0,-1.0,-0.04971751412429379,1.0,0.22598870056497175,0.976271186440678,1,1,1,1,1,1,1,1,1,1,1.0,1.0,-0.8508480103472356,-0.17671458676442586,0.14180800172453928,-3.14,-1.17,7.67,0.27137363,0.028565643,-0.9620501,-0.99323833,0.11609291
8.1857,392,0.10584468,0.25157285,0.9142526,-1.8729905,0.69182533,0.5236,0.5236,0.0,0.0,-0.11351458,0.06902914,0.7255729,1.521709,-0.6135923,0.93525213,1.2709837,-0.21582742,-0.28776988,1.2949644,0.0,0.0,0.0,0.0,-0.6714631,0.04796165,-0.57553977,-2.0143893,1.223022,0.5852615,1.2626755,-0.6948316,-1.1749564,0.37980387,-0.032136686,0.21033233,-0.5849068,-0.47177014,-0.10976832,0.045974202,-0.037344124,0.063026585,0.36869234,0.14321539,0.3363689,0.7214921,-1.8630391,0.839351,0.5236,0.5236,0.0,0.0,-0.03114208,0.0010935506,0.92216396,1.6157566,-0.6466269,-0.08070000000000001,-0.01614,0.048420000000000005,0.0,0.00269,-0.269,-0.8365900000000001,0.00269,-0.23403,0.15333,-0.2711864406779661,-1.0,0.9954802259887006,-0.9005649717514125,1.0,-0.5435028248587571,-0.5536723163841808,1.0,-0.24519774011299436,1.0,1,1,1,1,1,1,1,1,1,1,1.0,1.0,-1.1213740444063567,0.234528618236738,0.1112647398146385,-4.22,0.02,8.54,0.27455297,0.04694958,-0.9604251,-0.99323833,-0.11609291
8.2037,393,0.1196505,0.30833015,0.8513593,-1.8760585,0.7317088,0.5236,0.5236,0.0,0.0,-0.08130098,0.05675729,0.7485826,1.5416507,-0.6151263,0.5275781,2.2781782,-1.1750604,-0.28776988,1.7985618,0.0,0.0,0.0,0.0,0.0959233,0.04796165,-0.26378906,-1.6546768,1.0311754,0.51275396,1.0193706,-0.82447374,-1.0406979,0.46242508,0.12444645,0.34761876,-0.5103612,-0.3984166,-0.017580792,0.14150631,0.117642306,-0.042246126,0.65919536,0.1250885,0.27554265,0.68908155,-1.8294746,0.8600063,0.5236,0.5236,0.0,0.0,-0.008095198,0.024976578,0.9609106,1.5894384,-0.57400113,-0.69133,0.32011,0.024210000000000002,0.1345,-0.03228,-0.50303,-0.9146,0.15064,-0.03497,0.09146,-0.6259887005649718,1.0,1.0,0.9796610169491525,1.0,-1.0,-1.0,1.0,-1.0,1.0,1,1,1,1,1,1,1,1,1,1,1.0,1.0,-1.27736284630335,0.16035212502697904,-0.11344640137963143,-3.5,0.66,6.22,0.2775415,0.070405744,-0.95813036,-0.9396926,-0.34202015
8.2240,394,0.14112623,0.3436117,0.7869322,-1.8760585,0.7838642,0.5236,0.5236,0.0,0.0,-0.047553405,0.0398835,0.796136,1.5861361,-0.6181943,0.5035973,2.9016798,-2.4940057,-0.21582742,2.1582742,0.0,0.0,0.0,0.0,0.91127133,-0.23980825,0.3836932,-0.69544387,0.5995206,0.51607454,0.8193598,-0.8666571,-0.9048884,0.48127285,0.21033806,0.5062959,-0.55892885,-0.37884,0.011501152,0.19512123,0.12576509,-0.38304517,0.94149315,0.12591864,0.22553995,0.67853576,-1.7955222,0.86471826,0.5236,0.5236,0.0,0.0,-0.000824712,0.038380306,0.9629413,1.5042387,-0.5034267,0.49765,0.048420000000000005,0.05649,0.01076,0.00269,-0.15871000000000002,0.04304,0.01076,0.84197,0.0,0.17853107344632768,1.0,1.0,1.0,1.0,-0.41129943502824856,0.6870056497175141,1.0,0.7581920903954802,-1.0,1,1,1,1,1,1,1,1,1,1,1.0,1.0,-1.4409874636778182,-0.08944812416470937,-0.13853550937704992,-1.65,-1.23,5.95,0.2765256,0.09693701,-0.956105,-0.8354878,-0.549509
8.2480,395,0.14266022,0.34514567,0.7255729,-1.8867964,0.8390875,0.5236,0.5236,0.0,0.0,-0.01994175,0.046019424,0.8620972,1.6091459,-0.5921166,0.57553977,2.446044,-3.0695455,-0.1918466,2.3980825,0.0,0.0,0.0,0.0,1.4388494,-0.407674,1.4148686,0.6235014,0.26378906,0.5368735,0.69137573,-0.87156534,-0.7238903,0.4157785,0.18927588,0.5826972,-0.59143156,-0.34943008,0.040669274,0.18757206,0.026926354,-0.85484844,1.069653,0.13111839,0.19354394,0.6773087,-1.7502726,0.8483446,0.5236,0.5236,0.0,0.0,0.006467318,0.036493015,0.9382316,1.4078387,-0.47138673,0.17754,0.56759,0.12104999999999999,0.16947,0.0,0.02152,-0.29052,0.00269,1.0598599999999998,-0.00269,-0.006779661016949152,1.0,0.22824858757062147,1.0,0.20564971751412428,0.07231638418079096,0.25084745762711863,1.0,0.8700564971751412,-1.0,1,1,1,1,1,1,1,1,1,1,1.0,1.0,-1.0450158896316049,-0.12326387842209952,-0.37197329683129143,-1.2,-4.64,10.57,0.2734624,0.12244586,-0.95405734,-0.6862416,-0.72737366
8.2639,396,0.14266022,0.33287382,0.7040972,-1.8944663,0.8651652,0.5236,0.5236,0.0,0.0,-0.012271847,0.053689327,0.88203895,1.59534,-0.5537671,0.5275781,1.6546768,-2.9016798,-0.23980825,2.302159,0.0,0.0,0.0,0.0,1.3908877,-0.3117507,1.918466,0.959233,0.4796165,0.45989126,0.6416345,-0.8863317,-0.38148487,0.25455344,0.037978902,0.5624319,-0.53594536,-0.1751879,-0.04792337,0.13583131,-0.20970652,-1.3073514,0.9137829,0.111872815,0.18110862,0.6736171,-1.6646713,0.80803835,0.5236,0.5236,0.0,0.0,-0.015680842,0.023557827,0.8790734,1.3114387,-0.5103543,0.08070000000000001,0.72092,0.2152,0.18023,-0.22057999999999997,0.06725,-0.35508,0.00269,0.538,-0.00269,0.103954802259887,0.7661016949152543,0.04745762711864407,1.0,-1.0,-0.23389830508474577,-0.25649717514124293,1.0,0.6519774011299435,-0.5853107344632769,1,1,1,1,1,1,1,1,1,1,1.0,1.0,0.18544123302439752,0.34033920413889424,0.7581273938350369,-7.07,-3.79,12.84,0.27847776,0.12138775,-0.9527408,-0.5,-0.8660254
8.2880,397,0.13959225,0.29299033,0.69029135,-1.9052042,0.877437,0.5236,0.5236,0.0,0.0,-0.007669904,0.06135923,0.875903,1.5600585,-0.49087384,0.28776988,0.16786577,-2.1342933,-0.35971236,1.8944851,0.0,0.0,0.0,0.0,0.959233,0.04796165,1.7266194,0.43165484,1.2709837,0.4206528,0.6249958,-0.76488316,-0.07491794,-0.02758459,-0.088923156,0.52236927,-0.43035147,-0.10259351,-0.20537238,0.017608538,-0.3730202,-1.6366682,0.6450333,0.1020632,0.17694896,0.70397925,-1.5880295,0.7375039,0.5236,0.5236,0.0,0.0,-0.055043094,-0.0059978655,0.838245,1.2150387,-0.57754165,0.14795,0.7747200000000001,0.00269,0.13181,-0.06725,0.31204000000000004,-0.13988,0.0,0.81238,0.51379,0.011299435028248588,0.7412429378531074,1.0,1.0,-1.0,-0.09830508474576272,-1.0,-0.3751412429378531,1.0,1.0,1,1,1,1,1,1,1,1,1,1,1.0,1.0,0.13308135546456762,0.039269908169872414,0.9948376736367678,-4.42,-1.93,11.4,0.287628,0.10811548,-0.9516203,-0.28680325,-0.9579895
8.3046,398,0.13345633,0.26691267,0.68875736,-1.912874,0.88203895,0.5236,0.5236,0.0,0.0,-0.01840777,0.06902914,0.8651652,1.5293789,-0.47400007,0.07194247,-0.5995206,-1.5107919,-0.407674,1.4388494,0.0,0.0,0.0,0.0,0.57553977,0.28776988,1.1270987,-0.35971236,1.7506001,0.49958718,0.64171696,-0.7806526,0.24945049,-0.054788284,-0.22067885,0.4697681,-0.31728128,-0.02596464,-0.5390903,-0.050873347,-0.4331882,-1.6948006,0.2112062,0.121796794,0.18112925,0.7000369,-1.5069374,0.73070294,0.5236,0.5236,0.0,0.0,-0.13847257,-0.023118336,0.82320297,1.1762998,-0.6739417,0.39543,0.6079399999999999,0.05111,0.12373999999999999,-0.040350000000000004,0.07801000000000001,-0.62139,0.1076,0.75589,0.27707,0.26101694915254237,1.0,0.831638418079096,1.0,-1.0,0.08926553672316384,-0.28361581920903955,-0.15028248587570622,1.0,1.0,1,1,1,1,1,1,1,1,1,1,1.0,1.0,0.469057236473476,0.1407171709420428,0.9206611804270088,0.78,-0.17,10.31,0.29076502,0.096921675,-0.9518728,-0.05814483,-0.9983082
8.3262,399,0.12578642,0.23776703,0.6933593,-1.9190099,0.8881749,0.5236,0.5236,0.0,0.0,-0.04295146,0.079767,0.8406215,1.4971652,-0.4632622,-0.14388494,-1.223022,-0.7194247,-0.407674,0.8633097,0.0,0.0,0.0,0.0,0.023980824,0.3836932,0.14388494,-1.1270987,1.7506001,0.6183598,0.6923602,-0.90743667,0.6615419,-0.10849104,-0.37006667,0.35928315,-0.10585508,0.090349406,-0.89828,0.1279425,-0.32396728,-1.4129822,-0.30220848,0.15148996,0.19379005,0.66834086,-1.4105374,0.7172773,0.5236,0.5236,0.0,0.0,-0.22827001,0.021585625,0.8505082,1.2467544,-0.7703417,-0.09684000000000001,0.41426,0.07532,0.08070000000000001,-0.01883,0.4035,-0.20444,0.0,0.78279,0.19099000000000002,0.07344632768361582,0.5864406779661017,0.17627118644067796,1.0,-1.0,1.0,-1.0,-0.3728813559322034,1.0,1.0,1,1,1,1,1,1,1,1,1,1,1.0,1.0,0.533416252640767,0.3327033886614191,0.32288591161895097,-5.26,-0.36,11.87,0.2979263,0.08366423,-0.9509154,0.17364818,-0.9848077
8.3621,400,0.13192235,0.22089323,0.6979613,-1.9236119,0.8943108,0.5236,0.5236,0.0,0.0,-0.09970875,0.06749515,0.8114758,1.4603497,-0.45252433,-0.21582742,-1.3429261,-0.1918466,-0.35971236,0.4796165,0.0,0.0,0.0,0.0,-0.69544387,0.3117507,-0.5995206,-1.5107919,1.2470028,0.56008375,0.78198177,-0.87377834,0.95454764,-0.3833174,-0.48376226,0.23949392,0.08615561,0.15714201,-0.8683568,0.8436291,-0.27157333,-0.5881125,-0.32491273,0.13692094,0.21619543,0.6767554,-1.3306632,0.64857066,0.5236,0.5236,0.0,0.0,-0.22078921,0.11798562,0.8636067,1.3431544,-0.8200282,0.16947,-0.00269,0.05111,0.03766,-0.01345,0.15064,-0.6240800000000001,0.22865,0.8876999999999999,0.1345,-0.11186440677966102,0.25310734463276835,1.0,1.0,-1.0,1.0,-0.1367231638418079,1.0,1.0,1.0,1,1,1,1,1,1,1,1,1,1,1.0,1.0,0.03490658503988659,-0.1832595714594046,0.14726215563702155,-3.18,-0.41,10.7,0.29895517,0.079585336,-0.9509427,0.39607978,-0.9182161
8.3901,401,0.1518641,0.22242722,0.68875736,-1.9297478,0.8375535,0.5236,0.5236,0.0,0.0,-0.2162913,0.065961175,0.7869322,1.3867186,-0.4371845,0.23980825,-0.6714631,-0.023980824,-0.21582742,-0.16786577,0.0,0.0,0.0,0.0,-2.32614,-0.14388494,-0.91127133,-1.7506001,0.5035973,0.518184,0.7065303,-0.81725425,0.8988104,-0.5792979,-0.4617063,0.0777275,0.017767794,0.124217555,-0.5839494,1.4604827,-0.15166825,0.39100826,-0.2568757,0.12644601,0.19733256,0.69088644,-1.3445975,0.5995755,0.5236,0.5236,0.0,0.0,-0.14968735,0.21438563,0.89358294,1.4395545,-0.8030189,0.22326999999999997,0.024210000000000002,0.20713,0.01345,-0.50572,-0.17216,0.09953000000000001,0.10491,0.27707,0.30396999999999996,0.103954802259887,-0.2519774011299435,-0.1480225988700565,1.0,-1.0,0.36836158192090396,0.42824858757062145,1.0,0.3807909604519774,1.0,1,1,1,1,1,1,1,1,1,1,1.0,1.0,-0.5105088062083414,-0.6544984694978736,0.1636246173744684,-3.03,-0.32,8.41,0.28769442,0.08569621,-0.9538805,0.5971586,-0.8021232
8.4209,402,0.14726216,0.22856314,0.6964273,-1.9297478,0.7562525,0.5236,0.5236,0.0,0.0,-0.21782528,0.12732041,0.7761943,1.3867186,-0.48933986,0.28776988,-0.07194247,-0.04796165,-0.11990412,-1.3908877,0.0,0.0,0.0,0.0,-2.1582742,0.3117507,-0.6235014,-1.4148686,-0.04796165,0.5889159,0.6732967,-0.7118842,0.71566445,-0.43620205,-0.3534642,0.106406,-0.04369594,0.21204597,-0.511358,1.5985302,-0.2322905,0.81193477,-0.29277736,0.14412898,0.18902418,0.71722895,-1.390384,0.6353495,0.5236,0.5236,0.0,0.0,-0.13153951,0.31078562,0.8734274,1.5359545,-0.8119943,0.24209999999999998,0.2152,0.25555,0.01345,-0.00269,-0.36046,0.16409,0.04304,-0.18561,0.39543,0.14124293785310735,0.2598870056497175,-0.2214689265536723,1.0,-1.0,-0.7016949152542373,0.9988700564971752,1.0,-0.6644067796610169,1.0,1,1,1,1,1,1,1,1,1,1,1.0,1.0,-0.47887471351594413,-0.38833575856873837,0.15162547876700738,-3.81,-1.75,9.95,0.27848995,0.0938501,-0.9558428,0.76604444,-0.64278764
8.4529,403,0.14572817,0.22089323,0.7071651,-1.9389517,0.6826215,0.5236,0.5236,0.0,0.0,-0.16413595,0.22856314,0.796136,1.4465439,-0.5829127,0.0,0.07194247,0.16786577,-0.0959233,-2.302159,0.0,0.0,0.0,0.0,-0.28776988,1.7266194,-0.23980825,0.0,-1.3189453,0.673164,0.5788055,-0.48162004,0.38294014,-0.30765283,-0.31631345,0.08472581,0.07559544,0.36474994,-0.5627627,1.5534872,-0.6651057,0.95907456,-0.1352597,0.16519101,0.16540137,0.774795,-1.473565,0.6674868,0.5236,0.5236,0.0,0.0,-0.14439067,0.3779718,0.77702737,1.6323545,-0.7726149,0.048420000000000005,0.40081,-0.06456,0.059179999999999996,-0.04304,0.08070000000000001,0.08339,0.4035,-0.2152,0.15333,-0.04067796610169491,0.31864406779661014,-0.34576271186440677,1.0,-0.43954802259887005,-0.08248587570621468,1.0,0.8203389830508474,-1.0,1.0,1,1,1,1,1,1,1,1,1,1,1.0,1.0,0.6752242543653063,0.19525871006686563,0.47778388273344774,-4.67,-2.63,6.7,0.28470322,0.08163534,-0.9551334,0.89363265,-0.4487992
8.4702,404,0.14726216,0.2162913,0.717903,-1.9174759,0.6580778,0.5236,0.5236,0.0,0.0,-0.13805827,0.28378645,0.83141756,1.5002332,-0.63967,-0.04796165,-0.023980824,0.26378906,-0.04796165,-2.302159,0.0,0.0,0.0,0.0,0.6235014,2.3980825,0.21582742,0.93525213,-2.0863316,0.5394733,0.48682964,-0.26620984,-0.02551474,-0.106841415,-0.36213917,0.034626737,0.14462401,0.36633056,-0.5918916,1.4748617,-0.9517397,0.8829683,-0.11465122,0.13176833,0.14240742,0.82864755,-1.569965,0.7176897,0.5236,0.5236,0.0,0.0,-0.1516729,0.35831544,0.6935651,1.7287545,-0.7674628,-0.17216,0.41426,0.08608,0.41964,-0.01883,0.10491,-0.28245,-0.32549,0.0,0.00807,0.02711864406779661,1.0,0.3525423728813559,-0.559322033898305,0.7875706214689265,-0.2711864406779661,0.3423728813559322,-0.8497175141242937,-1.0,1.0,1,1,1,1,1,1,1,1,1,1,1.0,1.0,1.3395402009056478,0.47232972882096547,0.49523717525339095,-4.19,-2.36,5.64,0.2999349,0.0459084,-0.95285434,0.9730449,-0.23061587
8.4907,405,0.159534,0.20862138,0.7424467,-1.9036702,0.65961176,0.5236,0.5236,0.0,0.0,-0.13959225,0.34054375,0.84215546,1.5661944,-0.6979613,0.04796165,-0.16786577,0.43165484,0.23980825,-1.8705043,0.0,0.0,0.0,0.0,1.0791371,2.8297372,0.7434055,1.918466,-2.6378906,0.30037886,0.27861798,-0.08899258,-0.38931394,-0.066341475,-0.3105607,-0.022040905,0.049062844,0.07118018,-0.45540002,1.2929375,-0.91566813,0.6845174,-0.2351136,0.071994714,0.090354495,0.87295187,-1.666365,0.7278147,0.5236,0.5236,0.0,0.0,-0.11755001,0.31283438,0.70258296,1.7711294,-0.7975784,1.01413,0.17485,0.0,-0.00538,0.0,0.31742000000000004,-0.68326,-0.059179999999999996,-0.02152,-0.03228,0.31186440677966104,1.0,-1.0,1.0,1.0,0.880225988700565,-0.6214689265536724,-1.0,-1.0,-0.15819209039548024,1,1,1,1,1,1,1,1,1,1,1.0,1.0,1.6929693744344996,0.1505346479845109,0.6697701004528239,-0.26,-2.64,11.65,0.3030125,0.012242928,-0.9529079,1.0,0.0
8.5256,406,0.1196505,0.16260196,0.82681566,-1.9036702,0.7025632,0.5236,0.5236,0.0,0.0,-0.15033011,0.36508742,0.76238847,1.6904469,-0.75471854,-0.04796165,-0.5035973,1.1990412,0.4796165,-0.407674,0.0,0.0,0.0,0.0,0.407674,2.446044,0.14388494,3.0215838,-2.6378906,0.22898805,0.19438483,0.06568865,-0.47744453,-0.17019664,-0.323348,-0.07136096,0.04199348,-0.19185612,-0.28804186,1.0160165,-0.8733025,0.53572506,-0.4367326,0.054147013,0.06929621,0.91162217,-1.6886612,0.7018509,0.5236,0.5236,0.0,0.0,-0.07571047,0.24360412,0.7131744,1.7339313,-0.8479831,0.08339,0.40081,0.13988,0.29052,-0.10222,-0.12912,-0.38736000000000004,-0.029589999999999998,0.21251,0.1883,0.2271186440677966,0.6598870056497175,-0.43163841807909603,1.0,0.6045197740112994,0.20225988700564973,-0.584180790960452,-0.903954802259887,-1.0,0.4384180790960452,1,1,1,1,1,1,1,1,1,1,1.0,1.0,1.7300576210393792,0.2901609881440573,0.48651052899341934,-1.51,1.31,8.09,0.30818427,-0.021430032,-0.9510852,0.9730449,0.23061587
8.5420,407,0.09664079,0.14112623,0.8605632,-1.9052042,0.719437,0.5236,0.5236,0.0,0.0,-0.14879614,0.35588354,0.71636903,1.754874,-0.77005833,-0.4796165,-0.8393288,1.7266194,0.3117507,0.3836932,0.0,0.0,0.0,0.0,0.023980824,1.6067152,-0.959233,3.3573153,-2.1582742,0.3245993,0.37352777,0.08171188,-0.4176725,-0.4466247,-0.47432998,-0.039129756,0.17585409,-0.28743067,-0.19113041,0.75079167,-0.8802829,0.45847365,-0.48526043,0.07804982,0.11408194,0.91562796,-1.6737182,0.63274384,0.5236,0.5236,0.0,0.0,-0.051482603,0.17729792,0.7114293,1.7146184,-0.8601151,0.71285,0.57028,0.0538,0.39274000000000003,-0.1345,-0.43577999999999995,-0.57028,0.26362,0.4304,0.26631,1.0,1.0,-1.0,-1.0,-1.0,-1.0,-0.9401129943502825,1.0,1.0,1.0,1,1,1,1,1,1,1,1,1,1,1.0,1.0,1.279544507868343,0.7450374244450795,-0.5377795757707529,-4.56,0.16,9.78,0.32455772,-0.05817544,-0.94407517,0.89363265,0.4487992
8.5622,408,0.07823302,0.14112623,0.8897089,-1.915942,0.719437,0.5236,0.5236,0.0,0.0,-0.12732041,0.3267379,0.70102924,1.7947575,-0.77005833,-0.91127133,-0.959233,1.9664276,0.023980824,0.7673864,0.0,0.0,0.0,0.0,0.023980824,0.5275781,-1.7026385,3.3812962,-1.486811,0.3094338,0.46693954,0.05658886,-0.17973472,-0.5592142,-0.5494754,0.028903736,0.19526726,-0.3933226,-0.27562314,0.5885199,-0.8755044,0.39619678,-0.5002849,0.07425845,0.13743488,0.90934724,-1.6142337,0.6045965,0.5236,0.5236,0.0,0.0,-0.07260579,0.13672997,0.71262395,1.6990492,-0.8638712,-0.20982,0.0,-0.00269,0.28245,-0.00269,-0.31473,-0.9146,0.11567,0.50303,0.061869999999999994,0.46440677966101696,-0.6169491525423729,-1.0,1.0,-1.0,-0.752542372881356,-1.0,0.7129943502824859,1.0,0.9525423728813559,1,1,1,1,1,1,1,1,1,1,1.0,1.0,1.4224433403753785,1.0711958284115197,-0.037088246604879506,-6.03,-2.23,12.64,0.34499478,-0.08267626,-0.93495625,0.76604444,0.64278764
8.5840,409,0.07669904,0.14572817,0.9035147,-1.9297478,0.7025632,0.5236,0.5236,0.0,0.0,-0.09817477,0.30066022,0.6933593,1.8100973,-0.76852435,-0.9832138,-0.7434055,1.7266194,-0.21582742,0.551559,0.0,0.0,0.0,0.0,0.4796165,-0.45563567,-1.6067152,2.7817755,-0.7434055,0.19795756,0.447774,-0.007904778,0.14585379,-0.689922,-0.55405223,-0.027708823,0.14431837,-0.4710903,-0.22148152,0.36358327,-0.8605215,0.4509063,-0.27534008,0.04638939,0.13264349,0.8932238,-1.5328366,0.57191956,0.5236,0.5236,0.0,0.0,-0.05907038,0.08049582,0.7163696,1.7127266,-0.807635,0.0538,-0.02152,0.22865,0.1883,-0.00269,-0.14257,-1.18898,0.00269,0.5918,0.01345,0.04519774011299435,-0.07909604519774012,-0.20677966101694914,1.0,-1.0,-0.36610169491525424,-1.0,1.0,1.0,1.0,1,1,1,1,1,1,1,1,1,1,1.0,1.0,1.349357677948116,0.6272276999354621,0.28688849579656794,-2.06,3.28,11.42,0.35933262,-0.10820811,-0.9269149,0.5971586,0.8021232
8.6021,410,0.07669904,0.15493207,0.9035147,-1.9374177,0.6826215,0.5236,0.5236,0.0,0.0,-0.09203885,0.27304858,0.6872234,1.8039614,-0.76852435,-0.69544387,-0.26378906,1.2470028,-0.3836932,0.023980824,0.0,0.0,0.0,0.0,0.69544387,-0.91127133,-1.0791371,1.9904084,-0.3117507,0.19902012,0.3966694,-0.14617114,0.4312104,-0.8217194,-0.52569336,-0.031627595,0.20363864,-0.46532834,-0.19386986,0.110200144,-0.76394206,0.5659768,-0.07871847,0.04665503,0.11986735,0.85865724,-1.4614974,0.5389702,0.5236,0.5236,0.0,0.0,-0.052167464,0.017150037,0.7405145,1.7414942,-0.7584796,0.26093,0.14795,0.01076,0.12104999999999999,-0.00269,-0.25555,-0.84197,0.0269,-0.09684000000000001,0.0,1.0,1.0,1.0,1.0,-1.0,-0.9796610169491525,-1.0,1.0,-0.7129943502824859,-1.0,1,1,1,1,1,1,1,1,1,1,1.0,1.0,-0.13635384781205698,0.31306843457648287,-0.38288160465625604,-3.29,4.46,14.06,0.36641848,-0.10308709,-0.9247219,0.39607978,0.9182161
8.6241,411,0.06749515,0.15800002,0.9004467,-1.9435537,0.6550098,0.5236,0.5236,0.0,0.0,-0.07823302,0.23316509,0.6810875,1.7947575,-0.76392245,-0.407674,0.07194247,0.7194247,-0.45563567,-0.551559,0.0,0.0,0.0,0.0,0.8393288,-1.2949644,-0.5995206,0.8872905,-0.023980824,0.35847592,0.26898032,-0.18533918,0.591808,-0.6125506,-0.4742621,0.06376949,0.2940583,-0.3594618,-0.32482907,0.051191613,-0.63854927,0.4177248,-0.004171051,0.08651898,0.08794508,0.8488652,-1.4213481,0.59126234,0.5236,0.5236,0.0,0.0,-0.08490727,0.0023979032,0.7718627,1.7044312,-0.7398428,0.22326999999999997,0.07532,0.25286,0.10491,-0.00269,-0.59987,-0.66712,0.02152,-0.06456,0.0,0.22372881355932203,1.0,1.0,1.0,-1.0,-0.496045197740113,-1.0,1.0,0.2305084745762712,-1.0,1,1,1,1,1,1,1,1,1,1,1.0,1.0,-0.8792096106921434,0.7363107781851078,-0.8955720724295902,-6.12,1.31,10.81,0.38053718,-0.08059635,-0.9212468,0.17364818,0.9848077
8.6587,412,0.07823302,0.159534,0.874369,-1.9527576,0.63660204,0.5236,0.5236,0.0,0.0,-0.07669904,0.1518641,0.6703496,1.7748158,-0.75318456,-0.14388494,0.1918466,-0.16786577,-0.35971236,-0.93525213,0.0,0.0,0.0,0.0,0.551559,-1.8225427,-0.35971236,-0.1918466,0.11990412,0.34344816,0.13017912,-0.03847084,0.62835884,-0.427569,-0.3377371,0.08101597,0.26530632,-0.36738378,-0.3098003,-0.0026943237,-0.654184,0.2166132,0.35098168,0.08276204,0.05324478,0.8855823,-1.4122103,0.6375078,0.5236,0.5236,0.0,0.0,-0.08115008,-0.011073581,0.767954,1.6541533,-0.65105456,-0.024210000000000002,0.538,0.5084099999999999,0.03766,0.0,-0.18292,-0.6079399999999999,0.05111,0.6590499999999999,-0.00269,-0.34689265536723163,0.6587570621468927,0.8350282485875706,1.0,-1.0,-0.0384180790960452,-1.0,1.0,0.4632768361581921,-0.5898305084745763,1,1,1,1,1,1,1,1,1,1,1.0,1.0,-1.1628256141412219,0.08399397025222712,-0.47342055960346185,-4.09,-0.1,9.18,0.38676083,-0.056126244,-0.9204704,-0.05814483,0.9983082
8.6778,413,0.08590292,0.14266022,0.86823314,-1.9573594,0.64120394,0.5236,0.5236,0.0,0.0,-0.084368944,0.10584468,0.6626797,1.75334,-0.74091274,0.023980824,0.0,-0.407674,-0.28776988,-0.69544387,0.0,0.0,0.0,0.0,0.23980825,-2.0863316,-0.33573154,-0.5035973,0.23980825,0.57720566,0.0067398697,0.13910301,0.5097191,-0.078385815,-0.41465098,0.15022619,0.3639838,-0.20088877,-0.5387077,0.018727824,-0.8066621,-0.107459515,0.29209578,0.14120142,0.022384968,0.92997575,-1.4418703,0.72480357,0.5236,0.5236,0.0,0.0,-0.13837692,-0.005718044,0.7298345,1.5731351,-0.665776,0.4035,1.00337,-0.03228,0.0269,0.0,-0.029589999999999998,-0.58104,0.04304,0.11835999999999999,0.06994,0.17740112994350282,0.9073446327683616,-1.0,1.0,0.9480225988700565,0.12203389830508475,-0.9129943502824859,1.0,1.0,-1.0,1,1,1,1,1,1,1,1,1,1,1.0,1.0,-1.038470904936626,0.5159629601208237,-0.2857976650140715,-4.86,1.05,9.52,0.39494544,-0.020410618,-0.9184778,-0.28680325,0.9579895
8.6978,414,0.088970885,0.107378654,0.88050497,-1.9604274,0.6458059,0.5236,0.5236,0.0,0.0,-0.08743691,0.06289321,0.6534758,1.7333983,-0.7332428,0.23980825,-0.3117507,-0.3836932,-0.23980825,-0.3117507,0.0,0.0,0.0,0.0,-0.023980824,-2.206236,-0.33573154,-0.69544387,0.33573154,0.5945226,0.1831497,0.41545665,-0.08964868,0.06530192,-0.4298526,0.043683857,0.29739934,-0.18419106,-0.58684456,0.15931302,-0.89261836,-0.5104877,0.43189037,0.14553066,0.066487424,0.9990642,-1.5382704,0.7607255,0.5236,0.5236,0.0,0.0,-0.15041114,0.029428255,0.7083454,1.4767351,-0.6308274,-0.90653,0.51648,-0.029589999999999998,0.01345,0.0,0.01883,0.08339,0.0,0.03497,0.08877,-0.47005649717514125,0.6858757062146893,-1.0,1.0,1.0,1.0,-0.8621468926553673,0.6101694915254238,1.0,0.2192090395480226,1,1,1,1,1,1,1,1,1,1,1.0,1.0,-0.8846637646046258,0.08290313946973064,-0.12762720155208535,-4.68,-0.55,9.81,0.4009259,-0.0,-0.9161105,-0.5,0.8660254
8.7140,415,0.111980595,0.07669904,0.89584476,-1.9634954,0.6458059,0.5236,0.5236,0.0,0.0,-0.107378654,0.053689327,0.6442719,1.7011847,-0.719437,0.407674,-0.7434055,-0.07194247,-0.1918466,-0.04796165,0.0,0.0,0.0,0.0,-0.26378906,-2.0623507,-0.3836932,-0.93525213,0.45563567,0.5452315,0.56808203,0.34433272,-0.80935836,0.15426472,-0.4219274,0.07057078,0.06994195,-0.18215154,-0.6943115,0.2468791,-0.9367806,-0.90799993,0.43055958,0.13320789,0.1627205,0.9812832,-1.6346704,0.7829662,0.5236,0.5236,0.0,0.0,-0.17727788,0.051319774,0.69730484,1.3803351,-0.6311601,-0.2152,-0.24209999999999998,0.08608,0.00538,0.0,0.45192,0.08877,0.029589999999999998,0.2959,0.0,-0.9683615819209039,-1.0,-1.0,-1.0,1.0,1.0,1.0,-1.0,1.0,-1.0,1,1,1,1,1,1,1,1,1,1,1.0,1.0,-0.8617563181722002,0.2879793265790644,-0.2901609881440573,-4.39,-0.5,7.59,0.4041894,0.016330885,-0.91452956,-0.6862416,0.72737366
8.7522,416,0.14266022,0.09050487,0.96180594,-1.9742333,0.67495155,0.5236,0.5236,0.0,0.0,-0.16413595,0.06135923,0.62586415,1.6106799,-0.6703496,0.7913672,-1.0551562,0.959233,-0.1918466,0.1918466,0.0,0.0,0.0,0.0,-0.8633097,-1.0071946,-0.4796165,-1.6786577,0.7673864,0.5038192,1.0354574,-0.10421207,-1.336456,0.24606353,-0.40597293,-0.004336849,-0.25292826,-0.24158515,-0.55474263,0.25388148,-0.8474161,-1.0589908,0.34254324,0.12285481,0.2591205,0.88488317,-1.7310704,0.8059159,0.5236,0.5236,0.0,0.0,-0.14238566,0.05307037,0.719646,1.3352523,-0.65316415,0.10222,-0.19906000000000001,0.04304,0.10491,0.46537,-0.28783,-0.0538,0.08877,0.50034,-0.05649,0.05084745762711865,-0.6892655367231638,-0.2135593220338983,1.0,0.8406779661016949,0.14124293785310735,0.03728813559322034,1.0,1.0,-0.4135593220338983,1,1,1,1,1,1,1,1,1,1,1.0,1.0,-0.40797071265367457,0.09272061651219876,-0.31306843457648287,-4.34,-0.09,6.8,0.4111479,0.030606542,-0.91105473,-0.8354878,0.549509
8.7680,417,0.14266022,0.13192235,0.97100985,-1.9803692,0.71636903,0.5236,0.5236,0.0,0.0,-0.17794177,0.06135923,0.638136,1.5677284,-0.6442719,0.815348,-0.35971236,1.223022,-0.23980825,0.57553977,0.0,0.0,0.0,0.0,-1.1270987,-0.43165484,-0.43165484,-2.0623507,1.0071946,0.49702287,1.2576427,-0.48516378,-1.3652613,0.14804363,-0.2815743,-0.016215947,-0.4861305,-0.30949712,-0.28927818,0.21095908,-0.6496789,-0.7131854,0.39272833,0.12115572,0.3351107,0.78848314,-1.8274704,0.78141093,0.5236,0.5236,0.0,0.0,-0.07601955,0.04233977,0.7690803,1.4217037,-0.6406179,0.07263,0.21251,-0.1883,0.20444,0.16678,-0.08608,-0.03497,0.50572,0.47881999999999997,0.33625,0.059887005649717516,-1.0,-0.192090395480226,-0.38757062146892657,1.0,0.22824858757062147,-0.0519774011299435,1.0,1.0,0.07796610169491526,1,1,1,1,1,1,1,1,1,1,1.0,1.0,-0.4625122517784973,-0.5846852994181003,-0.2148936641518018,-5.81,-1.74,7.59,0.39996314,0.048975077,-0.9152218,-0.9396926,0.34202015
8.7880,418,0.13192235,0.19788352,0.9510681,-1.9865052,0.7501166,0.5236,0.5236,0.0,0.0,-0.16873789,0.06442719,0.6442719,1.520175,-0.62739813,0.5035973,0.7913672,1.103118,-0.28776988,1.1510795,0.0,0.0,0.0,0.0,-1.0791371,-0.023980824,-0.11990412,-2.3501208,1.1990412,0.6707817,1.307868,-0.57197624,-1.338498,0.23416868,-0.14110167,0.13532007,-0.5855639,-0.4445975,-0.23073433,0.07660422,-0.39314154,-0.36732265,0.31402534,0.16459543,0.347667,0.75220597,-1.9039246,0.8029422,0.5236,0.5236,0.0,0.0,-0.061383583,0.008751054,0.83321464,1.5081694,-0.66029364,0.09953000000000001,-0.08877,0.14795,0.029589999999999998,-0.25017,-0.9280499999999999,-0.3497,0.01076,-0.39274000000000003,0.0,0.18305084745762712,-1.0,1.0,1.0,-0.2632768361581921,-0.9977401129943503,-1.0,1.0,1.0,-0.5943502824858757,1,1,1,1,1,1,1,1,1,1,1.0,1.0,-0.8999353955595762,-0.5737769915931359,-0.11999138607461016,-4.88,-2.29,8.32,0.38992423,0.06328613,-0.9186697,-0.99323833,0.11609291
8.8080,419,0.12578642,0.26537868,0.8897089,-1.9865052,0.76852435,0.5236,0.5236,0.0,0.0,-0.124252446,0.06289321,0.6442719,1.4971652,-0.6227962,0.0,2.0143893,0.11990412,-0.28776988,1.5347728,0.0,0.0,0.0,0.0,-0.35971236,0.07194247,0.04796165,-2.2781782,1.1270987,0.595676,1.1219118,-0.54388666,-1.2819879,0.34768698,7.3047355e-05,0.17754278,-0.52013946,-0.5171266,0.0065871067,0.120123774,-0.15469903,-0.15512304,0.6071673,0.14581901,0.30117795,0.75922835,-1.889797,0.8313218,0.5236,0.5236,0.0,0.0,-0.0020532233,0.019630942,0.89282525,1.5612192,-0.5870082,-0.44923,-0.040350000000000004,0.06725,0.0,0.0,-0.35777,-0.048420000000000005,0.00269,-0.807,0.01076,-0.7604519774011299,-1.0,1.0,0.7954802259887006,0.9299435028248587,-1.0,-1.0,1.0,0.25649717514124293,1.0,1,1,1,1,1,1,1,1,1,1,1.0,1.0,-1.040652566501619,-1.0221084431991792,-0.41015237421866746,-4.57,-1.68,8.66,0.37328425,0.08261208,-0.9240315,-0.99323833,-0.11609291
8.8280,420,0.1441942,0.32520393,0.81761175,-1.9742333,0.796136,0.5236,0.5236,0.0,0.0,-0.08283496,0.050621364,0.65040785,1.5109711,-0.62586415,-0.04796165,2.6858523,-1.1750604,-0.14388494,1.4628303,0.0,0.0,0.0,0.0,0.551559,-0.023980824,0.23980825,-1.7506001,0.7673864,0.6464633,0.9797765,-0.72475785,-1.206373,0.44121274,0.10065672,0.3771965,-0.55028623,-0.50371563,-0.0034617223,0.19872768,0.043268807,-0.32395846,0.72254705,0.15851583,0.26564413,0.71401054,-1.8708932,0.8547032,0.5236,0.5236,0.0,0.0,-0.004565431,0.03928192,0.94231725,1.5190104,-0.5581632,-0.16678,0.36315,-1.11635,0.00807,0.00269,-0.30128,0.01345,0.00269,-0.58911,-0.00538,-0.024858757062146894,1.0,0.22372881355932203,1.0,0.5468926553672316,-0.6384180790960452,0.4915254237288136,1.0,-0.1864406779661017,-1.0,1,1,1,1,1,1,1,1,1,1,1.0,1.0,-1.1420998292737894,-0.4886921905584123,-0.8399397025222711,-5.68,1.4,8.28,0.3601812,0.10917675,-0.9264718,-0.9396926,-0.34202015
8.8480,421,0.1518641,0.33747578,0.77926224,-1.9588934,0.8237477,0.5236,0.5236,0.0,0.0,-0.035281558,0.047553405,0.65194184,1.5416507,-0.61205834,0.0959233,2.7577949,-2.182255,0.14388494,1.3189453,0.0,0.0,0.0,0.0,1.486811,-0.16786577,0.16786577,-0.7673864,0.3836932,0.6039514,0.8009748,-0.7574412,-1.0331818,0.46552125,0.15536363,0.50634724,-0.5884161,-0.45986944,0.026249018,0.22211978,-0.032860115,-0.6472521,0.91048527,0.14788786,0.22094369,0.7058397,-1.8275955,0.86078036,0.5236,0.5236,0.0,0.0,0.0028622544,0.045129944,0.923285,1.438187,-0.5111787,0.01614,0.2152,0.30666,0.00538,0.0,0.04573,-0.040350000000000004,0.00269,0.83121,-0.00269,-0.24519774011299436,1.0,0.3536723163841808,1.0,0.42259887005649716,-0.1423728813559322,-0.21694915254237288,1.0,0.2768361581920904,-0.735593220338983,1,1,1,1,1,1,1,1,1,1,1.0,1.0,-1.1879147221386406,-0.6359543461954338,-0.7581273938350369,-3.0,-4.36,6.76,0.34793782,0.1367263,-0.92749405,-0.8354878,-0.549509
8.8683,422,0.15800002,0.3282719,0.7424467,-1.9650294,0.8528933,0.5236,0.5236,0.0,0.0,-0.012271847,0.050621364,0.6718836,1.5416507,-0.5813787,0.3117507,2.0623507,-2.5419674,0.3117507,1.2709837,0.0,0.0,0.0,0.0,1.8705043,-0.21582742,0.21582742,0.0959233,0.43165484,0.5544349,0.6526265,-0.69163394,-0.8851044,0.33901855,0.117447615,0.563498,-0.5994718,-0.47587794,0.092578515,0.21587959,-0.150836,-1.0731148,1.0018818,0.13550873,0.18385664,0.7222915,-1.7905762,0.8291547,0.5236,0.5236,0.0,0.0,0.01944463,0.043569896,0.893791,1.341787,-0.48832953,0.07263,0.01076,0.27169,0.16678,0.0,0.30396999999999996,-0.14257,-0.00538,0.95226,0.0,0.192090395480226,1.0,0.392090395480226,1.0,0.32429378531073444,-0.031638418079096044,0.16836158192090395,1.0,1.0,-0.9333333333333333,1,1,1,1,1,1,1,1,1,1,1.0,1.0,-0.5465062220307244,-0.7068583470577035,-0.8890270877346116,-5.51,-2.08,9.19,0.33273745,0.15718271,-0.9298276,-0.6862416,-0.72737366
8.9044,423,0.15033011,0.27765054,0.72403896,-1.9788352,0.875903,0.5236,0.5236,0.0,0.0,0.012271847,0.065961175,0.6841554,1.4833595,-0.52308744,0.21582742,0.07194247,-1.7506001,0.04796165,1.223022,0.0,0.0,0.0,0.0,1.486811,0.07194247,0.5035973,0.0,1.1270987,0.521004,0.5772732,-0.7138857,-0.6133461,0.25949624,-0.027171772,0.5494317,-0.5793285,-0.33740693,-0.07116329,0.1289604,-0.37596193,-1.5276669,0.73599315,0.12715101,0.16501829,0.71672857,-1.7226366,0.8092741,0.5236,0.5236,0.0,0.0,-0.021490822,0.0218401,0.8375095,1.245387,-0.5548017,0.17216,0.58911,-0.00807,0.14526,-0.54876,-0.04573,-0.26631,0.024210000000000002,0.55952,-0.00269,0.13220338983050847,0.5412429378531074,-0.05423728813559322,1.0,-0.9491525423728814,-0.2847457627118644,0.07005649717514124,1.0,1.0,-0.7310734463276836,1,1,1,1,1,1,1,1,1,1,1.0,1.0,0.7712173632249943,-0.1439896632895322,0.039269908169872414,-8.04,-3.83,13.35,0.32638896,0.14993493,-0.93326837,-0.5,-0.8660254
8.9198,424,0.14572817,0.25157285,0.72710687,-1.9849712,0.86669916,0.5236,0.5236,0.0,0.0,0.015339808,0.06902914,0.6810875,1.441942,-0.49700978,0.023980824,-0.6714631,-1.1270987,-0.1918466,0.91127133,0.0,0.0,0.0,0.0,1.0311754,0.23980825,0.4796165,-0.7673864,1.4148686,0.49338818,0.550539,-0.6607675,-0.2598891,0.07074668,-0.15950377,0.60254204,-0.5157368,-0.16186294,-0.3382828,-0.018296592,-0.54379153,-1.8466322,0.38019735,0.12024704,0.15833476,0.7300081,-1.6342723,0.7620867,0.5236,0.5236,0.0,0.0,-0.0882707,-0.014974148,0.79555213,1.1489869,-0.64375067,0.17216,0.5460699999999999,0.17754,0.061869999999999994,-0.37390999999999996,0.048420000000000005,-0.41695,0.09415,0.43577999999999995,0.23403,1.0,0.8813559322033898,0.9062146892655367,1.0,-0.5570621468926553,1.0,-1.0,-0.35141242937853107,1.0,0.9932203389830508,1,1,1,1,1,1,1,1,1,1,1.0,1.0,0.22689280275926285,-0.1756237559819294,0.014180800172453928,-1.1,0.17,12.14,0.3214664,0.13777131,-0.93684494,-0.28680325,-0.9579895
8.9542,425,0.13652429,0.21935925,0.7255729,-1.9880391,0.85749525,0.5236,0.5236,0.0,0.0,0.0015339808,0.06902914,0.67341757,1.3959225,-0.48473793,-0.14388494,-1.2470028,-0.5275781,-0.28776988,0.3836932,0.0,0.0,0.0,0.0,0.5995206,0.26378906,0.23980825,-1.5587536,1.4388494,0.5642808,0.5683498,-0.70450324,0.118807435,-0.00019870698,-0.2878147,0.56882626,-0.37003502,-0.049036525,-0.70983595,-0.029146545,-0.52991647,-1.8726326,-0.11549927,0.13797021,0.16278744,0.7190742,-1.5395982,0.7443504,0.5236,0.5236,0.0,0.0,-0.18115899,-0.017686635,0.7990209,1.1318419,-0.7401507,0.09146,0.00807,-0.23671999999999999,0.04304,-0.00538,0.59987,-0.02152,0.13719,0.6079399999999999,0.1345,0.36610169491525424,0.9480225988700565,0.16497175141242937,1.0,-1.0,0.6621468926553672,-1.0,1.0,1.0,1.0,1,1,1,1,1,1,1,1,1,1,1.0,1.0,0.3676099737013056,-0.06872233929727672,-0.26398104936414235,-4.34,-1.61,10.44,0.31836984,0.13163368,-0.9387829,-0.05814483,-0.9983082
8.9698,426,0.12578642,0.18561168,0.7332428,-1.9926411,0.84215546,0.5236,0.5236,0.0,0.0,-0.070563115,0.04295146,0.6534758,1.3268933,-0.47400007,-0.33573154,-1.4628303,0.0,-0.23980825,-0.14388494,0.0,0.0,0.0,0.0,-0.5035973,-0.04796165,-0.23980825,-2.1582742,1.0071946,0.58686674,0.7058664,-0.8043369,0.53857625,-0.078991964,-0.45914656,0.41071048,-0.11357835,0.098618045,-0.9706078,0.36901408,-0.41489494,-1.3451829,-0.47399575,0.14361669,0.19716659,0.69411576,-1.4431982,0.72465205,0.5236,0.5236,0.0,0.0,-0.24635196,0.078713365,0.8277763,1.2282419,-0.8365507,-0.32011,-0.27438,0.37929,0.01345,-0.47613,0.19906000000000001,-0.3766,0.16409,0.50572,0.16678,-0.9005649717514125,-0.3016949152542373,1.0,1.0,-1.0,1.0,-1.0,1.0,1.0,1.0,1,1,1,1,1,1,1,1,1,1,1.0,1.0,0.10035643198967394,-0.05890486225480862,-0.3021601267515183,-2.34,0.07,8.27,0.316315,0.12958711,-0.9397617,0.17364818,-0.9848077
8.9900,427,0.13652429,0.18561168,0.72864085,-1.9972429,0.80380595,0.5236,0.5236,0.0,0.0,-0.12271846,0.027611654,0.64120394,1.2854759,-0.46786413,-0.26378906,-1.223022,0.04796165,-0.1918466,-0.5275781,0.0,0.0,0.0,0.0,-1.3429261,-0.407674,-0.45563567,-2.2302167,0.6474822,0.5222935,0.7374075,-0.8173734,0.78277075,-0.44964328,-0.4616766,0.23066643,0.03274604,0.11151533,-0.7502961,1.0815616,-0.19957297,-0.3675893,-0.42109066,0.12747338,0.20505187,0.6908567,-1.3736074,0.6319892,0.5236,0.5236,0.0,0.0,-0.19127403,0.17511337,0.88160676,1.324642,-0.84407264,0.20175,-0.48689,0.57297,0.01883,-0.01076,0.16140000000000002,0.01883,0.15871000000000002,0.28514,0.11028999999999999,-0.0768361581920904,-0.9581920903954803,0.16271186440677965,1.0,-1.0,1.0,1.0,1.0,0.984180790960452,1.0,1,1,1,1,1,1,1,1,1,1,1.0,1.0,-0.2028945255443408,-0.3207042500539581,-0.41778818969614256,-2.13,-2.09,8.64,0.31032348,0.13372491,-0.9411785,0.39607978,-0.9182161
9.0118,428,0.14266022,0.19788352,0.71330106,-1.9987769,0.7731263,0.5236,0.5236,0.0,0.0,-0.18254371,0.050621364,0.6335341,1.2655342,-0.49087384,-0.04796165,-0.7194247,-0.04796165,-0.16786577,-0.91127133,0.0,0.0,0.0,0.0,-2.1103125,-0.5035973,-0.551559,-2.0623507,0.3117507,0.6255673,0.67088324,-0.8146437,0.79529345,-0.49743655,-0.36043474,0.19584826,-0.0012281816,0.13295563,-0.50755763,1.4309253,-0.07074591,0.34815967,-0.4127199,0.15329184,0.1884208,0.6915391,-1.3704767,0.6200409,0.5236,0.5236,0.0,0.0,-0.13058941,0.27151337,0.91381353,1.421042,-0.84198,-0.16947,-0.01076,0.31742000000000004,0.00807,-0.00269,-0.71285,0.40081,0.08339,-0.70478,0.00269,0.02824858757062147,-0.7152542372881356,0.31864406779661014,1.0,-1.0,0.4497175141242938,1.0,1.0,-1.0,1.0,1,1,1,1,1,1,1,1,1,1,1.0,1.0,-0.49305551368839806,-0.2585268954516601,-0.6981317007977318,-3.67,-2.54,7.61,0.3030767,0.14490536,-0.9418848,0.5971586,-0.8021232
9.0317,429,0.13959225,0.20708741,0.7025632,-2.0033789,0.7347768,0.5236,0.5236,0.0,0.0,-0.20095149,0.10891264,0.6304661,1.2916118,-0.54609716,0.07194247,-0.16786577,-0.26378906,-0.16786577,-1.3429261,0.0,0.0,0.0,0.0,-2.3501208,0.0959233,-0.5275781,-1.486811,-0.28776988,0.6223602,0.63603663,-0.69189733,0.6085796,-0.44186625,-0.30846402,0.14062822,-0.02797574,0.18047936,-0.43051553,1.4770309,-0.12327305,0.7217724,-0.3363101,0.15249006,0.17970917,0.72222567,-1.4171551,0.6339335,0.5236,0.5236,0.0,0.0,-0.111328885,0.35885772,0.90068173,1.517442,-0.8228775,-0.64022,0.08877,-0.00538,0.024210000000000002,-0.024210000000000002,-0.22057999999999997,0.19099000000000002,0.01345,-0.11567,0.00538,-0.23728813559322035,1.0,-0.0576271186440678,1.0,-1.0,-1.0,1.0,1.0,-1.0,1.0,1,1,1,1,1,1,1,1,1,1,1.0,1.0,-0.21380283336930536,-0.2748893571891069,-0.35452000431134817,-2.24,-1.37,5.58,0.29675946,0.15500838,-0.94228774,0.76604444,-0.64278764
9.0517,430,0.15033011,0.20095149,0.6979613,-2.0049129,0.6841554,0.5236,0.5236,0.0,0.0,-0.17333983,0.17180584,0.6427379,1.3422332,-0.60132045,0.21582742,0.14388494,-0.407674,-0.16786577,-1.7026385,0.0,0.0,0.0,0.0,-1.8225427,1.1990412,-0.28776988,-0.43165484,-1.1750604,0.65053415,0.60594434,-0.4936281,0.29978332,-0.3637666,-0.29690334,0.076557316,0.023563761,0.2709034,-0.42399812,1.3284372,-0.35853222,0.84930056,-0.18805866,0.15953355,0.17218608,0.771793,-1.4943542,0.65345836,0.5236,0.5236,0.0,0.0,-0.10969953,0.3217093,0.84186697,1.613842,-0.78581464,-0.05111,0.16140000000000002,-0.7666499999999999,0.024210000000000002,0.00807,-0.29858999999999997,0.17754,0.00269,-0.09953000000000001,-0.15333,-0.07231638418079096,0.10621468926553672,-0.6587570621468927,1.0,1.0,-0.496045197740113,1.0,1.0,-1.0,1.0,1,1,1,1,1,1,1,1,1,1,1.0,1.0,0.34797501961636945,0.07853981633974483,-0.18980455615438332,-2.37,0.65,6.54,0.2959221,0.15306315,-0.94286895,0.89363265,-0.4487992
9.0716,431,0.15493207,0.19481556,0.7086991,-1.9972429,0.6534758,0.5236,0.5236,0.0,0.0,-0.1349903,0.239301,0.65961176,1.4097283,-0.66421366,0.1918466,0.11990412,-0.35971236,-0.0959233,-1.8944851,0.0,0.0,0.0,0.0,-0.6714631,2.2781782,0.0,0.91127133,-2.0863316,0.6457568,0.49986908,-0.30816418,-0.056627963,-0.27916154,-0.35255557,-0.008087575,0.10371247,0.3346269,-0.426365,1.2487184,-0.7010859,0.8220675,-0.05579242,0.1583392,0.14566727,0.818159,-1.583457,0.67460966,0.5236,0.5236,0.0,0.0,-0.11029125,0.3017796,0.75622857,1.710242,-0.7527481,0.08070000000000001,0.15602000000000002,-0.7639600000000001,-0.01614,0.23671999999999999,0.22057999999999997,-0.8204499999999999,-0.37122,-0.06994,-0.7854800000000001,-0.04858757062146893,0.8384180790960452,-0.9378531073446328,1.0,0.9954802259887006,-0.1615819209039548,-0.03502824858757062,0.8621468926553673,-1.0,0.17175141242937852,1,1,1,1,1,1,1,1,1,1,1.0,1.0,1.2686362000433782,0.4439681284760576,-0.19525871006686563,-3.36,-2.07,5.67,0.3010715,0.13471675,-0.94403774,0.9730449,-0.23061587
9.0943,432,0.15800002,0.18561168,0.7470486,-1.9895731,0.6534758,0.5236,0.5236,0.0,0.0,-0.11044662,0.2945243,0.69949526,1.4986992,-0.72710687,0.23980825,-0.07194247,0.11990412,0.023980824,-1.7506001,0.0,0.0,0.0,0.0,0.6235014,2.877699,0.551559,2.32614,-2.6858523,0.4811973,0.29759696,-0.05777765,-0.43479866,-0.15953326,-0.3812856,-0.10355125,0.044496406,0.11581011,-0.35770118,1.1220949,-0.8155238,0.6507378,-0.13447477,0.117199324,0.09509924,0.8807556,-1.6779997,0.7045167,0.5236,0.5236,0.0,0.0,-0.0931253,0.27012372,0.72761905,1.7626845,-0.7724187,0.02152,0.18561,-0.45192,0.0,0.00269,0.17754,-0.03228,-0.23940999999999998,-0.00269,-0.42502,-0.015819209039548022,0.3333333333333333,-0.6271186440677966,1.0,1.0,0.4,0.784180790960452,0.96045197740113,-1.0,0.9457627118644067,1,1,1,1,1,1,1,1,1,1,1.0,1.0,2.0660335020482874,0.5486878835957173,0.02617993877991494,-3.67,-3.73,7.44,0.3113039,0.09900486,-0.9451391,1.0,0.0
9.1117,433,0.16260196,0.17487381,0.7838642,-1.9650294,0.66574764,0.5236,0.5236,0.0,0.0,-0.11044662,0.31293207,0.7255729,1.5692624,-0.7439807,0.23980825,-0.28776988,0.6714631,0.26378906,-1.1750604,0.0,0.0,0.0,0.0,1.0551562,2.733814,1.0071946,3.1175072,-2.6618714,0.38958865,0.2181148,0.07463611,-0.5707316,-0.11899635,-0.33355287,-0.17403996,-0.009385705,-0.14022206,-0.18389995,0.96350193,-0.8187638,0.49109772,-0.2711472,0.09429716,0.0752287,0.91385907,-1.711983,0.7146509,0.5236,0.5236,0.0,0.0,-0.049674988,0.23047549,0.7268091,1.7227745,-0.8065868,0.44384999999999997,0.61601,-0.04573,-0.32549,0.01883,-0.39812000000000003,-1.03296,-0.40081,-0.024210000000000002,-0.00538,1.0,1.0,-1.0,-1.0,1.0,-1.0,-1.0,-1.0,-1.0,0.8497175141242937,1,1,1,1,1,1,1,1,1,1,1.0,1.0,2.455460091399522,0.4537856055185257,-0.05999569303730508,-3.11,-0.49,5.0,0.32031646,0.056106385,-0.94564766,0.9730449,0.23061587
9.1336,434,0.13652429,0.159534,0.84368944,-1.9466217,0.68875736,0.5236,0.5236,0.0,0.0,-0.10431069,0.30833015,0.722505,1.6551653,-0.7455147,0.023980824,-0.407674,1.486811,0.5995206,-0.26378906,0.0,0.0,0.0,0.0,0.8393288,2.0143893,1.1750604,3.6211045,-2.0863316,0.23885795,0.2566073,0.22474764,-0.5624624,-0.29728702,-0.4038631,-0.1908851,-0.019673169,-0.35493675,-0.060863364,0.7104461,-0.8643163,0.45239767,-0.15917902,0.05661449,0.084851824,0.9513869,-1.7099156,0.6700783,0.5236,0.5236,0.0,0.0,-0.018915841,0.16721153,0.71542096,1.7130995,-0.77859473,0.04573,0.00807,-0.00269,0.00269,0.00269,-0.6348400000000001,-0.9657100000000001,0.03497,0.46268,0.059179999999999996,0.559322033898305,1.0,-0.9615819209039548,1.0,0.6734463276836158,-0.42033898305084744,-0.7853107344632768,0.5333333333333333,-1.0,1.0,1,1,1,1,1,1,1,1,1,1,1.0,1.0,2.256928888985167,0.27598018797160334,0.13962634015954636,-3.02,-2.81,12.27,0.3253647,0.013259376,-0.9454956,0.89363265,0.4487992
9.1516,435,0.11658254,0.13959225,0.89277685,-1.9450877,0.7040972,0.5236,0.5236,0.0,0.0,-0.088970885,0.2945243,0.71330106,1.7149905,-0.7501166,-0.28776988,-0.551559,1.9904084,0.7434055,0.407674,0.0,0.0,0.0,0.0,0.57553977,1.103118,0.8872905,3.812951,-1.3189453,0.15206634,0.33848277,0.3075822,-0.45731848,-0.5311103,-0.51926327,-0.17666094,-0.025708217,-0.49490818,-0.001329165,0.46614608,-0.8436885,0.42784148,-0.088003874,0.034916583,0.10532069,0.97209555,-1.6836296,0.61162245,0.5236,0.5236,0.0,0.0,-0.0040322915,0.10613652,0.7205779,1.7069604,-0.76080096,0.76127,-0.13988,-0.01883,0.0269,-0.20444,-0.20982,-1.0383399999999998,0.01076,0.22057999999999997,-0.12104999999999999,1.0,-0.9774011299435028,-1.0,1.0,-1.0,-1.0,-1.0,-0.9322033898305084,1.0,-1.0,1,1,1,1,1,1,1,1,1,1,1.0,1.0,1.7835083293817056,0.18871372537188688,-0.23125612588924865,-3.28,1.97,9.46,0.3296064,-0.019388612,-0.9439193,0.76604444,0.64278764
9.1716,436,0.08590292,0.13805827,0.93266034,-1.9588934,0.7071651,0.5236,0.5236,0.0,0.0,-0.06442719,0.27611655,0.6979613,1.751806,-0.7470486,-0.7194247,-0.5995206,2.2781782,0.57553977,0.6714631,0.0,0.0,0.0,0.0,0.5035973,0.1918466,0.23980825,3.549162,-0.57553977,0.19895065,0.4491705,0.23434825,-0.21878684,-0.7066797,-0.6228578,-0.09083784,0.082993165,-0.5067266,-0.07674353,0.2730731,-0.7738163,0.33687112,-0.13996075,0.04663766,0.13299263,0.9537871,-1.6239967,0.56773007,0.5236,0.5236,0.0,0.0,-0.022885881,0.057868276,0.73804593,1.6842178,-0.7737902,0.13181,0.0,-0.00807,0.30934999999999996,-0.00269,-0.00807,-1.076,0.15333,0.56221,0.0,0.6361581920903955,-0.16271186440677965,-0.559322033898305,1.0,-1.0,-0.8813559322033898,-1.0,1.0,1.0,-0.5468926553672316,1,1,1,1,1,1,1,1,1,1,1.0,1.0,1.174824752748683,0.8824821030396328,-0.9457502884244273,-8.89,-2.24,12.38,0.34188193,-0.03980118,-0.93889964,0.5971586,0.8021232
9.1936,437,0.05522331,0.14879614,0.96027195,-1.9757673,0.69949526,0.5236,0.5236,0.0,0.0,-0.033747576,0.25003886,0.68875736,1.7732818,-0.7470486,-1.1750604,-0.43165484,2.206236,0.023980824,0.5275781,0.0,0.0,0.0,0.0,0.8393288,-0.5275781,-0.3117507,2.7577949,-0.16786577,0.10155699,0.35898978,0.1648668,0.20201458,-0.86584306,-0.57024217,-0.06542797,0.12549026,-0.58558065,-0.077973194,0.03225622,-0.7144483,0.42982844,0.029066384,0.022289246,0.110447444,0.93641675,-1.5275967,0.52793926,0.5236,0.5236,0.0,0.0,-0.023193298,-0.0023359451,0.75288796,1.7074572,-0.7315334,0.20982,0.23403,0.5460699999999999,0.24209999999999998,-0.00269,0.24209999999999998,-1.18629,0.029589999999999998,0.29858999999999997,0.00807,-0.29265536723163843,0.2858757062146893,0.49830508474576274,1.0,-1.0,0.22937853107344633,-1.0,1.0,1.0,1.0,1,1,1,1,1,1,1,1,1,1,1.0,1.0,0.7068583470577035,0.5857761302005968,-0.7014041931452212,-3.8,2.0,14.14,0.3571977,-0.047966547,-0.9327963,0.39607978,0.9182161
9.2116,438,0.049087387,0.15493207,0.957204,-1.9819032,0.68875736,0.5236,0.5236,0.0,0.0,-0.027611654,0.22396119,0.6841554,1.7686799,-0.7470486,-1.1750604,-0.16786577,1.7506001,-0.3117507,0.16786577,0.0,0.0,0.0,0.0,0.9832138,-0.8393288,-0.43165484,1.9664276,-0.07194247,0.07604309,0.2063604,0.04766587,0.49370763,-0.8703975,-0.47559983,-0.011300189,0.17874336,-0.58320826,-0.1646209,-0.045782737,-0.597732,0.39275834,0.17108503,0.015910773,0.0722901,0.9071165,-1.4458731,0.52680063,0.5236,0.5236,0.0,0.0,-0.044855226,-0.021845683,0.782067,1.6981896,-0.6960287,0.9576399999999999,0.20982,0.09953000000000001,0.13988,-0.00269,-0.061869999999999994,-0.7478199999999999,0.02152,-0.18561,0.0,0.5480225988700564,1.0,1.0,1.0,-1.0,-0.14689265536723164,-1.0,1.0,-0.8757062146892656,-1.0,1,1,1,1,1,1,1,1,1,1,1.0,1.0,-0.2574360646691636,0.35015668118136234,-0.6915867161027531,-1.72,2.61,14.45,0.36327872,-0.043879174,-0.93064666,0.17364818,0.9848077
9.2356,439,0.032213595,0.15493207,0.94493216,-1.9911071,0.6810875,0.5236,0.5236,0.0,0.0,-0.029145636,0.1672039,0.6780195,1.756408,-0.7470486,-1.0311754,0.11990412,0.8872905,-0.4796165,-0.23980825,0.0,0.0,0.0,0.0,0.8393288,-1.3189453,-0.3836932,0.815348,0.0,0.15164423,0.051124252,0.11319489,0.5829581,-0.6589963,-0.383422,0.03758029,0.23042852,-0.4915429,-0.21143065,-0.04515142,-0.53647316,0.23862667,0.36827767,0.034811057,0.03348106,0.92349875,-1.4235605,0.57965094,0.5236,0.5236,0.0,0.0,-0.056557663,-0.021687854,0.79738176,1.6596566,-0.64673054,0.061869999999999994,1.04641,0.2959,0.10222,-0.00269,-0.01883,-0.538,0.00807,0.34163,-0.00269,0.3559322033898305,0.7638418079096045,0.192090395480226,1.0,-1.0,0.34915254237288135,-1.0,1.0,0.3706214689265537,-1.0,1,1,1,1,1,1,1,1,1,1,1.0,1.0,-0.7755806863549801,0.21925698728178766,-0.8355763793922851,-3.75,1.52,9.77,0.3691591,-0.025494415,-0.9290164,-0.05814483,0.9983082
9.2515,440,0.024543693,0.14112623,0.93112636,-1.9972429,0.6780195,0.5236,0.5236,0.0,0.0,-0.035281558,0.12885438,0.67341757,1.7456701,-0.7470486,-0.815348,0.11990412,0.26378906,-0.45563567,-0.33573154,0.0,0.0,0.0,0.0,0.5035973,-1.630696,-0.33573154,0.21582742,0.0,0.2276627,-0.0034601614,0.35348585,0.4708701,-0.46049038,-0.3414854,0.032950275,0.2643454,-0.40889844,-0.26963836,-0.03135842,-0.5845935,-0.02899091,0.5251501,0.053815674,0.01983496,0.98357147,-1.4515826,0.6292774,0.5236,0.5236,0.0,0.0,-0.07110959,-0.018239606,0.78535163,1.5927523,-0.6075125,-0.07532,0.64291,-0.11567,0.00269,0.0,0.23671999999999999,-0.5918,0.02152,0.40888,-0.00269,-1.0,0.6440677966101694,-0.9457627118644067,1.0,-1.0,1.0,-1.0,1.0,1.0,-1.0,1,1,1,1,1,1,1,1,1,1,1.0,1.0,-1.0842857978014773,-0.12217304763960307,-0.5617778529856748,-3.32,0.25,10.42,0.3683969,-0.0020409802,-0.9296664,-0.28680325,0.9579895
9.2715,441,0.029145636,0.10891264,0.93266034,-2.0125828,0.6826215,0.5236,0.5236,0.0,0.0,-0.052155346,0.084368944,0.66574764,1.7318643,-0.7470486,-0.551559,-0.16786577,-0.21582742,-0.43165484,-0.28776988,0.0,0.0,0.0,0.0,0.023980824,-1.9904084,-0.3117507,-0.28776988,0.0,0.42924613,0.0035885796,0.5198605,0.06457211,-0.20925297,-0.43257275,0.017348303,0.292386,-0.2525469,-0.44329455,0.03766995,-0.7016846,-0.33495706,0.4772265,0.10421153,0.021597145,1.0251651,-1.5479826,0.69208676,0.5236,0.5236,0.0,0.0,-0.11452364,-0.0009825127,0.75607884,1.5162607,-0.61949337,-0.16140000000000002,0.28783,0.0,0.00269,-0.00269,0.23134,-0.57566,0.03497,0.01614,-0.00269,-0.4440677966101695,0.392090395480226,-1.0,1.0,-0.05875706214689266,0.9638418079096045,-1.0,1.0,1.0,-1.0,1,1,1,1,1,1,1,1,1,1,1.0,1.0,-0.8835729338221292,0.1505346479845109,-0.3196134192714616,-4.37,-0.58,11.04,0.36922997,0.016319556,-0.92919475,-0.5,0.8660254
9.2956,442,0.05522331,0.06442719,0.9541361,-2.0202527,0.69029135,0.5236,0.5236,0.0,0.0,-0.075165056,0.047553405,0.6550098,1.6858449,-0.7424467,-0.0959233,-0.8393288,-0.1918466,-0.5035973,-0.023980824,0.0,0.0,0.0,0.0,-0.43165484,-2.1342933,-0.3117507,-0.7194247,0.0,0.3951195,0.36096025,0.52182704,-0.6967729,-0.045412183,-0.39719138,-0.050481625,0.11211051,-0.16700916,-0.48096147,0.19800276,-0.76533103,-0.74508584,0.61582106,0.09567987,0.11094006,1.0256568,-1.6443826,0.733047,0.5236,0.5236,0.0,0.0,-0.12394037,0.039100688,0.74016726,1.4198607,-0.5848447,-0.09415,0.03497,-0.41695,0.0538,0.0,0.17754,0.0,0.1076,0.63215,0.0,-0.3536723163841808,0.1672316384180791,-0.2711864406779661,1.0,1.0,0.6598870056497175,-0.8757062146892656,1.0,1.0,-1.0,1,1,1,1,1,1,1,1,1,1,1.0,1.0,-0.5355979142057599,0.11890055529211369,-0.25634523388666713,-3.26,0.07,9.56,0.37157992,0.029603891,-0.9279289,-0.6862416,0.72737366
9.3115,443,0.08590292,0.044485442,0.9817477,-2.0248547,0.68875736,0.5236,0.5236,0.0,0.0,-0.09664079,0.03681554,0.6473399,1.6459614,-0.7317088,0.33573154,-1.223022,0.16786577,-0.4796165,0.07194247,0.0,0.0,0.0,0.0,-0.69544387,-1.918466,-0.35971236,-1.103118,0.07194247,0.3619802,0.77314883,0.16089244,-1.2302338,0.02902887,-0.3532181,-0.049452618,-0.14915873,-0.16022563,-0.40042165,0.21201682,-0.6807375,-0.8884432,0.62298363,0.08739505,0.20734006,0.93542314,-1.7407826,0.75165725,0.5236,0.5236,0.0,0.0,-0.103805415,0.042604204,0.76131564,1.3778893,-0.58305407,0.5649,-0.20982,0.01076,0.23134,-0.0538,0.13988,-0.01883,0.09415,0.49227,-0.04304,0.6802259887005649,0.05310734463276836,-0.8022598870056498,1.0,0.020338983050847456,1.0,1.0,1.0,1.0,-1.0,1,1,1,1,1,1,1,1,1,1,1.0,1.0,-0.5366887449882564,-0.019634954084936207,-0.5028729907308662,-3.55,0.83,9.01,0.37143302,0.040816814,-0.9275621,-0.8354878,0.549509
9.3355,444,0.09510681,0.070563115,1.0139613,-2.0248547,0.7040972,0.5236,0.5236,0.0,0.0,-0.12118448,0.0398835,0.63506806,1.5861361,-0.68875736,0.8633097,-1.1510795,0.91127133,-0.35971236,0.21582742,0.0,0.0,0.0,0.0,-1.0071946,-1.3429261,-0.43165484,-1.7985618,0.407674,0.53296906,1.0985478,-0.23462826,-1.4141458,0.07873336,-0.23570696,0.057205215,-0.43800604,-0.25733596,-0.27472913,0.15843266,-0.54602593,-0.7513415,0.53114504,0.13014227,0.29533696,0.8390231,-1.8371826,0.7640834,0.5236,0.5236,0.0,0.0,-0.072382286,0.029208165,0.7949935,1.4121647,-0.6060137,0.09415,-0.30666,0.83928,0.03497,0.00269,-0.20175,0.01883,0.11298,0.49495999999999996,-0.00269,0.01807909604519774,-1.0,0.48135593220338985,1.0,1.0,-0.1423728813559322,0.23163841807909605,1.0,1.0,-1.0,1,1,1,1,1,1,1,1,1,1,1.0,1.0,-0.9435686268594344,-0.14180800172453928,-0.7221299780126539,-2.8,-0.85,6.77,0.3683821,0.062247396,-0.9275882,-0.9396926,0.34202015
9.3516,445,0.093572825,0.12271846,0.9894176,-2.0217867,0.71636903,0.5236,0.5236,0.0,0.0,-0.11811652,0.047553405,0.6320001,1.5401167,-0.6427379,0.8633097,-0.45563567,0.9832138,-0.21582742,0.28776988,0.0,0.0,0.0,0.0,-0.959233,-0.7434055,-0.45563567,-2.182255,0.91127133,0.6524286,1.1742212,-0.39647147,-1.4270904,0.22614968,-0.12704593,0.14395855,-0.54954636,-0.41983557,-0.17802504,0.07713415,-0.34978828,-0.44217205,0.557112,0.16000716,0.3142553,0.79608214,-1.9260726,0.8009374,0.5236,0.5236,0.0,0.0,-0.04820626,0.008883537,0.844053,1.489457,-0.599522,-0.47343999999999997,-0.09146,0.27976,0.2959,0.22326999999999997,-0.30934999999999996,-0.6698099999999999,0.05649,-0.14257,0.23403,-1.0,-1.0,1.0,1.0,1.0,-1.0,-0.8700564971751412,1.0,-0.3581920903954802,0.2271186440677966,1,1,1,1,1,1,1,1,1,1,1.0,1.0,-0.88030044147464,-0.38724492778624187,-0.39815323561120647,-2.9,-3.15,7.39,0.36219096,0.08264075,-0.92843324,-0.99323833,0.11609291
9.3715,446,0.11504856,0.19788352,0.93266034,-2.0171847,0.7439807,0.5236,0.5236,0.0,0.0,-0.09664079,0.046019424,0.63660204,1.5002332,-0.60132045,0.7194247,0.93525213,0.33573154,-0.023980824,0.5035973,0.0,0.0,0.0,0.0,-0.5995206,-0.21582742,-0.3836932,-2.422063,1.5827343,0.6871957,1.073749,-0.5084531,-1.431917,0.43128142,-0.025241747,0.25465193,-0.579186,-0.5190131,-0.06363278,0.09838814,-0.15584868,-0.26943794,0.5892951,0.16869894,0.28913724,0.76808673,-1.9272792,0.85222036,0.5236,0.5236,0.0,0.0,-0.019608194,0.014197036,0.89253783,1.5326406,-0.5914762,-0.16947,-0.0269,0.07801000000000001,0.00269,0.0,-0.44653999999999994,-0.74244,0.00269,-0.69402,-0.00269,-0.8158192090395481,-0.7615819209039548,1.0,-0.13898305084745763,0.8451977401129943,-0.7299435028248588,-0.864406779661017,1.0,0.03954802259887006,-0.11751412429378531,1,1,1,1,1,1,1,1,1,1,1.0,1.0,-0.6981317007977318,-0.34470252726888007,-0.24870941840919195,-1.62,-0.58,6.95,0.35423917,0.09800276,-0.9300054,-0.99323833,-0.11609291
9.3957,447,0.15493207,0.2699806,0.85749525,-2.0156507,0.7838642,0.5236,0.5236,0.0,0.0,-0.05982525,0.035281558,0.6780195,1.5079031,-0.58598065,0.7194247,2.422063,-1.1990412,0.04796165,0.93525213,0.0,0.0,0.0,0.0,0.23980825,0.0,0.04796165,-2.0143893,1.8705043,0.7116351,0.940143,-0.6458817,-1.3489623,0.54613113,0.120295286,0.44689852,-0.59814674,-0.5062932,-0.007584486,0.12946096,0.003834404,-0.4422165,0.7585958,0.17480879,0.25573575,0.7337296,-1.9065406,0.8809328,0.5236,0.5236,0.0,0.0,-0.005596122,0.02196524,0.93245864,1.4894459,-0.54915106,0.10491,0.35508,0.12912,0.35508,0.14257,-0.13719,-0.04304,0.54876,-0.04573,0.08877,-0.1152542372881356,-0.1016949152542373,1.0,1.0,0.47909604519774013,-0.503954802259887,0.0576271186440678,1.0,-0.5062146892655367,0.2621468926553672,1,1,1,1,1,1,1,1,1,1,1.0,1.0,-1.1868238913561442,-0.17998707911191522,-0.7439465936625829,-3.67,0.0,8.1,0.35001114,0.11530979,-0.92962134,-0.9396926,-0.34202015
9.4116,448,0.17180584,0.29299033,0.8114758,-2.0064468,0.8222137,0.5236,0.5236,0.0,0.0,-0.03681554,0.033747576,0.7255729,1.5293789,-0.5829127,0.93525213,2.7817755,-2.1342933,0.14388494,1.2949644,0.0,0.0,0.0,0.0,0.7913672,-0.07194247,0.69544387,-1.2709837,1.6067152,0.7296893,0.80442333,-0.75462383,-1.1349329,0.60997957,0.19588566,0.5930124,-0.63690543,-0.463042,-0.009889167,0.12378206,0.02053909,-0.744343,0.897055,0.17932233,0.22180584,0.70654404,-1.8530333,0.89689493,0.5236,0.5236,0.0,0.0,-0.006172292,0.020545516,0.9366348,1.4139143,-0.51453626,-0.30128,0.19906000000000001,0.19637000000000002,0.58373,-0.09684000000000001,-0.24209999999999998,0.29858999999999997,0.19637000000000002,0.33087,0.27707,-0.7050847457627119,1.0,1.0,1.0,1.0,-1.0,1.0,1.0,1.0,0.04067796610169491,1,1,1,1,1,1,1,1,1,1,1.0,1.0,-1.275181184738357,-0.1930770485018727,-0.9250245035569946,-2.53,-1.71,6.31,0.34494734,0.1428776,-0.92768383,-0.8354878,-0.549509
9.4438,449,0.19481556,0.2883884,0.76392245,-2.0110488,0.8881749,0.5236,0.5236,0.0,0.0,-0.012271847,0.03834952,0.77005833,1.5247769,-0.5506991,1.1750604,1.9664276,-2.5179865,0.1918466,1.8705043,0.0,0.0,0.0,0.0,1.223022,-0.0959233,1.7506001,0.07194247,0.815348,0.5653988,0.6497151,-0.76469696,-0.9028633,0.4705226,0.12548612,0.63432765,-0.6233356,-0.37870038,-0.009150982,0.08069278,-0.16291183,-1.1509693,0.9460272,0.13824971,0.18312877,0.70402575,-1.7950159,0.8620307,0.5236,0.5236,0.0,0.0,-0.0059877457,0.009773196,0.89077204,1.3175143,-0.50229317,0.27976,0.47881999999999997,0.36584,0.19368000000000002,-0.30934999999999996,0.13181,-0.20713,0.00269,0.7881699999999999,-0.00269,-0.11073446327683616,0.8248587570621468,0.392090395480226,1.0,-0.6418079096045197,-0.06892655367231638,-0.08813559322033898,1.0,0.7570621468926554,-0.6915254237288135,1,1,1,1,1,1,1,1,1,1,1.0,1.0,-0.3436116964863836,-0.210530341021816,0.28361600344907856,-3.61,-3.53,11.0,0.33480093,0.16433826,-0.92784774,-0.6862416,-0.72737366
9.4753,450,0.19328158,0.27765054,0.7424467,-2.0125828,0.9035147,0.5236,0.5236,0.0,0.0,-0.012271847,0.0398835,0.76392245,1.4956312,-0.5200195,0.93525213,1.0551562,-2.206236,0.11990412,1.918466,0.0,0.0,0.0,0.0,1.0551562,-0.023980824,1.7026385,0.0959233,0.8393288,0.52423936,0.5727523,-0.7450452,-0.5807341,0.28143302,-0.007850127,0.64825803,-0.5839213,-0.28119102,-0.14967996,-0.0076687187,-0.35824895,-1.5843561,0.7367364,0.12795985,0.16388807,0.7089387,-1.7144836,0.8147583,0.5236,0.5236,0.0,0.0,-0.04111999,-0.01231718,0.8419378,1.2211143,-0.55461586,0.16409,0.61601,0.1883,0.6348400000000001,-0.17216,-0.040350000000000004,-0.38736000000000004,0.08608,0.5111,0.26631,0.12655367231638417,0.5728813559322034,1.0,1.0,-0.12655367231638417,-0.0022598870056497176,-1.0,1.0,0.559322033898305,-0.3977401129943503,1,1,1,1,1,1,1,1,1,1,1.0,1.0,-0.03490658503988659,-0.20180369476184434,0.3937899124812206,-3.57,-1.39,11.72,0.3326709,0.16429453,-0.92862123,-0.5,-0.8660254
9.4961,451,0.16413595,0.24390295,0.72403896,-2.0171847,0.9142526,0.5236,0.5236,0.0,0.0,-0.013805827,0.03834952,0.74091274,1.435806,-0.478602,0.07194247,-0.33573154,-1.2709837,-0.0959233,1.2709837,0.0,0.0,0.0,0.0,0.35971236,0.0,0.3836932,-0.959233,1.2709837,0.48607886,0.5321898,-0.6984947,-0.24346817,0.08789971,-0.15818098,0.6231619,-0.5055625,-0.16027981,-0.38761014,-0.0926953,-0.51153415,-1.8681662,0.3637966,0.118419714,0.15374744,0.72057635,-1.6301671,0.76637495,0.5236,0.5236,0.0,0.0,-0.10060254,-0.033573825,0.80361646,1.1329584,-0.6478509,0.31742000000000004,0.40888,-0.00269,0.04304,-0.00269,0.42233,-0.03766,0.23671999999999999,0.90653,0.22057999999999997,0.7005649717514124,0.8949152542372881,-0.1367231638418079,1.0,-1.0,0.17740112994350282,-1.0,1.0,1.0,1.0,1,1,1,1,1,1,1,1,1,1,1.0,1.0,0.13199052468207118,-0.2628902185816459,0.2203478180642841,-2.94,-2.33,8.46,0.3286803,0.15923642,-0.9309206,-0.28680325,-0.9579895
9.5118,452,0.15033011,0.22242722,0.7255729,-2.0187187,0.92038846,0.5236,0.5236,0.0,0.0,-0.024543693,0.04295146,0.72710687,1.4051265,-0.47246608,-0.28776988,-0.6714631,-0.8633097,-0.11990412,0.815348,0.0,0.0,0.0,0.0,0.07194247,0.023980824,-0.16786577,-1.3908877,1.2470028,0.5098234,0.5822656,-0.7080385,0.17496258,0.014335811,-0.3079098,0.52862394,-0.33831558,-0.02524568,-0.71413445,-0.0008708909,-0.5041618,-1.7705868,-0.08172573,0.124355845,0.16626641,0.7181904,-1.5337671,0.747984,0.5236,0.5236,0.0,0.0,-0.18223362,-0.010617723,0.80545956,1.1573533,-0.7442509,0.46537,0.22596,0.06456,0.029589999999999998,-0.07263,0.07532,-0.61601,0.2152,0.68326,0.15602000000000002,0.4406779661016949,0.5005649717514125,0.10621468926553672,1.0,-1.0,0.0655367231638418,-0.31751412429378534,1.0,1.0,1.0,1,1,1,1,1,1,1,1,1,1,1.0,1.0,0.19634954084936207,-0.25089107997418486,0.22907446432425577,-3.48,0.13,11.54,0.32558513,0.15411709,-0.93286777,-0.05814483,-0.9983082
9.5357,453,0.13652429,0.20248546,0.72864085,-2.0202527,0.9280584,0.5236,0.5236,0.0,0.0,-0.070563115,0.0398835,0.7102331,1.360641,-0.4632622,-0.6714631,-0.93525213,-0.35971236,-0.14388494,0.45563567,0.0,0.0,0.0,0.0,-0.35971236,0.023980824,-0.551559,-1.7026385,0.91127133,0.4961154,0.6812094,-0.7532371,0.5277082,-0.1277413,-0.45769718,0.34669265,-0.10953958,0.056890417,-0.88036656,0.41332135,-0.4011003,-1.2476646,-0.35028654,0.12092885,0.19100234,0.7068907,-1.437373,0.7124647,0.5236,0.5236,0.0,0.0,-0.22379164,0.085782275,0.8312249,1.2537533,-0.8263716,0.12912,0.38736000000000004,0.13181,0.00269,-0.059179999999999996,0.29052,-0.85542,0.16947,0.80431,0.11567,0.1672316384180791,0.511864406779661,0.07231638418079096,1.0,-1.0,1.0,-0.6169491525423729,1.0,1.0,1.0,1,1,1,1,1,1,1,1,1,1,1.0,1.0,0.08508480103472356,-0.36106498900632694,0.16689710972195776,-2.12,0.27,9.91,0.32242867,0.14999056,-0.934635,0.17364818,-0.9848077
9.5516,454,0.13345633,0.19328158,0.72864085,-2.0233207,0.9188545,0.5236,0.5236,0.0,0.0,-0.12578642,0.030679615,0.70102924,1.3192235,-0.4571263,-0.69544387,-1.0071946,-0.0959233,-0.11990412,0.3117507,0.0,0.0,0.0,0.0,-0.959233,0.0,-0.6474822,-1.8225427,0.6474822,0.47925782,0.71674335,-0.763305,0.75584704,-0.44790256,-0.4761157,0.20433035,0.017379474,0.09720832,-0.7380485,1.0450518,-0.20339668,-0.3465336,-0.36331552,0.116714455,0.19988585,0.7043738,-1.3803383,0.63242435,0.5236,0.5236,0.0,0.0,-0.18821213,0.18218228,0.8806509,1.3501533,-0.8296289,0.31742000000000004,-0.08608,0.34432,0.00269,-0.5406899999999999,-0.03766,0.28245,0.15333,0.30934999999999996,0.09684000000000001,0.5807909604519774,-0.0576271186440678,1.0,1.0,-1.0,1.0,0.8440677966101695,1.0,1.0,1.0,1,1,1,1,1,1,1,1,1,1,1.0,1.0,-0.11780972450961724,-0.46469391334349025,0.10362892433716332,-1.78,-1.28,8.1,0.31540233,0.15004578,-0.9370206,0.39607978,-0.9182161
9.5718,455,0.13192235,0.20095149,0.72864085,-2.0233207,0.874369,0.5236,0.5236,0.0,0.0,-0.18714565,0.05522331,0.69029135,1.2946798,-0.46172822,-0.5275781,-0.7673864,0.0,-0.0959233,-0.0959233,0.0,0.0,0.0,0.0,-1.8465234,0.0,-0.6714631,-1.8944851,0.407674,0.49485093,0.6487575,-0.71668756,0.7239756,-0.5251947,-0.41173384,0.118120834,-0.01881238,0.09987736,-0.4979286,1.376946,-0.12281887,0.3526223,-0.34164774,0.12061273,0.18288937,0.7160281,-1.3883061,0.61310136,0.5236,0.5236,0.0,0.0,-0.12818214,0.27858227,0.9007953,1.4465533,-0.82421196,0.13181,-0.00807,0.75858,0.00269,-0.00538,-0.3766,0.44384999999999997,0.11298,-0.15871000000000002,0.01076,0.19322033898305085,-0.6067796610169491,0.5966101694915255,1.0,-1.0,0.7016949152542373,1.0,1.0,-1.0,1.0,1,1,1,1,1,1,1,1,1,1,1.0,1.0,-0.3294308963139297,-0.5672320068981571,-0.037088246604879506,-2.56,-2.67,7.97,0.3050471,0.1550741,-0.93962663,0.5971586,-0.8021232
9.5956,456,0.13345633,0.20708741,0.73017484,-2.0248547,0.8145438,0.5236,0.5236,0.0,0.0,-0.19634955,0.12578642,0.6826215,1.3284273,-0.50621367,-0.23980825,-0.28776988,0.0,-0.07194247,-0.93525213,0.0,0.0,0.0,0.0,-2.2781782,0.6235014,-0.57553977,-1.366907,-0.04796165,0.53155434,0.5940758,-0.5869629,0.53459287,-0.43664768,-0.36050662,0.09835216,-0.03250949,0.16977969,-0.47241917,1.3929518,-0.24788818,0.7102468,-0.2798754,0.12978859,0.16921896,0.7484593,-1.4356518,0.6352381,0.5236,0.5236,0.0,0.0,-0.121804796,0.33783796,0.869528,1.5429534,-0.80876887,0.33625,0.27976,0.41964,0.00269,-0.08339,-0.6240800000000001,0.18561,0.00269,-0.36046,0.1076,-0.07005649717514124,0.062146892655367235,0.17740112994350282,1.0,-1.0,-0.7401129943502824,1.0,1.0,-1.0,1.0,1,1,1,1,1,1,1,1,1,1,1.0,1.0,0.23234695667174513,-0.33488505022641196,0.24870941840919195,-2.21,-2.05,6.4,0.2949923,0.15923458,-0.94213796,0.76604444,-0.64278764
9.6118,457,0.13345633,0.20248546,0.73017484,-2.0263886,0.76852435,0.5236,0.5236,0.0,0.0,-0.17027187,0.17794177,0.7025632,1.3775147,-0.55683506,-0.0959233,-0.07194247,0.0,-0.04796165,-1.7026385,0.0,0.0,0.0,0.0,-1.8225427,1.3429261,-0.35971236,-0.4796165,-0.6474822,0.5108366,0.60895234,-0.36340457,0.20682718,-0.37083805,-0.36049655,0.024085823,0.020985126,0.2659675,-0.44346786,1.2551917,-0.47274676,0.799149,-0.14211787,0.12460915,0.17293808,0.8043489,-1.5175933,0.6516905,0.5236,0.5236,0.0,0.0,-0.11456697,0.30339792,0.8133133,1.6393534,-0.7743295,-0.42771,0.41964,-0.13988,0.0,-0.00807,-0.33625,0.19368000000000002,0.43309,-0.0269,-0.21788999999999997,-1.0,1.0,-0.992090395480226,-0.0711864406779661,1.0,-1.0,1.0,-1.0,-1.0,-0.2768361581920904,1,1,1,1,1,1,1,1,1,1,1.0,1.0,0.4559672670835186,-0.002181661564992912,0.2181661564992912,-3.55,-4.33,5.48,0.2920002,0.151105,-0.9444063,0.89363265,-0.4487992
9.6357,458,0.1349903,0.19788352,0.7485826,-2.0217867,0.7071651,0.5236,0.5236,0.0,0.0,-0.13038836,0.25003886,0.7501166,1.4542137,-0.6289321,0.0,0.0,0.0959233,-0.023980824,-2.3741016,0.0,0.0,0.0,0.0,-0.3836932,2.3980825,0.28776988,1.1510795,-1.7985618,0.49763322,0.41384953,-0.16191497,-0.17764162,-0.26028413,-0.39879316,-0.02905401,0.096307665,0.2687219,-0.45077905,1.1874151,-0.76345676,0.75400335,-0.035777748,0.121308304,0.12416238,0.85472125,-1.6137104,0.679329,0.5236,0.5236,0.0,0.0,-0.116394766,0.28645378,0.7406358,1.7357534,-0.74774444,0.11835999999999999,0.25286,-0.11567,0.0,-0.34701,0.00269,-0.09146,0.16947,-0.06994,0.25824,0.20451977401129945,0.12203389830508475,-0.655367231638418,1.0,-0.5502824858757062,-0.0847457627118644,0.24293785310734464,1.0,-1.0,1.0,1,1,1,1,1,1,1,1,1,1,1.0,1.0,1.7551467290367975,0.39051742013373125,0.27379852640661045,-1.98,-0.69,6.4,0.29778978,0.13257763,-0.94538057,0.9730449,-0.23061587
9.6515,459,0.13192235,0.19481556,0.77926224,-2.0049129,0.6795535,0.5236,0.5236,0.0,0.0,-0.11658254,0.28378645,0.7853982,1.5263109,-0.6826215,0.023980824,-0.07194247,0.3836932,0.04796165,-2.4940057,0.0,0.0,0.0,0.0,0.551559,2.7577949,0.91127133,2.2781782,-2.4700248,0.30617872,0.25633296,0.060052242,-0.51096684,-0.16376728,-0.3828852,-0.09980312,0.014178187,0.0103513785,-0.32875672,1.0542245,-0.74539393,0.59123343,-0.13125028,0.07344468,0.08478324,0.91021305,-1.6970417,0.7034582,0.5236,0.5236,0.0,0.0,-0.08588918,0.25315613,0.7451515,1.7478083,-0.7716126,0.33087,0.49227,-0.14257,0.36046,0.35239,0.48151,-0.44384999999999997,-0.44115999999999994,-0.00269,-0.24478999999999998,0.23163841807909605,1.0,-1.0,-1.0,1.0,0.6045197740112994,-0.6576271186440678,-1.0,-1.0,-1.0,1,1,1,1,1,1,1,1,1,1,1.0,1.0,2.0802143022207416,0.37088246604879505,0.35452000431134817,-3.05,-3.47,5.99,0.30499235,0.09486384,-0.9476183,1.0,0.0
9.6737,460,0.1196505,0.17794177,0.82681566,-1.9865052,0.6780195,0.5236,0.5236,0.0,0.0,-0.11811652,0.29912627,0.77926224,1.6076119,-0.719437,-0.04796165,-0.1918466,0.91127133,0.407674,-2.1342933,0.0,0.0,0.0,0.0,0.93525213,2.4700248,1.366907,3.2134304,-2.7577949,0.18006954,0.17397645,0.2122376,-0.60636884,-0.22001484,-0.340202,-0.18676104,-0.026233463,-0.25920734,-0.17174837,0.862486,-0.76316553,0.50588816,-0.16123728,0.041917384,0.06419411,0.9482594,-1.7208923,0.6893963,0.5236,0.5236,0.0,0.0,-0.04663709,0.2052215,0.74070865,1.726472,-0.7791093,0.14257,0.54876,-0.00269,0.0,0.00269,-0.56221,-0.99261,0.061869999999999994,-0.02152,0.00269,0.5435028248587571,0.8124293785310734,-0.9988700564971752,1.0,1.0,-0.21468926553672316,-0.5796610169491525,0.11638418079096045,-1.0,1.0,1,1,1,1,1,1,1,1,1,1,1.0,1.0,2.366011967234813,0.11671889372712078,0.5115996369908378,-1.5,-1.95,6.98,0.3090918,0.049985144,-0.94971776,0.9730449,0.23061587
9.6956,461,0.09050487,0.14879614,0.8851069,-1.9819032,0.6964273,0.5236,0.5236,0.0,0.0,-0.11044662,0.29759228,0.7577865,1.6904469,-0.7363108,-0.35971236,-0.45563567,1.6067152,0.5995206,-1.1990412,0.0,0.0,0.0,0.0,0.69544387,1.7266194,0.8872905,3.669066,-2.3501208,0.12800555,0.2495445,0.34098214,-0.5872333,-0.4297107,-0.46727493,-0.20456782,-0.009196595,-0.41628033,-0.07202476,0.6070566,-0.7914036,0.47102392,-0.08842157,0.028901387,0.083086126,0.98044556,-1.7161083,0.63697237,0.5236,0.5236,0.0,0.0,-0.02170619,0.14136416,0.73364913,1.717756,-0.7609054,0.06994,0.00269,-0.05111,0.0,-0.00538,-0.61601,-1.1217300000000001,0.0,0.33625,0.00269,0.3129943502824859,1.0,-0.6757062146892655,1.0,-1.0,-0.3728813559322034,-0.8937853107344633,-0.7457627118644068,-0.8508474576271187,1.0,1,1,1,1,1,1,1,1,1,1,1.0,1.0,1.7998707911191525,0.19198621771937624,0.039269908169872414,-2.57,0.46,11.03,0.30916807,0.008162853,-0.95097244,0.89363265,0.4487992
9.7116,462,0.06749515,0.13192235,0.9280584,-1.9849712,0.7071651,0.5236,0.5236,0.0,0.0,-0.09203885,0.2791845,0.73937875,1.7318643,-0.73937875,-0.6714631,-0.6714631,2.0623507,0.5995206,-0.3836932,0.0,0.0,0.0,0.0,0.4796165,0.8633097,0.1918466,3.7170277,-1.774581,0.10752067,0.3357244,0.35568553,-0.42983228,-0.59031826,-0.56330395,-0.17101654,0.013802454,-0.52229047,-0.052604362,0.42850333,-0.7791128,0.37634408,-0.085706174,0.023780167,0.1046311,0.9841214,-1.6767582,0.5968205,0.5236,0.5236,0.0,0.0,-0.01685109,0.09672584,0.7367218,1.6940861,-0.76022655,0.52186,-0.23134,0.07801000000000001,0.0538,-0.19637000000000002,-0.34163,-0.807,0.04304,0.58373,0.01345,1.0,-1.0,-1.0,1.0,-1.0,-1.0,-1.0,-0.7401129943502824,1.0,-1.0,1,1,1,1,1,1,1,1,1,1,1.0,1.0,1.7169676516494217,0.5170537909033202,-0.3316125578789226,-4.35,1.52,10.94,0.31614816,-0.022436323,-0.94844455,0.76604444,0.64278764
9.7356,463,0.04141748,0.13038836,0.9679419,-1.9972429,0.70102924,0.5236,0.5236,0.0,0.0,-0.06289321,0.24850489,0.72403896,1.7610099,-0.7363108,-1.0551562,-0.8393288,2.302159,0.1918466,0.21582742,0.0,0.0,0.0,0.0,0.5995206,-0.07194247,-0.6235014,3.2134304,-0.91127133,0.08822255,0.46372318,0.32719645,-0.22276318,-0.7924712,-0.5580006,-0.12187519,0.08439636,-0.5435381,-0.034770437,0.17434675,-0.76173306,0.419025,-0.026305974,0.018955637,0.1366308,0.9769991,-1.6249908,0.54628223,0.5236,0.5236,0.0,0.0,-0.012392609,0.033186685,0.74106675,1.7047563,-0.74537647,0.09684000000000001,0.50034,0.25824,0.2152,-0.00269,-0.15602000000000002,-1.05448,0.07532,0.41964,0.03497,-0.04406779661016949,0.26666666666666666,-0.3423728813559322,1.0,-1.0,-0.28926553672316385,-0.8293785310734463,1.0,1.0,1.0,1,1,1,1,1,1,1,1,1,1,1.0,1.0,0.4505131131710363,0.7864889941799447,-0.9261153343394911,-3.7,-2.08,10.74,0.3306205,-0.040817346,-0.9428807,0.5971586,0.8021232
9.7536,464,0.030679615,0.1349903,0.98481566,-2.0064468,0.6964273,0.5236,0.5236,0.0,0.0,-0.04295146,0.22702916,0.717903,1.7656119,-0.7363108,-1.1510795,-0.6474822,2.1342933,-0.07194247,0.23980825,0.0,0.0,0.0,0.0,0.8393288,-0.6474822,-0.7434055,2.4700248,-0.407674,0.07383469,0.30874643,0.24864724,0.16525799,-0.9021283,-0.57097924,-0.07460314,0.13677447,-0.6066235,-0.1134747,0.0037097037,-0.69547975,0.4046818,0.011596471,0.015358672,0.09788661,0.9573618,-1.5285908,0.51886797,0.5236,0.5236,0.0,0.0,-0.032068674,-0.009472574,0.7576301,1.7011704,-0.7359009,0.65636,0.00538,0.16947,0.17485,-0.00269,-0.09415,-0.99261,0.00269,0.09684000000000001,0.0,0.5288135593220339,-1.0,1.0,1.0,-1.0,-1.0,-1.0,1.0,-1.0,-1.0,1,1,1,1,1,1,1,1,1,1,1.0,1.0,0.4341506514335895,0.7995789635699021,-0.8344855486097887,-4.08,5.0,13.28,0.34576613,-0.042838275,-0.9373423,0.39607978,0.9182161
9.7759,465,0.023009712,0.14879614,0.98481566,-2.0141168,0.6810875,0.5236,0.5236,0.0,0.0,-0.027611654,0.1840777,0.7102331,1.7625439,-0.7347768,-0.959233,-0.1918466,1.5347728,-0.33573154,-0.04796165,0.0,0.0,0.0,0.0,1.0311754,-1.1510795,-0.6235014,1.3189453,-0.0959233,0.08434515,0.19510189,0.14041422,0.45876458,-0.9002533,-0.44126618,-0.0008751564,0.19071116,-0.5789107,-0.15547511,-0.09920601,-0.6132603,0.4280622,0.17266576,0.017986286,0.06947547,0.9303036,-1.4546089,0.5193367,0.5236,0.5236,0.0,0.0,-0.042568777,-0.0352015,0.77818495,1.7070155,-0.69563353,0.10491,0.11028999999999999,0.40619,0.11028999999999999,-0.00269,-0.048420000000000005,-0.65636,0.040350000000000004,0.71823,0.0,0.11977401129943503,1.0,0.1536723163841808,1.0,-1.0,0.1152542372881356,-1.0,1.0,0.8271186440677966,-0.8949152542372881,1,1,1,1,1,1,1,1,1,1,1.0,1.0,-0.6904958853202566,0.6370451769779303,-0.6250460383704692,-2.51,4.28,13.5,0.35922107,-0.030615434,-0.9327502,0.17364818,0.9848077
9.7958,466,0.023009712,0.14572817,0.97254384,-2.0202527,0.66114575,0.5236,0.5236,0.0,0.0,-0.033747576,0.1349903,0.70102924,1.750272,-0.7332428,-0.6235014,0.11990412,0.7913672,-0.407674,-0.3836932,0.0,0.0,0.0,0.0,0.8633097,-1.5107919,-0.45563567,0.4796165,0.0,0.13530052,0.07609324,0.16927324,0.582138,-0.70371854,-0.35011244,0.07457832,0.24035504,-0.5193337,-0.2339386,-0.09624673,-0.56915677,0.2592014,0.3169536,0.030725129,0.03972331,0.9375183,-1.4237655,0.56847036,0.5236,0.5236,0.0,0.0,-0.06218465,-0.03446168,0.7892108,1.6648004,-0.6595616,0.14526,0.0538,0.70478,0.06994,-0.029589999999999998,-0.01345,-0.538,0.05649,-0.024210000000000002,-0.00269,-0.02824858757062147,1.0,0.535593220338983,1.0,-1.0,0.192090395480226,-1.0,1.0,0.18418079096045198,-1.0,1,1,1,1,1,1,1,1,1,1,1.0,1.0,-1.4638949101102436,0.5050546522958591,-0.4297873283036036,-2.9,-0.4,8.23,0.3704913,-0.010206372,-0.9287799,-0.05814483,0.9983082
9.8136,467,0.024543693,0.13959225,0.95873797,-2.0233207,0.6289321,0.5236,0.5236,0.0,0.0,-0.04295146,0.09203885,0.6948933,1.7472041,-0.73017484,-0.35971236,0.14388494,0.1918466,-0.3836932,-0.7194247,0.0,0.0,0.0,0.0,0.4796165,-1.8225427,-0.407674,0.023980824,0.04796165,0.28178388,0.022026375,0.39840356,0.4681804,-0.46103713,-0.35141006,0.081838414,0.2861586,-0.39641196,-0.34474403,-0.055354588,-0.6507366,-0.02112158,0.4384536,0.06734597,0.026206594,0.9948009,-1.452255,0.62914073,0.5236,0.5236,0.0,0.0,-0.08988601,-0.024238646,0.7688159,1.5947196,-0.6291866,-0.73437,0.40081,-0.12104999999999999,0.03228,0.2152,0.269,-0.5111,0.06456,0.269,0.01076,-1.0,1.0,-1.0,1.0,1.0,1.0,-1.0,1.0,1.0,-1.0,1,1,1,1,1,1,1,1,1,1,1.0,1.0,-1.5467980495799745,0.3239767424014474,-0.18871372537188688,-2.71,-0.36,10.23,0.37853616,0.017345324,-0.925424,-0.28680325,0.9579895
9.8357,468,0.03834952,0.12271846,0.96027195,-2.0248547,0.62739813,0.5236,0.5236,0.0,0.0,-0.06289321,0.049087387,0.6856894,1.7349323,-0.71483505,-0.04796165,-0.023980824,-0.21582742,-0.28776988,-0.91127133,0.0,0.0,0.0,0.0,-0.04796165,-2.1342933,-0.3836932,-0.26378906,0.16786577,0.51322806,0.017677397,0.5862728,0.12337543,-0.17261513,-0.4674784,0.06987944,0.34997952,-0.23227999,-0.57985777,0.069364965,-0.78195566,-0.34766895,0.3940429,0.12520702,0.02511935,1.0417682,-1.5384562,0.70124626,0.5236,0.5236,0.0,0.0,-0.14866444,0.006941241,0.7360111,1.5130827,-0.64028925,-0.06725,0.00807,-0.19368000000000002,0.00269,0.0,0.03497,0.024210000000000002,0.048420000000000005,1.04641,0.0,-0.16610169491525423,1.0,-1.0,1.0,1.0,-0.07909604519774012,-1.0,1.0,1.0,-1.0,1,1,1,1,1,1,1,1,1,1,1.0,1.0,-0.8093964406123704,0.6512259771503841,0.23780111058422737,-4.02,-0.69,10.17,0.3858475,0.0387889,-0.9217468,-0.5,0.8660254
9.8536,469,0.05829127,0.09203885,0.9771458,-2.0263886,0.6320001,0.5236,0.5236,0.0,0.0,-0.08130098,0.04141748,0.6780195,1.6965828,-0.70102924,0.23980825,-0.3836932,-0.23980825,-0.1918466,-0.7673864,0.0,0.0,0.0,0.0,-0.45563567,-2.0383701,-0.3836932,-0.5035973,0.3117507,0.509892,0.38471556,0.6313054,-0.5903628,-0.061326683,-0.4495866,0.044687904,0.18001454,-0.1421625,-0.68777883,0.22231248,-0.9134863,-0.7776734,0.50082725,0.124373,0.11687889,1.0530263,-1.6348562,0.72906834,0.5236,0.5236,0.0,0.0,-0.17564471,0.04517812,0.70312846,1.4166827,-0.61359316,-0.74513,0.43309,-0.14257,0.0,0.0,0.33625,0.15333,0.00538,0.24747999999999998,0.0538,-1.0,0.6293785310734463,-1.0,0.2271186440677966,1.0,1.0,1.0,-1.0,1.0,0.6180790960451977,1,1,1,1,1,1,1,1,1,1,1.0,1.0,-0.8104872713948668,0.6370451769779303,0.32834006553143325,-4.79,-2.81,9.15,0.39697498,0.05102506,-0.91641,-0.6862416,0.72737366
9.8758,470,0.09970875,0.06289321,1.0078254,-2.0309906,0.6304661,0.5236,0.5236,0.0,0.0,-0.11811652,0.0398835,0.66421366,1.6474954,-0.6780195,0.69544387,-0.8872905,0.21582742,-0.14388494,-0.407674,0.0,0.0,0.0,0.0,-0.815348,-1.5107919,-0.407674,-1.0311754,0.551559,0.42952436,0.8471645,0.27589586,-1.2344958,-0.027129967,-0.40454882,-0.011511663,-0.07569318,-0.15048908,-0.53800607,0.22013682,-0.80207705,-0.9888203,0.5503519,0.10428109,0.21327889,0.964174,-1.7312562,0.73761755,0.5236,0.5236,0.0,0.0,-0.13820152,0.044634204,0.73098075,1.3527949,-0.601212,0.15064,-1.04372,0.19368000000000002,0.024210000000000002,0.00269,0.0269,0.048420000000000005,0.061869999999999994,0.65098,0.0,-0.24632768361581922,-0.4632768361581921,-0.21129943502824858,1.0,1.0,0.6474576271186441,0.3672316384180791,0.9559322033898305,1.0,-1.0,1,1,1,1,1,1,1,1,1,1,1.0,1.0,-0.7363107781851078,0.09817477042468103,-0.2530727415391778,-3.27,1.98,7.33,0.4039656,0.071408056,-0.91198283,-0.8354878,0.549509
9.8957,471,0.12271846,0.08743691,1.038505,-2.0309906,0.65961176,0.5236,0.5236,0.0,0.0,-0.16260196,0.049087387,0.6534758,1.598408,-0.6458059,1.1270987,-0.93525213,0.7673864,-0.11990412,0.04796165,0.0,0.0,0.0,0.0,-1.2709837,-0.7434055,-0.4796165,-1.630696,0.8393288,0.49596727,1.1788365,-0.21176381,-1.4035797,0.056428663,-0.3160434,0.013358807,-0.40123042,-0.23160076,-0.40193442,0.20893882,-0.6745792,-0.8575119,0.4504189,0.12089182,0.30967888,0.86777395,-1.8276563,0.7585072,0.5236,0.5236,0.0,0.0,-0.10418361,0.041834705,0.76285523,1.385622,-0.62619525,0.50572,-0.63215,0.22865,0.00269,0.01345,-0.35777,-0.27438,0.09684000000000001,0.41157,-0.01883,0.9740112994350283,-1.0,1.0,1.0,1.0,-1.0,-0.03615819209039548,1.0,1.0,-0.7740112994350282,1,1,1,1,1,1,1,1,1,1,1.0,1.0,-0.6130468997630082,-0.12435470920459597,-0.039269908169872414,-2.81,-0.63,8.23,0.40310362,0.08368227,-0.9113204,-0.9396926,0.34202015
9.9137,472,0.12271846,0.14266022,1.0200973,-2.0325246,0.6795535,0.5236,0.5236,0.0,0.0,-0.16260196,0.052155346,0.6473399,1.5508546,-0.61052436,1.1990412,-0.3117507,0.959233,-0.0959233,0.407674,0.0,0.0,0.0,0.0,-1.4148686,-0.1918466,-0.4796165,-2.1103125,1.1510795,0.6009424,1.2764101,-0.471521,-1.3996043,0.12544632,-0.21579643,0.12700379,-0.54887784,-0.37582514,-0.296666,0.15073937,-0.48438758,-0.5466131,0.40470588,0.1471356,0.33980253,0.7773198,-1.9192011,0.7757616,0.5236,0.5236,0.0,0.0,-0.0778665,0.027284842,0.8104031,1.4633467,-0.63762355,-0.67788,-0.01614,0.18023,0.04573,0.11028999999999999,-0.31204000000000004,-0.5918,0.04304,-0.52186,0.09146,0.18983050847457628,-1.0,1.0,-1.0,1.0,-1.0,-0.44519774011299434,1.0,-0.34915254237288135,1.0,1,1,1,1,1,1,1,1,1,1,1.0,1.0,-0.5366887449882564,-0.31306843457648287,0.21707532571679475,-3.52,-3.53,6.71,0.40087834,0.08772401,-0.9119216,-0.99323833,0.11609291
9.9356,473,0.13038836,0.22242722,0.957204,-2.0325246,0.7086991,0.5236,0.5236,0.0,0.0,-0.1349903,0.050621364,0.638136,1.514039,-0.59671855,0.93525213,1.103118,0.28776988,-0.07194247,0.815348,0.0,0.0,0.0,0.0,-1.0071946,0.0959233,-0.4796165,-2.2541974,1.3429261,0.79301214,1.2021073,-0.5984557,-1.4609588,0.4327323,-0.04703963,0.33530492,-0.5893442,-0.4999334,-0.2493897,0.073847346,-0.20557266,-0.37941566,0.32182539,0.19515304,0.32122684,0.7455861,-1.9345398,0.8525831,0.5236,0.5236,0.0,0.0,-0.06604742,0.0080618365,0.88010687,1.5051461,-0.6583437,0.12373999999999999,-0.03228,0.05649,0.0,0.02152,-0.16140000000000002,-0.4573,0.0538,0.38198000000000004,0.048420000000000005,-0.17401129943502824,-1.0,1.0,1.0,0.9096045197740112,-0.3310734463276836,-0.05084745762711865,1.0,1.0,1.0,1,1,1,1,1,1,1,1,1,1,1.0,1.0,-0.9642944117268671,0.04799655442984406,-0.39160825091622764,-4.61,-0.91,9.38,0.39370194,0.10811504,-0.9128581,-0.99323833,-0.11609291
9.9536,474,0.14572817,0.28532043,0.8943108,-2.0233207,0.7470486,0.5236,0.5236,0.0,0.0,-0.10584468,0.049087387,0.638136,1.5079031,-0.60285443,0.5995206,2.2541974,-0.8872905,0.0,1.1750604,0.0,0.0,0.0,0.0,-0.21582742,0.0959233,-0.43165484,-2.0383701,1.1510795,0.7846533,1.1132288,-0.82948637,-1.3396561,0.59410983,0.087412745,0.4901285,-0.5720982,-0.41611394,-0.23179021,0.15376952,-0.065007664,-0.52151203,0.44274616,0.19306333,0.2990072,0.6878284,-1.9042141,0.89292747,0.5236,0.5236,0.0,0.0,-0.061647553,0.02804238,0.9152481,1.469622,-0.62811345,-0.92267,0.9657100000000001,0.00538,0.19637000000000002,0.024210000000000002,-0.20713,-0.44653999999999994,0.00269,-0.08608,0.09684000000000001,-1.0,1.0,1.0,-0.8723163841807909,1.0,-0.9740112994350283,-1.0,1.0,-1.0,1.0,1,1,1,1,1,1,1,1,1,1,1.0,1.0,-1.1235557059713497,0.19634954084936207,-0.5443245604657315,-5.19,0.89,6.13,0.39479375,0.119356245,-0.9109841,-0.9396926,-0.34202015
9.9877,475,0.17640778,0.32366994,0.8222137,-2.0202527,0.79153407,0.5236,0.5236,0.0,0.0,-0.079767,0.044485442,0.6427379,1.515573,-0.61205834,0.5995206,2.877699,-2.206236,0.11990412,1.486811,0.0,0.0,0.0,0.0,0.7434055,-0.023980824,-0.26378906,-1.366907,0.5995206,0.76495576,1.0014616,-0.953533,-1.0648229,0.64372754,0.15140167,0.6251679,-0.5826695,-0.36794814,-0.19939622,0.19316258,-0.08684,-0.8166096,0.624611,0.18813895,0.2710654,0.6568168,-1.8355057,0.9053319,0.5236,0.5236,0.0,0.0,-0.053549055,0.037890643,0.90979004,1.3958476,-0.5826472,0.1883,0.7747200000000001,0.13988,0.01614,0.13988,0.07263,-0.08608,0.22596,0.36584,-0.15064,0.08361581920903954,-0.14124293785310735,1.0,1.0,1.0,-0.296045197740113,-0.11299435028248588,1.0,0.17288135593220338,-0.12542372881355932,1,1,1,1,1,1,1,1,1,1,1.0,1.0,-1.3439035240356338,-0.09817477042468103,-0.6446809924554054,-3.49,-3.33,8.65,0.39172173,0.16117717,-0.9058565,-0.8354878,-0.549509
10.0036,476,0.20401944,0.3282719,0.7347768,-2.0217867,0.8636312,0.5236,0.5236,0.0,0.0,-0.06902914,0.046019424,0.69029135,1.515573,-0.61052436,0.959233,2.206236,-3.0455647,0.14388494,2.0383701,0.0,0.0,0.0,0.0,1.0551562,-0.07194247,0.26378906,-0.3836932,-0.023980824,0.73288995,0.88308996,-1.1145475,-0.7327815,0.58125514,0.10158205,0.69807655,-0.5820375,-0.25888833,-0.32781163,0.13616304,-0.16563709,-1.2311078,0.56281614,0.1801225,0.24147248,0.61656314,-1.7524954,0.8897138,0.5236,0.5236,0.0,0.0,-0.08565291,0.02364076,0.89009076,1.2994475,-0.59809595,0.30128,0.46268,0.14795,0.29858999999999997,-0.06994,-0.18292,-0.04304,0.56759,0.50572,0.0269,0.7740112994350282,0.28135593220338984,1.0,1.0,0.013559322033898305,-1.0,1.0,1.0,0.26440677966101694,-1.0,1,1,1,1,1,1,1,1,1,1,1.0,1.0,-0.7690357016600015,0.13744467859455345,-0.20725784867432664,-5.5,-4.54,11.35,0.3910768,0.17971154,-0.9026421,-0.6862416,-0.72737366
10.0257,477,0.20401944,0.32060197,0.6872234,-2.0263886,0.9004467,0.5236,0.5236,0.0,0.0,-0.06442719,0.052155346,0.7040972,1.4971652,-0.59825253,0.959233,1.1750604,-2.997603,0.04796165,2.1582742,0.0,0.0,0.0,0.0,0.7913672,0.0,0.815348,-0.0959233,-0.04796165,0.51207846,0.7566215,-1.0832455,-0.3093739,0.38121164,-0.08791517,0.67378277,-0.4969833,-0.06870412,-0.4962387,0.12831813,-0.46726954,-1.5926332,0.38450485,0.124919616,0.20985538,0.62438864,-1.6560954,0.83970296,0.5236,0.5236,0.0,0.0,-0.12775968,0.021679532,0.8146826,1.2030475,-0.6426738,0.30934999999999996,0.01345,0.32818,0.08608,-0.00538,0.31204000000000004,-0.07801000000000001,0.05111,1.05448,0.20175,0.34689265536723163,1.0,1.0,1.0,-1.0,0.18192090395480226,-1.0,1.0,1.0,0.6824858757062147,1,1,1,1,1,1,1,1,1,1,1.0,1.0,-0.284706834231575,-0.02617993877991494,1.062469182151548,-5.45,-2.41,10.09,0.39898562,0.18061496,-0.8989932,-0.5,-0.8660254
10.0460,478,0.19788352,0.30679616,0.65194184,-2.0309906,0.9173205,0.5236,0.5236,0.0,0.0,-0.079767,0.05829127,0.6933593,1.4557477,-0.58444667,0.5995206,0.28776988,-2.7098331,-0.07194247,2.0143893,0.0,0.0,0.0,0.0,0.33573154,0.11990412,0.8633097,-0.43165484,0.1918466,0.5485455,0.7771127,-1.036313,0.11698131,0.28311697,-0.28088877,0.64611506,-0.35345528,0.07744706,-0.75106084,0.24888018,-0.57124966,-1.668582,0.028304778,0.13403638,0.21497819,0.63612175,-1.5596954,0.8151793,0.5236,0.5236,0.0,0.0,-0.19146521,0.051820043,0.7886876,1.1828545,-0.7317238,0.89577,0.1345,-0.01883,0.040350000000000004,-0.07801000000000001,0.30666,-0.44384999999999997,0.04573,0.040350000000000004,0.20713,0.6259887005649718,1.0,-0.5887005649717514,1.0,-1.0,1.0,-0.2745762711864407,1.0,1.0,1.0,1,1,1,1,1,1,1,1,1,1,1.0,1.0,-0.571595330028143,0.019634954084936207,1.088649120931463,0.23,-2.45,10.06,0.40013582,0.18169431,-0.8982641,-0.28680325,-0.9579895
10.0639,479,0.17180584,0.29912627,0.6427379,-2.0340586,0.9249904,0.5236,0.5236,0.0,0.0,-0.107378654,0.05829127,0.6826215,1.4189322,-0.5752428,0.0959233,-0.14388494,-2.206236,-0.11990412,1.5347728,0.0,0.0,0.0,0.0,-0.0959233,0.16786577,0.5275781,-0.9832138,0.3836932,0.6955688,0.90568995,-1.0470526,0.54732114,0.2413061,-0.44284165,0.60647035,-0.13657232,0.24629736,-1.014738,0.54474777,-0.5656042,-1.383353,-0.2871732,0.1707922,0.2471225,0.63343686,-1.4632953,0.80472654,0.5236,0.5236,0.0,0.0,-0.25738448,0.12578695,0.79009897,1.2541618,-0.8105933,-0.08070000000000001,0.54876,0.0,0.01614,-0.06725,0.32011,0.51379,0.00538,0.12373999999999999,0.12912,-1.0,0.9988700564971752,-1.0,1.0,-1.0,1.0,0.1864406779661017,0.6,1.0,1.0,1,1,1,1,1,1,1,1,1,1,1.0,1.0,-0.5279620987282847,0.40033489717619936,0.8639379797371932,-4.66,-0.84,9.75,0.40507376,0.18264031,-0.89585584,-0.05814483,-0.9983082
10.0859,480,0.159534,0.28071848,0.6458059,-2.0371265,0.93266034,0.5236,0.5236,0.0,0.0,-0.15800002,0.075165056,0.6703496,1.3744467,-0.5675729,-0.407674,-0.45563567,-1.4388494,-0.16786577,1.0551562,0.0,0.0,0.0,0.0,-0.7434055,0.23980825,-0.0959233,-1.5347728,0.5035973,0.6647317,0.93830854,-1.0395924,0.7733172,-0.008511141,-0.4750995,0.44267005,0.022988677,0.22230974,-0.945951,1.0358429,-0.45951003,-0.7686758,-0.28920978,0.16308293,0.25527713,0.63530195,-1.3759707,0.74227226,0.5236,0.5236,0.0,0.0,-0.24018775,0.22218695,0.8166225,1.3505619,-0.81110245,-0.040350000000000004,-0.00538,0.37390999999999996,0.00269,-0.01345,0.28245,0.39274000000000003,0.13181,0.20175,0.08877,0.15706214689265538,0.207909604519774,-0.11186440677966102,1.0,-1.0,1.0,0.4293785310734463,1.0,0.9830508474576272,1.0,1,1,1,1,1,1,1,1,1,1,1.0,1.0,-0.2596177262341565,-0.016362461737446838,0.667588438887831,-6.0,-2.02,9.54,0.4142096,0.1826195,-0.89167285,0.17364818,-0.9848077
10.1039,481,0.1672039,0.27611655,0.6442719,-2.0371265,0.9035147,0.5236,0.5236,0.0,0.0,-0.21782528,0.10891264,0.66114575,1.3299613,-0.57370883,-0.551559,-0.57553977,-0.7913672,-0.11990412,0.4796165,0.0,0.0,0.0,0.0,-1.4628303,0.45563567,-0.407674,-1.8944851,0.43165484,0.79510164,0.8664565,-1.0026808,0.8697858,-0.05737893,-0.4523067,0.36632246,0.048673946,0.28520808,-0.87138706,1.4713824,-0.44755623,0.018077424,-0.29355115,0.19567542,0.23731413,0.6445298,-1.3518536,0.7300553,0.5236,0.5236,0.0,0.0,-0.22154677,0.31858695,0.81961095,1.4469619,-0.8121878,0.75051,-0.12643,-0.03497,0.00269,-0.06994,-1.01951,0.5460699999999999,0.06994,-0.061869999999999994,0.12643,0.19322033898305085,-0.2327683615819209,0.32429378531073444,1.0,-1.0,-1.0,1.0,1.0,-1.0,1.0,1,1,1,1,1,1,1,1,1,1,1.0,1.0,0.014180800172453928,-0.03381575425739013,0.631591023065448,-2.72,-1.17,8.7,0.4152843,0.1795824,-0.89178985,0.39607978,-0.9182161
10.1260,482,0.17333983,0.27611655,0.6473399,-2.0371265,0.8544273,0.5236,0.5236,0.0,0.0,-0.24083498,0.1672039,0.6626797,1.3284273,-0.6212622,-0.3836932,-0.4796165,-0.23980825,-0.07194247,-0.28776988,0.0,0.0,0.0,0.0,-2.0143893,1.0311754,-0.45563567,-1.8944851,-0.023980824,0.8568547,0.7720136,-0.90839785,0.7760984,-0.1044891,-0.34920007,0.26113525,0.03160346,0.284021,-0.7569861,1.7207551,-0.48003283,0.538428,-0.26236773,0.21111368,0.2137034,0.66810054,-1.3752755,0.71827775,0.5236,0.5236,0.0,0.0,-0.19294652,0.41498694,0.8114918,1.5433619,-0.8043919,0.1883,0.01345,-0.20982,0.00269,-0.00269,-0.73168,0.05111,0.00538,-1.00068,0.00269,-0.2305084745762712,1.0,-0.7220338983050848,1.0,-1.0,0.14576271186440679,1.0,1.0,-1.0,1.0,1,1,1,1,1,1,1,1,1,1,1.0,1.0,0.38069994309126315,-0.19198621771937624,0.23343778745424157,-1.17,-1.22,5.48,0.41119924,0.168357,-0.8958633,0.5971586,-0.8021232
10.1460,483,0.19481556,0.26691267,0.6534758,-2.0355926,0.80227196,0.5236,0.5236,0.0,0.0,-0.23623304,0.23316509,0.6933593,1.3759807,-0.6795535,0.04796165,-0.33573154,0.0,-0.023980824,-1.1990412,0.0,0.0,0.0,0.0,-1.8465234,1.7985618,-0.14388494,-1.1510795,-0.815348,1.0125823,0.73976773,-0.74421144,0.69186974,0.00922069,-0.2865793,0.2896692,0.12856089,0.4185759,-0.81452125,1.859852,-0.7121684,0.8231941,-0.28896683,0.25004557,0.20564193,0.70914716,-1.3963326,0.7467052,0.5236,0.5236,0.0,0.0,-0.20733032,0.454563,0.7534579,1.6397619,-0.8110417,-0.22057999999999997,0.29320999999999997,-0.0269,0.00269,-0.00538,-0.6456000000000001,0.11567,-0.1076,-0.08608,-0.00269,-0.2598870056497175,1.0,-1.0,1.0,-1.0,-0.9672316384180791,1.0,1.0,-1.0,1.0,1,1,1,1,1,1,1,1,1,1,1.0,1.0,0.6861325621902707,0.2279836335417593,0.0272707695624114,-4.45,-2.97,6.66,0.41333526,0.15614887,-0.89709055,0.76604444,-0.64278764
10.1639,484,0.21322332,0.25003886,0.66574764,-2.0279226,0.7593205,0.5236,0.5236,0.0,0.0,-0.21475731,0.29759228,0.7439807,1.44501,-0.73937875,0.4796165,-0.3117507,0.14388494,0.023980824,-1.9424467,0.0,0.0,0.0,0.0,-1.103118,2.4700248,0.5035973,0.16786577,-1.774581,1.0517528,0.6646227,-0.5082807,0.5516874,0.08516846,-0.3223698,0.25442624,0.2923456,0.50560915,-0.937262,1.989156,-1.0684888,1.0620503,-0.33973467,0.2598382,0.18685567,0.7681298,-1.4313782,0.7656921,0.5236,0.5236,0.0,0.0,-0.2380155,0.486889,0.6643778,1.736162,-0.8237337,-0.71823,0.5649,-0.03766,0.0269,0.55414,0.2959,0.03497,-1.00606,-0.02152,0.059179999999999996,-0.4553672316384181,0.06779661016949153,-1.0,1.0,0.9966101694915255,1.0,1.0,-1.0,-1.0,0.8553672316384181,1,1,1,1,1,1,1,1,1,1,1.0,1.0,0.9141161957320301,0.4919646829059017,-0.01308996938995747,-3.72,-3.22,5.81,0.41754678,0.14905092,-0.8963473,0.89363265,-0.4487992
10.1859,485,0.24083498,0.22856314,0.69029135,-1.9941751,0.7516506,0.5236,0.5236,0.0,0.0,-0.21475731,0.37122336,0.76392245,1.518641,-0.7869322,0.7913672,-0.5035973,0.3836932,0.26378906,-2.0383701,0.0,0.0,0.0,0.0,-0.14388494,2.997603,1.1990412,1.7985618,-2.4700248,0.93211764,0.3417265,-0.27775368,0.3968909,0.13192281,-0.3373081,0.13671944,0.4368983,0.46722782,-1.0309976,2.0889995,-1.4528863,1.2198222,-0.55234873,0.22992942,0.10613163,0.8257616,-1.4700773,0.7773807,0.5236,0.5236,0.0,0.0,-0.2614494,0.5118499,0.56827843,1.832562,-0.8768872,0.36046,0.17485,-0.43846999999999997,0.00269,0.00269,-0.03497,-0.23134,-0.81238,-0.00807,0.04573,-0.14576271186440679,0.415819209039548,-0.3389830508474576,1.0,1.0,0.003389830508474576,0.8180790960451978,-0.9988700564971752,-1.0,0.21694915254237288,1,1,1,1,1,1,1,1,1,1,1.0,1.0,2.148936641518018,0.4319689898685966,0.5945027764605685,-2.33,-2.0,4.88,0.43080044,0.0959603,-0.8973308,0.9730449,-0.23061587
10.2059,486,0.25924274,0.21015537,0.7347768,-1.9542916,0.75471854,0.5236,0.5236,0.0,0.0,-0.2316311,0.42184472,0.7332428,1.590738,-0.8114758,1.0071946,-0.7434055,0.7913672,0.7434055,-1.5107919,0.0,0.0,0.0,0.0,0.11990412,3.2134304,1.223022,2.8297372,-2.5179865,0.7808388,0.11759791,-0.069034874,0.33572572,0.026653022,-0.34144986,0.1322256,0.52407736,0.28782824,-1.0014396,1.897332,-1.6156807,1.100019,-0.8559362,0.1921097,0.050099477,0.8779413,-1.4853686,0.7510633,0.5236,0.5236,0.0,0.0,-0.25405988,0.463933,0.52757984,1.8750048,-0.95278406,1.0625499999999999,0.18023,-0.01076,0.00538,0.0,0.22596,-0.14795,-0.01345,-0.00269,0.00807,0.1977401129943503,1.0,-1.0,1.0,1.0,0.9977401129943503,0.21242937853107344,-1.0,-1.0,1.0,1,1,1,1,1,1,1,1,1,1,1.0,1.0,2.644173816771409,0.39924406639370286,0.7243116395776468,-2.22,-3.09,5.53,0.43896616,0.045938317,-0.8973285,1.0,0.0
10.2259,487,0.25310683,0.18561168,0.78079623,-1.9450877,0.7577865,0.5236,0.5236,0.0,0.0,-0.2561748,0.44638842,0.6872234,1.672039,-0.83448553,0.8633097,-0.91127133,1.3429261,1.223022,-0.7913672,0.0,0.0,0.0,0.0,-0.14388494,2.9496412,0.407674,3.4292579,-2.1342933,0.7243904,0.0031462535,0.09100394,0.41489634,-0.12689522,-0.42266497,0.15185578,0.64712554,0.0683939,-0.96417564,1.5696669,-1.6982311,0.95194423,-1.1216099,0.1779976,0.021486564,0.917951,-1.4655759,0.7126762,0.5236,0.5236,0.0,0.0,-0.24474391,0.38201672,0.5069423,1.8379861,-1.0192025,1.17822,0.7774099999999999,-0.048420000000000005,0.24478999999999998,-0.00538,-0.42233,-0.48689,-0.03766,0.20713,0.01076,0.6192090395480226,1.0,-1.0,1.0,-1.0,-0.08587570621468926,0.22372881355932203,-1.0,-1.0,1.0,1,1,1,1,1,1,1,1,1,1,1.0,1.0,2.4969116611343876,0.543233729683235,0.5148721293383272,-3.28,-2.18,8.25,0.44802773,-0.003061693,-0.8940144,0.9730449,0.23061587
10.2459,488,0.22856314,0.1441942,0.82834965,-1.9650294,0.7485826,0.5236,0.5236,0.0,0.0,-0.2715146,0.45099035,0.62433016,1.751806,-0.8697671,0.45563567,-1.103118,1.8225427,1.0791371,-0.21582742,0.0,0.0,0.0,0.0,-0.5995206,2.2781782,-0.91127133,3.669066,-1.6546768,0.81160116,-0.04557257,0.13459922,0.8256471,-0.19687808,-0.5256878,0.2166542,0.9029088,-0.09309843,-1.0695857,1.3097396,-1.792463,0.84879243,-1.3521254,0.1998003,0.009306857,0.9288498,-1.3691759,0.69518054,0.5236,0.5236,0.0,0.0,-0.2710964,0.3170349,0.48338428,1.8121982,-1.0768313,0.32280000000000003,0.72092,-0.02152,0.39543,-0.00538,-0.25824,-0.12104999999999999,-0.01614,0.7774099999999999,0.01345,0.2248587570621469,0.9163841807909604,-1.0,1.0,-1.0,-0.9627118644067797,-1.0,-1.0,1.0,1.0,1,1,1,1,1,1,1,1,1,1,1.0,1.0,2.076941809873252,0.9664760732918599,0.47123889803846897,-9.71,-0.38,14.13,0.46304742,-0.042836986,-0.8852978,0.89363265,0.4487992
10.2659,489,0.20555343,0.10584468,0.8544273,-1.9803692,0.7255729,0.5236,0.5236,0.0,0.0,-0.27304858,0.43565056,0.5537671,1.8193012,-0.9096506,-0.1918466,-1.3429261,2.0143893,0.43165484,-0.23980825,0.0,0.0,0.0,0.0,-0.7673864,1.2709837,-2.1342933,3.812951,-1.486811,0.9861807,-0.04104411,0.17747179,0.9861226,-0.12783523,-0.5340703,0.2177053,1.151537,-0.15638344,-1.2141129,1.2069865,-1.8398949,0.54754907,-1.518971,0.24344519,0.010438973,0.939568,-1.3227694,0.7124412,0.5236,0.5236,0.0,0.0,-0.3072282,0.29134664,0.4715263,1.7368873,-1.1185427,-0.040350000000000004,0.538,-0.029589999999999998,0.29858999999999997,0.00269,0.00807,-0.9415,0.0,0.03766,0.024210000000000002,-1.0,0.7254237288135593,-1.0,1.0,-1.0,0.9536723163841808,-1.0,-0.9728813559322034,1.0,1.0,1,1,1,1,1,1,1,1,1,1,1.0,1.0,1.7420567596468401,0.9850201965942997,-0.210530341021816,-3.85,0.26,12.0,0.47948575,-0.07549351,-0.87429637,0.76604444,0.64278764
10.2859,490,0.20555343,0.06749515,0.86823314,-1.9911071,0.70102924,0.5236,0.5236,0.0,0.0,-0.28225246,0.400369,0.49087384,1.8530488,-0.9510681,-0.5995206,-1.6546768,1.7985618,-0.26378906,-0.5275781,0.0,0.0,0.0,0.0,-0.6474822,0.21582742,-2.853718,3.5731428,-1.6546768,1.1517495,0.12969938,0.28428394,0.869348,0.16149774,-0.47031423,0.19580951,1.2188715,-0.21227531,-1.4586568,1.2172058,-1.8210028,0.07964878,-1.5996207,0.28483737,0.053124845,0.966271,-1.351963,0.7847745,0.5236,0.5236,0.0,0.0,-0.36836419,0.29390144,0.4762493,1.6404873,-1.1387051,-0.5864199999999999,0.10222,-0.03766,0.18292,0.33625,0.00538,-0.68326,0.01345,0.05111,0.01345,-0.2497175141242938,0.5559322033898305,-1.0,1.0,1.0,1.0,-1.0,-0.33785310734463275,1.0,1.0,1,1,1,1,1,1,1,1,1,1,1.0,1.0,1.9722220547535922,1.1573714602287397,-0.3370667117914049,-4.2,3.51,9.33,0.49903828,-0.10409387,-0.8603053,0.5971586,0.8021232
10.3059,491,0.23316509,0.047553405,0.89584476,-2.000311,0.68875736,0.5236,0.5236,0.0,0.0,-0.30679616,0.3666214,0.45252433,1.8637867,-0.957204,-0.45563567,-1.7266194,1.4388494,-0.551559,-0.8393288,0.0,0.0,0.0,0.0,-0.551559,-0.6714631,-3.0455647,2.853718,-1.7026385,1.1046716,0.40193173,0.3154942,0.43217927,0.32682967,-0.39961606,0.117723174,1.0034438,-0.3185408,-1.45752,1.1747129,-1.7697544,-0.24718845,-1.4217876,0.2730679,0.12118293,0.9740736,-1.4483631,0.82610744,0.5236,0.5236,0.0,0.0,-0.36808,0.28327823,0.48906142,1.5440873,-1.0942469,-0.58104,-0.12912,-0.029589999999999998,0.16678,0.09146,0.65367,-0.42502,0.43577999999999995,0.09953000000000001,0.11298,-0.8146892655367232,-0.9129943502824859,-1.0,1.0,1.0,0.96045197740113,-0.6225988700564972,0.8395480225988701,1.0,1.0,1,1,1,1,1,1,1,1,1,1,1.0,1.0,1.435533309765336,0.5126904677733343,-0.6643159465403417,-5.32,3.08,8.23,0.5125233,-0.12557842,-0.849441,0.39607978,0.9182161
10.3259,492,0.26537868,0.05829127,0.9280584,-2.0095148,0.6795535,0.5236,0.5236,0.0,0.0,-0.3512816,0.34974763,0.43411657,1.8576508,-0.9526021,0.14388494,-1.366907,1.223022,-0.551559,-0.8872905,0.0,0.0,0.0,0.0,-0.7913672,-1.1990412,-2.6378906,1.8465234,-1.2949644,1.0080736,0.72100586,0.18585825,0.040963653,0.3234531,-0.419542,0.12240413,0.67514306,-0.4080976,-1.302225,0.9677358,-1.6424215,-0.39316484,-1.2306186,0.2489184,0.20095146,0.9416646,-1.5447631,0.8252633,0.5236,0.5236,0.0,0.0,-0.32925624,0.23153396,0.52089465,1.5017089,-1.0464547,0.85811,0.0,-0.16140000000000002,0.11298,0.09146,-0.2152,-0.7639600000000001,0.19906000000000001,0.1345,0.00807,0.21242937853107344,-1.0,-1.0,1.0,1.0,0.08813559322033898,-0.4903954802259887,1.0,1.0,0.4610169491525424,1,1,1,1,1,1,1,1,1,1,1.0,1.0,0.4046982203061852,-0.1778054175469223,-0.902117057124569,-4.66,2.32,7.82,0.513143,-0.12752062,-0.84877723,0.17364818,0.9848077
10.3464,493,0.26844662,0.08590292,0.9495341,-2.0156507,0.6703496,0.5236,0.5236,0.0,0.0,-0.3758253,0.34054375,0.4233787,1.833107,-0.94800013,0.7434055,-0.6474822,1.2709837,-0.4796165,-0.69544387,0.0,0.0,0.0,0.0,-1.223022,-1.223022,-1.918466,0.69544387,-0.6714631,0.9334053,1.0276161,0.09798072,-0.2237589,0.33045328,-0.49676102,0.1290252,0.41596013,-0.41979,-1.2487164,0.77475864,-1.5516986,-0.49723983,-1.1603978,0.23025133,0.27760404,0.9196952,-1.6252397,0.8270134,0.5236,0.5236,0.0,0.0,-0.31587908,0.18328966,0.5435754,1.4756901,-1.0288994,0.46268,-0.52186,0.16409,0.061869999999999994,0.08070000000000001,-0.32818,-0.15064,0.11567,0.18561,0.0,0.1096045197740113,-1.0,1.0,1.0,1.0,-1.0,-1.0,1.0,1.0,-0.11864406779661017,1,1,1,1,1,1,1,1,1,1,1.0,1.0,-0.17671458676442586,-0.210530341021816,-0.20180369476184434,-6.68,3.58,11.21,0.51145595,-0.123525284,-0.8503848,-0.05814483,0.9983082
10.3660,494,0.25310683,0.1518641,0.9433982,-2.0202527,0.66421366,0.5236,0.5236,0.0,0.0,-0.3681554,0.33287382,0.41417482,1.8054954,-0.9433982,0.7194247,0.43165484,1.1750604,-0.407674,-0.5275781,0.0,0.0,0.0,0.0,-1.2709837,-0.8393288,-1.1510795,-0.23980825,-0.0959233,0.7889211,1.1346501,-0.09515806,-0.42268068,0.28675058,-0.5196964,0.14522974,0.18285406,-0.41455913,-0.96509576,0.5690496,-1.3961878,-0.43230763,-0.9019216,0.19413029,0.30436254,0.8714105,-1.6749703,0.81608766,0.5236,0.5236,0.0,0.0,-0.24497394,0.1318624,0.5824531,1.4919231,-0.96428037,0.36315,-0.09953000000000001,0.03497,0.01345,0.03766,-0.08339,-0.79086,0.07532,0.061869999999999994,0.0,0.4067796610169492,-1.0,1.0,1.0,1.0,-1.0,-1.0,1.0,1.0,-0.1423728813559322,1,1,1,1,1,1,1,1,1,1,1.0,1.0,-0.7254024703601433,-0.6021385919380436,-0.10035643198967394,-7.06,4.1,9.73,0.50220716,-0.11228209,-0.8574268,-0.28680325,0.9579895
10.3860,495,0.23469906,0.22089323,0.9280584,-2.0217867,0.6580778,0.5236,0.5236,0.0,0.0,-0.34667966,0.28532043,0.4049709,1.7794178,-0.9403302,0.21582742,1.5827343,0.6714631,-0.3117507,-0.43165484,0.0,0.0,0.0,0.0,-0.7673864,-0.7913672,-0.7194247,-0.815348,0.11990412,0.90119344,1.2693046,-0.43693307,-0.5936984,0.25098985,-0.45453414,0.2888756,-0.008540485,-0.35896936,-0.76606905,0.34499782,-1.1425755,-0.386308,-0.78472465,0.22219837,0.33802617,0.78596675,-1.7177247,0.8071475,0.5236,0.5236,0.0,0.0,-0.19521727,0.07584946,0.64585614,1.503423,-0.93498117,0.5649,-0.00269,0.03497,0.0,0.00269,-0.81238,-0.46268,0.059179999999999996,0.00807,0.0,0.5694915254237288,-1.0,1.0,1.0,1.0,-1.0,-1.0,1.0,1.0,-1.0,1,1,1,1,1,1,1,1,1,1,1.0,1.0,-1.4824390334126836,-0.2912518189265537,-0.8181230868723419,-4.23,2.8,5.03,0.49786872,-0.084678486,-0.86310846,-0.5,0.8660254
10.4059,496,0.21935925,0.28532043,0.9004467,-2.0279226,0.65040785,0.5236,0.5236,0.0,0.0,-0.30526218,0.23623304,0.398835,1.7640779,-0.93572825,-0.3836932,2.4940057,0.0,-0.23980825,-0.35971236,0.0,0.0,0.0,0.0,0.11990412,-1.1750604,-0.5035973,-1.103118,0.16786577,0.95211345,1.3313279,-0.7370798,-0.6701355,0.22526708,-0.35628584,0.379519,-0.17756252,-0.30332288,-0.5730125,0.11453976,-0.87516505,-0.29017523,-0.49715668,0.23492837,0.353532,0.71093005,-1.7368339,0.8007168,0.5236,0.5236,0.0,0.0,-0.14695312,0.018234938,0.7127088,1.5274562,-0.86308914,-0.08877,-0.048420000000000005,0.01345,0.04573,0.06994,-0.59449,-0.5111,0.01614,0.04573,0.0,-1.0,-0.6474576271186441,1.0,1.0,1.0,-0.8576271186440678,-1.0,1.0,1.0,-0.9694915254237289,1,1,1,1,1,1,1,1,1,1,1.0,1.0,-2.38237442897226,-0.23671027980173093,-1.2653637076958888,-6.23,2.62,7.92,0.49481496,-0.036728535,-0.86822176,-0.6862416,0.72737366
10.4260,497,0.22549517,0.33747578,0.8482914,-2.0309906,0.6458059,0.5236,0.5236,0.0,0.0,-0.2561748,0.1840777,0.3911651,1.7395343,-0.9265244,-0.551559,2.973622,-0.7913672,-0.1918466,-0.33573154,0.0,0.0,0.0,0.0,1.0551562,-1.7985618,-0.407674,-1.103118,0.1918466,1.0820618,1.3644547,-0.9315294,-0.67797387,0.2852615,-0.22434506,0.46375597,-0.267994,-0.24217345,-0.61753863,0.10880177,-0.6244062,-0.39225304,-0.362894,0.26741543,0.3618137,0.66231763,-1.7387935,0.81571543,0.5236,0.5236,0.0,0.0,-0.15808466,0.01680044,0.7753985,1.5019368,-0.8295235,-0.12104999999999999,0.27707,0.15602000000000002,0.01076,0.00807,-0.43577999999999995,-0.39543,0.07532,-0.12373999999999999,0.0,0.0327683615819209,-0.07796610169491526,1.0,1.0,1.0,-0.9468926553672317,-1.0,1.0,1.0,-1.0,1,1,1,1,1,1,1,1,1,1,1.0,1.0,-2.4652775684419903,0.3392483733563978,-1.136645675361307,-5.79,-0.93,10.51,0.49706975,0.015310157,-0.8675755,-0.8354878,0.549509
10.4457,498,0.24236897,0.36968938,0.7838642,-2.0340586,0.65194184,0.5236,0.5236,0.0,0.0,-0.21168935,0.13038836,0.38042724,1.7027186,-0.9111846,-0.28776988,2.877699,-1.5827343,-0.16786577,-0.23980825,0.0,0.0,0.0,0.0,1.7506001,-2.302159,-0.407674,-1.1510795,0.26378906,1.3048198,1.5345263,-1.134462,-0.7579426,0.42407116,-0.13441607,0.6696319,-0.34585088,-0.12308881,-0.77786624,0.19669099,-0.49217576,-0.7686492,-0.25082278,0.32310495,0.4043316,0.61158454,-1.7587857,0.8504178,0.5236,0.5236,0.0,0.0,-0.19816656,0.038772747,0.80845606,1.4078377,-0.8015057,-0.25017,0.41964,0.16409,0.00269,0.00269,0.03766,-0.48151,0.15064,0.21788999999999997,0.0,-0.37966101694915255,-0.02937853107344633,1.0,1.0,1.0,-0.33559322033898303,-1.0,1.0,1.0,-1.0,1,1,1,1,1,1,1,1,1,1,1.0,1.0,-2.3300145514124297,1.050470043544087,-1.1388273369263,-6.01,1.03,9.75,0.51234597,0.06531901,-0.8562915,-0.9396926,0.34202015
10.4781,499,0.29299033,0.4049709,0.6856894,-2.0340586,0.69182533,0.5236,0.5236,0.0,0.0,-0.19328158,0.079767,0.35741752,1.6352235,-0.85596126,0.551559,2.0383701,-2.6139097,-0.11990412,0.16786577,0.0,0.0,0.0,0.0,1.8705043,-2.3741016,-0.5035973,-1.5587536,0.7434055,1.2603968,1.59863,-1.3493732,-0.6402944,0.5366935,-0.12335378,0.6638805,-0.47782537,-0.04307066,-0.7358658,0.28875133,-0.5245696,-0.8788014,-0.06475349,0.3119992,0.4203575,0.5578567,-1.7293737,0.8785734,0.5236,0.5236,0.0,0.0,-0.18766645,0.061787833,0.80035764,1.3802997,-0.7549884,0.33356,0.08608,0.0269,0.53531,0.22326999999999997,0.03228,-0.15333,0.21251,0.5460699999999999,-0.18561,-0.10282485875706214,-0.01694915254237288,0.8338983050847457,1.0,1.0,0.10847457627118644,-0.5389830508474577,1.0,1.0,-0.9706214689265537,1,1,1,1,1,1,1,1,1,1,1.0,1.0,-2.234021442552742,0.8377580409572781,-0.5748678223756323,-4.76,-3.14,10.04,0.52578896,0.11128349,-0.8433042,-0.99323833,0.11609291
10.5101,500,0.31753403,0.42031074,0.64120394,-2.0110488,0.73784477,0.5236,0.5236,0.0,0.0,-0.20095149,0.065961175,0.34821364,1.5892041,-0.81914574,1.0071946,1.5827343,-2.877699,0.0,0.7434055,0.0,0.0,0.0,0.0,1.3429261,-2.0143893,-0.57553977,-1.8944851,1.1990412,1.2342145,1.6531487,-1.513607,-0.5576652,0.5079184,-0.16766343,0.66021854,-0.5062054,-0.0064251125,-0.7974373,0.35659882,-0.5134293,-0.9734721,-0.024823353,0.30545363,0.43398717,0.51679826,-1.7087164,0.8713796,0.5236,0.5236,0.0,0.0,-0.20305933,0.07874971,0.80314267,1.356632,-0.74500585,0.44923,-0.61332,-0.10222,0.31742000000000004,0.040350000000000004,-0.31742000000000004,0.11567,0.11835999999999999,0.42771,0.05111,1.0,-1.0,1.0,1.0,1.0,-1.0,1.0,1.0,1.0,-1.0,1,1,1,1,1,1,1,1,1,1,1.0,1.0,-1.9198621771937625,0.8006697943523987,0.18653206380689397,-3.82,-2.54,8.9,0.5447176,0.1652514,-0.8221768,-0.99323833,-0.11609291
10.5261,501,0.32213596,0.4371845,0.57217485,-1.9911071,0.8237477,0.5236,0.5236,0.0,0.0,-0.20095149,0.06902914,0.33900976,1.5094371,-0.7577865,1.103118,0.9832138,-2.7098331,0.5275781,1.918466,0.0,0.0,0.0,0.0,0.28776988,-1.0311754,-0.551559,-2.302159,1.8225427,1.137049,1.598303,-1.613563,-0.43601742,0.481783,-0.18599819,0.56545067,-0.5031689,-0.012832386,-0.7885672,0.4186474,-0.5329673,-0.9959601,0.010001838,0.28116223,0.42027575,0.49180928,-1.6783044,0.86484575,0.5236,0.5236,0.0,0.0,-0.2008418,0.094261855,0.7982582,1.35101,-0.7362995,0.26362,-0.24478999999999998,-0.29052,0.17754,0.01345,-0.06456,0.03766,0.54338,0.46537,0.16409,0.04858757062146893,-1.0,-0.059887005649717516,1.0,-0.6644067796610169,-0.06327683615819209,0.11412429378531073,1.0,1.0,-1.0,1,1,1,1,1,1,1,1,1,1,1.0,1.0,-1.349357677948116,0.4974188368183839,0.7930339788749236,-6.9,-3.96,8.01,0.5614748,0.19396402,-0.80444026,-0.9396926,-0.34202015
10.5459,502,0.31446606,0.44638842,0.53382534,-1.9926411,0.8452234,0.5236,0.5236,0.0,0.0,-0.20862138,0.08283496,0.33287382,1.4634176,-0.7332428,0.7194247,0.7194247,-2.3980825,0.6235014,2.2541974,0.0,0.0,0.0,0.0,-0.023980824,-0.3836932,-0.407674,-2.422063,1.8705043,1.0950791,1.5042497,-1.6273905,-0.30153152,0.44410142,-0.21244372,0.5646878,-0.4468985,0.0024563335,-0.8277736,0.4754373,-0.5406116,-1.0475239,-0.0015186295,0.27066976,0.39676243,0.4883524,-1.6446829,0.85542536,0.5236,0.5236,0.0,0.0,-0.2106434,0.10845933,0.79634714,1.338119,-0.7391797,0.25555,0.538,0.18292,0.01076,-0.03497,-0.15602000000000002,-0.2152,0.10491,0.48957999999999996,0.0,0.24519774011299436,0.7333333333333333,0.5615819209039548,1.0,-0.44519774011299434,0.005649717514124294,-0.12768361581920903,1.0,0.8700564971751412,-0.9627118644067797,1,1,1,1,1,1,1,1,1,1,1.0,1.0,-0.9632035809443705,0.421060682043632,1.1377365061438036,-7.24,-4.02,8.17,0.57280755,0.19808319,-0.79539585,-0.8354878,-0.549509
10.5658,503,0.3037282,0.44485444,0.5046797,-1.9926411,0.8498254,0.5236,0.5236,0.0,0.0,-0.21015537,0.10277671,0.3282719,1.4220002,-0.720971,0.16786577,0.4796165,-2.0863316,0.43165484,1.8944851,0.0,0.0,0.0,0.0,-0.0959233,0.14388494,-0.3117507,-2.3741016,1.630696,1.0029689,1.3802848,-1.6139213,-0.1163875,0.385436,-0.22148165,0.5135497,-0.38977125,-0.0054831393,-0.7745724,0.5847588,-0.5210938,-1.0744674,0.013632894,0.24764223,0.3657712,0.4917197,-1.5983969,0.84075904,0.5236,0.5236,0.0,0.0,-0.1973431,0.1357897,0.80122656,1.3313832,-0.73539174,0.21251,0.6590499999999999,0.10222,0.00538,0.0,0.22057999999999997,-0.26362,0.02152,0.41695,0.08070000000000001,0.3333333333333333,0.7457627118644068,0.5875706214689266,1.0,-0.7423728813559322,0.04971751412429379,-0.1638418079096045,1.0,0.8779661016949153,1.0,1,1,1,1,1,1,1,1,1,1,1.0,1.0,-0.890117918517108,-0.06981317007977318,0.8355763793922851,-2.52,-1.45,6.74,0.57646906,0.20201924,-0.7917522,-0.6862416,-0.72737366
10.5879,504,0.2960583,0.4387185,0.4878059,-1.9957091,0.8498254,0.5236,0.5236,0.0,0.0,-0.21782528,0.12118448,0.3282719,1.3882526,-0.720971,-0.1918466,0.1918466,-1.7026385,0.11990412,1.1990412,0.0,0.0,0.0,0.0,-0.16786577,0.551559,-0.23980825,-2.2302167,1.1270987,1.060887,1.2641983,-1.5752822,0.07322468,0.3324174,-0.2574601,0.5679857,-0.30344275,0.043878395,-0.86380064,0.6522763,-0.48950756,-1.1474273,-0.08421728,0.26212174,0.33674958,0.5013795,-1.5509939,0.8275044,0.5236,0.5236,0.0,0.0,-0.21965016,0.15266907,0.80912316,1.3131433,-0.7598543,0.40888,0.0538,-0.59987,0.10222,0.0,-0.1076,0.18561,0.00807,0.23134,0.0,0.12542372881355932,1.0,0.23728813559322035,1.0,-1.0,-0.16045197740112993,0.6870056497175141,1.0,0.3288135593220339,-0.19887005649717515,1,1,1,1,1,1,1,1,1,1,1.0,1.0,-0.5399612373357457,-0.008726646259971648,0.6828600698427814,-5.65,-5.59,8.18,0.57978684,0.20312956,-0.7890409,-0.5,-0.8660254
10.6058,505,0.28532043,0.42644665,0.48933986,-2.001845,0.8498254,0.5236,0.5236,0.0,0.0,-0.21782528,0.14112623,0.3344078,1.3698448,-0.720971,-0.3836932,-0.023980824,-1.2470028,-0.023980824,0.5275781,0.0,0.0,0.0,0.0,-0.1918466,0.7913672,-0.14388494,-1.9424467,0.6235014,1.078004,1.1732558,-1.5191313,0.3116763,0.26737085,-0.31071615,0.56136626,-0.1971427,0.1003547,-0.9167925,0.77253556,-0.46987003,-1.1095333,-0.1728013,0.266401,0.31401396,0.5154172,-1.4913809,0.81124276,0.5236,0.5236,0.0,0.0,-0.23289813,0.1827339,0.8140325,1.3226167,-0.7820003,-0.14795,0.53531,-0.0269,0.10222,-0.00807,0.00538,0.55952,0.06725,0.08608,0.01076,-0.37966101694915255,1.0,-1.0,1.0,-1.0,0.8903954802259887,0.5807909604519774,1.0,1.0,1.0,1,1,1,1,1,1,1,1,1,1,1.0,1.0,-0.2672535417116317,-0.0916297857297023,0.4799655442984406,-7.18,-1.95,8.03,0.5805838,0.20203093,-0.7887369,-0.28680325,-0.9579895
10.6278,506,0.28532043,0.41110685,0.5016117,-2.0079808,0.8390875,0.5236,0.5236,0.0,0.0,-0.22702916,0.1672039,0.33900976,1.359107,-0.72710687,-0.3836932,-0.26378906,-0.6714631,-0.14388494,0.11990412,0.0,0.0,0.0,0.0,-0.21582742,0.93525213,0.0,-1.5107919,0.21582742,1.1478062,1.1330192,-1.4421867,0.5202373,0.17206416,-0.37214413,0.55175996,-0.08405917,0.15785643,-0.99184537,0.9739667,-0.44918022,-0.8792721,-0.2539577,0.28385153,0.3039548,0.5346533,-1.4392407,0.78741604,0.5236,0.5236,0.0,0.0,-0.25166133,0.23309168,0.819205,1.380182,-0.8022894,0.16678,0.16409,-0.2152,0.1076,0.0,0.12912,-0.19368000000000002,0.00269,0.27438,0.84735,0.03502824858757062,1.0,-0.16497175141242937,1.0,-1.0,0.05875706214689266,0.47909604519774013,1.0,0.4011299435028249,0.5932203389830508,1,1,1,1,1,1,1,1,1,1,1.0,1.0,-0.02617993877991494,-0.07308566242726254,0.47342055960346185,-5.25,-2.1,7.33,0.5797956,0.19904956,-0.7900736,-0.05814483,-0.9983082
10.6478,507,0.28685442,0.3834952,0.5123496,-2.0141168,0.82681566,0.5236,0.5236,0.0,0.0,-0.239301,0.19021362,0.3359418,1.3545051,-0.7439807,-0.28776988,-0.5275781,-0.0959233,-0.23980825,-0.11990412,0.0,0.0,0.0,0.0,-0.28776988,1.0311754,0.0959233,-1.0311754,-0.07194247,1.2048779,1.0377443,-1.3545222,0.65506136,0.090177394,-0.39728248,0.4852349,-0.00088387355,0.21280226,-1.0154768,1.2824513,-0.44585553,-0.41872895,-0.28065687,0.29811946,0.28013608,0.55656946,-1.4055347,0.76694435,0.5236,0.5236,0.0,0.0,-0.2575692,0.31021282,0.8200361,1.476582,-0.8089642,-0.11835999999999999,0.59987,-0.0269,0.08608,0.00269,0.00538,0.61063,0.00269,0.00538,0.040350000000000004,-0.6790960451977401,0.6169491525423729,-1.0,1.0,-1.0,1.0,0.19887005649717515,1.0,-1.0,1.0,1,1,1,1,1,1,1,1,1,1,1.0,1.0,0.30870511144649704,-0.12435470920459597,0.2454369260617026,-4.42,-3.55,8.23,0.5803461,0.19174881,-0.7914738,0.17364818,-0.9848077
10.6677,508,0.2945243,0.35281557,0.5292234,-2.0187187,0.81761175,0.5236,0.5236,0.0,0.0,-0.25157285,0.22396119,0.3420777,1.3713788,-0.7608545,-0.07194247,-0.8633097,0.3117507,-0.28776988,-0.28776988,0.0,0.0,0.0,0.0,-0.407674,1.1510795,0.11990412,-0.5035973,-0.35971236,1.2206167,0.91217685,-1.2267643,0.69204307,0.032295965,-0.3794536,0.37586832,0.047829617,0.2601132,-0.96444595,1.6319705,-0.5237942,0.11905387,-0.24926929,0.30205417,0.24874422,0.58850896,-1.3962893,0.752474,0.5236,0.5236,0.0,0.0,-0.24481149,0.39759263,0.8005515,1.5729821,-0.8011173,-0.21788999999999997,0.53531,-0.01076,0.06994,-0.00269,0.0,0.62139,0.01076,0.0,0.01614,-0.8677966101694915,0.6542372881355932,-1.0,1.0,-1.0,1.0,1.0,1.0,-1.0,1.0,1,1,1,1,1,1,1,1,1,1,1.0,1.0,0.6479534848028948,-0.19416787928436918,0.1559888018969932,-5.31,-4.85,7.63,0.5776458,0.18064187,-0.796049,0.39607978,-0.9182161
10.6877,509,0.30526218,0.32366994,0.5491651,-2.0233207,0.800738,0.5236,0.5236,0.0,0.0,-0.2623107,0.27458256,0.35741752,1.4173982,-0.77926224,0.14388494,-1.1510795,0.5995206,-0.26378906,-0.45563567,0.0,0.0,0.0,0.0,-0.5275781,1.4148686,0.14388494,0.11990412,-0.6235014,1.2845355,0.7762649,-1.0589775,0.6750746,0.07467995,-0.35500798,0.3245901,0.12180306,0.33712244,-1.0020236,1.9075588,-0.77562076,0.5574713,-0.27878278,0.31803387,0.21476623,0.6304556,-1.4005314,0.76307,0.5236,0.5236,0.0,0.0,-0.25420588,0.4664897,0.73759484,1.6693821,-0.8084957,0.07801000000000001,0.60256,-0.00538,0.029589999999999998,-0.00807,-0.09953000000000001,0.28245,0.01345,-0.20713,0.00807,0.010169491525423728,0.63954802259887,-1.0,1.0,-1.0,-1.0,1.0,1.0,-1.0,-0.8011299435028248,1,1,1,1,1,1,1,1,1,1,1.0,1.0,1.124646536753846,-0.05126904677733343,0.26616271092913524,-4.84,-1.89,7.12,0.5775832,0.16225395,-0.8000446,0.5971586,-0.8021232
10.7116,510,0.31293207,0.28992236,0.57217485,-2.0217867,0.77926224,0.5236,0.5236,0.0,0.0,-0.25924274,0.3344078,0.400369,1.4864274,-0.7869322,0.28776988,-1.4148686,0.7434055,-0.23980825,-0.6235014,0.0,0.0,0.0,0.0,-0.4796165,1.8465234,0.45563567,1.0551562,-0.7434055,1.194952,0.589103,-0.7524224,0.5375324,0.09893682,-0.3947274,0.207369,0.2040717,0.32924742,-1.0795584,2.06765,-1.1682799,0.9319455,-0.3315693,0.295638,0.16797575,0.70709443,-1.434917,0.7691342,0.5236,0.5236,0.0,0.0,-0.27358958,0.5065125,0.6411948,1.7657821,-0.82169235,0.040350000000000004,0.69671,-0.03497,0.04573,0.20444,0.21788999999999997,0.01345,0.0,-0.02152,0.01076,0.062146892655367235,1.0,-1.0,1.0,0.4429378531073446,0.7050847457627119,1.0,1.0,-1.0,1.0,1,1,1,1,1,1,1,1,1,1,1.0,1.0,1.4846206949776766,-0.10362892433716332,0.5835944686356039,-3.35,-3.48,4.98,0.5775011,0.13570257,-0.80503243,0.76604444,-0.64278764
10.7279,511,0.32060197,0.25464082,0.6059224,-1.9957091,0.76852435,0.5236,0.5236,0.0,0.0,-0.2623107,0.40190297,0.4632622,1.5600585,-0.79306805,0.3836932,-1.5587536,0.9832138,0.0,-0.7434055,0.0,0.0,0.0,0.0,-0.33573154,2.3980825,1.1990412,2.1103125,-0.6714631,1.1152291,0.3760083,-0.40554243,0.4987823,0.10709713,-0.48051062,0.15707202,0.42278457,0.32664594,-1.2136083,2.138692,-1.5596833,1.1923512,-0.60449713,0.27570727,0.114702076,0.7938144,-1.4446045,0.7711743,0.5236,0.5236,0.0,0.0,-0.30710205,0.524273,0.5447948,1.8621821,-0.8899243,0.50034,0.70478,-0.03766,-0.01076,0.00269,0.22596,-0.42233,-0.58373,-0.01076,0.0269,-0.01694915254237288,0.6225988700564972,-1.0,1.0,0.9288135593220339,0.8666666666666667,0.4135593220338983,1.0,-1.0,1.0,1,1,1,1,1,1,1,1,1,1,1.0,1.0,1.8860464229363723,0.11344640137963143,0.8464846872172498,-4.76,-1.28,5.27,0.57992494,0.099036485,-0.8086278,0.89363265,-0.4487992
10.7476,512,0.30986413,0.22089323,0.6534758,-1.9926411,0.76238847,0.5236,0.5236,0.0,0.0,-0.27611655,0.43565056,0.5138836,1.6367575,-0.799204,0.28776988,-1.630696,1.2709837,0.3117507,-0.7673864,0.0,0.0,0.0,0.0,-0.23980825,2.6858523,1.8944851,2.997603,-0.5275781,0.9095409,0.11007053,-0.11120292,0.51524097,-0.046358854,-0.48411807,0.13852085,0.5717721,0.20327207,-1.2285218,1.9449813,-1.8008816,1.1999433,-0.8736954,0.22428523,0.048217632,0.8673993,-1.4404898,0.7328103,0.5236,0.5236,0.0,0.0,-0.31083044,0.47584534,0.4812796,1.8999858,-0.95722383,0.17485,0.7532,-0.18561,0.03766,0.0,0.04573,-0.14795,-0.01076,-0.01076,0.01076,-0.21694915254237288,1.0,-1.0,1.0,1.0,1.0,-0.04406779661016949,-1.0,-1.0,1.0,1,1,1,1,1,1,1,1,1,1,1.0,1.0,2.215477319250302,-0.11017390903214205,1.1650072757062149,-4.46,-2.95,7.17,0.5807087,0.05307004,-0.81237984,0.9730449,-0.23061587
10.7676,513,0.2945243,0.1840777,0.71483505,-2.001845,0.7593205,0.5236,0.5236,0.0,0.0,-0.3037282,0.44792238,0.53842723,1.7165245,-0.8206797,0.023980824,-1.6786577,1.774581,0.3836932,-0.57553977,0.0,0.0,0.0,0.0,-0.3836932,2.446044,2.32614,3.4772196,-0.43165484,0.81033206,-0.13426283,0.1667753,0.77644104,-0.15255046,-0.5743526,0.22735192,0.7531615,0.014405895,-1.3238263,1.6229844,-2.021396,1.1405305,-1.1464133,0.19948302,-0.012865707,0.9368938,-1.3751898,0.7062624,0.5236,0.5236,0.0,0.0,-0.33465657,0.3953461,0.42615104,1.8851327,-1.0254033,0.81238,0.6805699999999999,-0.22057999999999997,0.17754,0.0,-0.28245,-0.10222,-0.03228,0.24478999999999998,0.01883,0.711864406779661,1.0,-1.0,1.0,-1.0,0.21016949152542372,-0.02711864406779661,-1.0,-1.0,1.0,1,1,1,1,1,1,1,1,1,1,1.0,1.0,2.231839780987749,0.14617132485452508,1.6667894356545847,-5.47,0.38,8.93,0.58239543,-0.0,-0.81290567,1.0,0.0
10.7875,514,0.26537868,0.14112623,0.7731263,-2.0156507,0.7439807,0.5236,0.5236,0.0,0.0,-0.33133984,0.44945636,0.53689325,1.7947575,-0.8636312,-0.407674,-1.7506001,2.2781782,0.16786577,-0.43165484,0.0,0.0,0.0,0.0,-0.7434055,1.7506001,1.9424467,3.7170277,-0.69544387,0.82385993,-0.25686026,0.2966398,0.9258343,-0.41419694,-0.61256063,0.19276367,0.9089621,-0.18777668,-1.3049853,1.376221,-2.0651948,0.95172596,-1.3579112,0.20286499,-0.043515064,0.96936,-1.3378415,0.6408508,0.5236,0.5236,0.0,0.0,-0.3299463,0.33365524,0.4152013,1.8379315,-1.0782778,0.36046,0.69133,-0.024210000000000002,0.28245,-0.00269,-0.08339,-0.061869999999999994,-0.00538,1.01951,0.00538,0.3728813559322034,1.0,-1.0,1.0,-0.7423728813559322,0.4768361581920904,-1.0,-1.0,-0.04971751412429379,1.0,1,1,1,1,1,1,1,1,1,1,1.0,1.0,1.682061066609535,-0.04145156973486532,0.6032294227205401,-6.4,1.88,10.72,0.5836416,-0.03673269,-0.8111802,0.9730449,0.23061587
10.8075,515,0.23776703,0.093572825,0.81761175,-2.0248547,0.7117671,0.5236,0.5236,0.0,0.0,-0.35281557,0.43565056,0.5184855,1.8637867,-0.9142526,-0.8393288,-1.8705043,2.5659482,-0.23980825,-0.5035973,0.0,0.0,0.0,0.0,-1.0551562,0.8393288,1.103118,3.7889702,-1.223022,0.87990147,-0.25113788,0.45795357,1.0048397,-0.28606886,-0.5998401,0.1792946,1.0241709,-0.29761273,-1.3269175,1.2705747,-2.0649142,0.6176101,-1.4343957,0.21687537,-0.04208447,1.0096884,-1.3180902,0.6728828,0.5236,0.5236,0.0,0.0,-0.33542937,0.30724367,0.41527146,1.7544025,-1.0973989,0.27169,0.49765,-0.01345,0.14795,0.0,-0.27707,-0.86887,-0.00538,0.00807,0.00269,0.3785310734463277,1.0,-1.0,1.0,-1.0,-0.9480225988700565,-1.0,-1.0,1.0,1.0,1,1,1,1,1,1,1,1,1,1,1.0,1.0,1.854412330243975,0.04581489286485115,0.5235987755982988,-5.86,1.37,10.35,0.5816823,-0.07143467,-0.8102733,0.89363265,0.4487992
10.8276,516,0.22702916,0.04141748,0.85902923,-2.0294566,0.67495155,0.5236,0.5236,0.0,0.0,-0.35588354,0.400369,0.49240783,1.8944663,-0.94493216,-1.0311754,-2.0623507,2.5419674,-0.43165484,-0.8633097,0.0,0.0,0.0,0.0,-1.0791371,0.0,0.11990412,3.549162,-1.7506001,0.97872573,-0.0944216,0.6070969,0.9274958,-0.06399486,-0.5355929,0.12972057,1.130228,-0.3456251,-1.4222403,1.2442219,-2.00719,0.22129196,-1.4975821,0.24158144,-0.0029054005,1.0469742,-1.3374261,0.7284013,0.5236,0.5236,0.0,0.0,-0.35926005,0.30065548,0.42970252,1.6580025,-1.1131955,-0.09415,0.29052,-0.01076,0.05111,0.57028,-0.19099000000000002,-0.6267699999999999,-0.00269,0.77203,0.00269,0.3649717514124294,0.8418079096045198,-1.0,1.0,0.6870056497175141,-0.09491525423728814,-0.9367231638418079,-1.0,1.0,1.0,1,1,1,1,1,1,1,1,1,1,1.0,1.0,2.0856684561332237,0.2617993877991494,0.28688849579656794,-8.67,3.35,9.09,0.58593976,-0.1061633,-0.8033704,0.76604444,0.64278764
10.8477,517,0.22856314,0.007669904,0.9111846,-2.0340586,0.6580778,0.5236,0.5236,0.0,0.0,-0.36355343,0.3681554,0.45099035,1.8929323,-0.9418642,-0.91127133,-2.182255,2.3741016,-0.407674,-1.223022,0.0,0.0,0.0,0.0,-0.815348,-0.7194247,-0.69544387,2.733814,-1.7266194,0.89879906,0.12639256,0.58882177,0.64865965,0.047617786,-0.4915723,0.073154,0.96771616,-0.43192387,-1.4043334,1.1499585,-1.9086056,-0.045614474,-1.3015465,0.22159977,0.05229814,1.0424055,-1.4071351,0.75630444,0.5236,0.5236,0.0,0.0,-0.35478333,0.27708963,0.45434862,1.5885965,-1.0641866,-0.43309,-0.00807,-0.37390999999999996,0.040350000000000004,0.19368000000000002,0.33625,-0.17754,0.43577999999999995,0.43309,0.12912,-0.08926553672316384,-0.8090395480225989,-1.0,1.0,1.0,0.18983050847457628,-0.6406779661016949,0.4180790960451977,1.0,1.0,1,1,1,1,1,1,1,1,1,1,1.0,1.0,1.4289883250703572,-0.26398104936414235,-0.16689710972195776,-7.72,5.02,9.06,0.5826294,-0.1316273,-0.8020083,0.5971586,0.8021232
10.8678,518,0.23316509,0.012271847,0.9648739,-2.0371265,0.6458059,0.5236,0.5236,0.0,0.0,-0.3742913,0.3436117,0.4249127,1.8683887,-0.9341943,-0.5035973,-1.918466,2.3501208,-0.3117507,-1.2709837,0.0,0.0,0.0,0.0,-0.551559,-1.1990412,-1.223022,1.5347728,-1.1510795,0.90628403,0.36989775,0.432056,0.3744375,0.1561628,-0.49568403,0.14329922,0.79061997,-0.42321905,-1.3662981,1.0004199,-1.8153057,-0.23398322,-1.2478249,0.22347102,0.11317444,1.003214,-1.4756907,0.7834407,0.5236,0.5236,0.0,0.0,-0.3452745,0.23970497,0.4776736,1.5415043,-1.0507562,-0.059179999999999996,0.0,-0.00538,0.03228,0.18292,-0.75858,-0.43846999999999997,0.22865,0.02152,0.09415,0.12655367231638417,-1.0,-1.0,1.0,1.0,-0.2937853107344633,-0.7954802259887006,1.0,1.0,1.0,1,1,1,1,1,1,1,1,1,1,1.0,1.0,0.4232423436086249,-0.24434609527920614,-0.7559457322700439,-6.38,3.12,8.76,0.5798887,-0.13476287,-0.8034726,0.39607978,0.9182161
10.8876,519,0.22702916,0.0398835,1.0016894,-2.0386605,0.6335341,0.5236,0.5236,0.0,0.0,-0.3742913,0.32060197,0.41264084,1.837709,-0.9249904,-0.1918466,-1.103118,2.3741016,-0.21582742,-1.0311754,0.0,0.0,0.0,0.0,-0.35971236,-1.3908877,-1.366907,0.1918466,-0.3836932,0.88767874,0.69554585,0.23984537,0.017601404,0.17959577,-0.5089599,0.1531556,0.58395696,-0.43958127,-1.2453234,0.84646237,-1.5993669,-0.4432595,-1.1506734,0.2188197,0.19458646,0.95516133,-1.5648997,0.78929895,0.5236,0.5236,0.0,0.0,-0.31503084,0.2012156,0.5316583,1.4891851,-1.0264683,0.14526,-0.42771,0.43309,0.0,0.06725,-0.48957999999999996,-0.04304,0.12643,0.82314,0.17485,-0.0327683615819209,-0.6045197740112994,0.8892655367231639,1.0,1.0,-0.8361581920903954,-1.0,1.0,1.0,1.0,1,1,1,1,1,1,1,1,1,1,1.0,1.0,0.06326818538479445,-0.3327033886614191,-1.026471766329165,-7.07,2.44,8.14,0.57854944,-0.124485075,-0.80609185,0.17364818,0.9848077
10.9076,520,0.22396119,0.088970885,1.0047574,-2.0386605,0.6320001,0.5236,0.5236,0.0,0.0,-0.36968938,0.2960583,0.40190297,1.8024274,-0.9157865,-0.04796165,0.04796165,2.1103125,-0.14388494,-0.69544387,0.0,0.0,0.0,0.0,-0.23980825,-1.2709837,-1.1750604,-0.7434055,0.11990412,0.8422095,0.92005163,-0.00047591887,-0.23886856,0.2138136,-0.54222476,0.20117688,0.35779807,-0.42997676,-1.0413833,0.6249406,-1.4112096,-0.5004106,-0.9964654,0.20745239,0.2507129,0.89508104,-1.6290172,0.7978534,0.5236,0.5236,0.0,0.0,-0.2640458,0.14583515,0.5786976,1.4748974,-0.98791635,0.040350000000000004,-0.34432,0.00538,0.0,0.00269,-0.807,-0.6186999999999999,0.13988,0.00807,0.14795,0.103954802259887,-0.9242937853107345,1.0,1.0,1.0,-0.6915254237288135,-0.7796610169491526,1.0,1.0,1.0,1,1,1,1,1,1,1,1,1,1,1.0,1.0,-0.30761428066400054,-0.5268712679457882,-0.9795660426818175,-6.01,2.62,6.69,0.57237214,-0.1132501,-0.8121358,-0.05814483,0.9983082
10.9277,521,0.21782528,0.15493207,0.99401957,-2.0386605,0.6320001,0.5236,0.5236,0.0,0.0,-0.34974763,0.2561748,0.3911651,1.7686799,-0.90811664,-0.0959233,1.223022,1.4148686,-0.07194247,-0.43165484,0.0,0.0,0.0,0.0,0.0,-1.2949644,-0.815348,-1.3189453,0.33573154,0.8246589,1.0537243,-0.22659437,-0.42251948,0.22375521,-0.5341615,0.29291096,0.117927924,-0.38886765,-0.8229862,0.34927425,-1.2680496,-0.47828802,-0.7640174,0.20306472,0.28413108,0.8385514,-1.67493,0.8003388,0.5236,0.5236,0.0,0.0,-0.20944655,0.076918565,0.61448765,1.480428,-0.9298043,0.03766,-0.15064,0.00269,0.0,0.00269,-0.83928,-0.56759,0.11567,0.048420000000000005,0.07532,0.3344632768361582,-1.0,1.0,1.0,1.0,-0.9954802259887006,-0.8790960451977401,1.0,1.0,1.0,1,1,1,1,1,1,1,1,1,1,1.0,1.0,-1.0810133054539879,-0.6294093615004551,-1.0101093045917182,-4.3,2.87,6.04,0.5652096,-0.08774012,-0.82026815,-0.28680325,0.9579895
10.9478,522,0.21168935,0.22089323,0.95567006,-2.0386605,0.62586415,0.5236,0.5236,0.0,0.0,-0.319068,0.20862138,0.38042724,1.7349323,-0.8989127,-0.21582742,2.1582742,0.407674,-0.023980824,-0.23980825,0.0,0.0,0.0,0.0,0.43165484,-1.5107919,-0.6235014,-1.5587536,0.3836932,0.86824393,1.0681858,-0.45618415,-0.50538385,0.1618548,-0.44997498,0.3586257,-0.05791423,-0.34595513,-0.5947738,0.11403702,-1.0870857,-0.35418916,-0.4927346,0.21396099,0.28774646,0.781154,-1.695646,0.7848637,0.5236,0.5236,0.0,0.0,-0.15239346,0.018109255,0.6597286,1.5114527,-0.86198366,0.048420000000000005,-0.0269,0.30934999999999996,0.0,0.059179999999999996,-0.5864199999999999,-0.5460699999999999,0.09146,0.28245,0.0,0.16497175141242937,-0.7604519774011299,1.0,1.0,1.0,-0.6847457627118644,-1.0,1.0,1.0,-0.376271186440678,1,1,1,1,1,1,1,1,1,1,1.0,1.0,-1.9558595930161455,-0.6544984694978736,-1.3449943548181302,-5.35,1.53,7.05,0.5562328,-0.04592748,-0.8297565,-0.5,0.8660254
10.9677,523,0.21322332,0.27458256,0.8897089,-2.0401945,0.61972827,0.5236,0.5236,0.0,0.0,-0.27458256,0.15800002,0.37122336,1.7011847,-0.8881749,-0.23980825,2.7098331,-0.7434055,0.0,-0.16786577,0.0,0.0,0.0,0.0,0.959233,-1.8944851,-0.551559,-1.6546768,0.407674,0.9092051,1.0628109,-0.60217696,-0.5161426,0.13748583,-0.37234524,0.35511315,-0.17347741,-0.30138558,-0.4952837,0.043619376,-0.9078704,-0.31777278,-0.24780454,0.22420128,0.28640273,0.7446558,-1.6983356,0.77877146,0.5236,0.5236,0.0,0.0,-0.12752092,0.0005048439,0.7045324,1.5205568,-0.80075115,0.00807,0.44115999999999994,0.0538,0.0,0.00269,-0.52455,-0.51379,0.09684000000000001,0.62139,0.0,-0.22598870056497175,-0.21242937853107344,1.0,1.0,1.0,-1.0,-1.0,1.0,1.0,-1.0,1,1,1,1,1,1,1,1,1,1,1.0,1.0,-2.3518311670623593,-0.46469391334349025,-1.2937253080407967,-6.02,0.72,8.5,0.5483193,0.0030632361,-0.8362635,-0.6862416,0.72737366
10.9895,524,0.22396119,0.30833015,0.8252817,-2.0417285,0.62433016,0.5236,0.5236,0.0,0.0,-0.21935925,0.10124273,0.3604855,1.6613011,-0.86823314,-0.0959233,2.7577949,-1.8705043,-0.023980824,-0.16786577,0.0,0.0,0.0,0.0,1.6067152,-2.2541974,-0.5035973,-1.6786577,0.4796165,0.9687134,1.1209718,-0.6999473,-0.5357491,0.19216126,-0.2865539,0.39233297,-0.28450027,-0.2596368,-0.4943951,0.10614666,-0.7714351,-0.46756512,-0.030324504,0.23907836,0.30094296,0.7202132,-1.7032373,0.79244035,0.5236,0.5236,0.0,0.0,-0.12729877,0.016136665,0.73864126,1.4831088,-0.7463811,0.24478999999999998,0.35508,0.09146,0.0,0.00269,-0.29320999999999997,-0.39812000000000003,0.11028999999999999,0.78279,0.0,-0.07570621468926554,0.22937853107344633,1.0,1.0,1.0,-0.7875706214689265,-0.8892655367231639,1.0,1.0,-0.9288135593220339,1,1,1,1,1,1,1,1,1,1,1.0,1.0,-2.6289021858164587,-0.1090830782496456,-1.3002702927357754,-5.92,-1.7,9.02,0.5447831,0.058151007,-0.83655834,-0.8354878,0.549509
11.0217,525,0.23623304,0.32060197,0.77772826,-2.0432625,0.6427379,0.5236,0.5236,0.0,0.0,-0.17947575,0.065961175,0.34974763,1.6229516,-0.8375535,0.11990412,2.302159,-2.5179865,-0.04796165,-0.023980824,0.0,0.0,0.0,0.0,2.0143893,-2.3501208,-0.5035973,-1.774581,0.6714631,1.0580354,1.2206566,-0.8328666,-0.71467674,0.27274197,-0.23655178,0.45655477,-0.38480946,-0.23214112,-0.57909065,0.19666687,-0.6509952,-0.763069,0.109365955,0.26140884,0.32586417,0.68698335,-1.7479693,0.81258553,0.5236,0.5236,0.0,0.0,-0.14847267,0.038766716,0.7687512,1.4092327,-0.7114585,-0.29052,-0.06994,0.2152,0.0,0.061869999999999994,-0.1076,0.33894,0.14257,0.31473,0.0,-0.07570621468926554,-0.0847457627118644,1.0,1.0,1.0,-0.29491525423728815,0.6203389830508474,1.0,1.0,-1.0,1,1,1,1,1,1,1,1,1,1,1.0,1.0,-2.229658119422756,0.1810779098944117,-1.36353847812057,-6.0,0.85,10.67,0.5439356,0.11123636,-0.83172137,-0.9396926,0.34202015
11.0377,526,0.25464082,0.3267379,0.72864085,-2.0401945,0.71483505,0.5236,0.5236,0.0,0.0,-0.15033011,0.049087387,0.3436117,1.5554565,-0.7715923,0.4796165,1.2709837,-2.5419674,-0.023980824,0.7194247,0.0,0.0,0.0,0.0,2.0383701,-1.9424467,-0.5035973,-1.9904084,1.3189453,1.0930077,1.3518411,-0.98612225,-0.81106263,0.38277596,-0.2681903,0.5691265,-0.49825624,-0.13360104,-0.73213094,0.18734314,-0.7226926,-1.00073,0.08233661,0.2701519,0.35866028,0.6486695,-1.7720658,0.84009403,0.5236,0.5236,0.0,0.0,-0.18673274,0.036435783,0.75082684,1.3498175,-0.7182158,0.12643,0.12373999999999999,0.1345,0.0,0.07532,0.11298,0.04304,0.73975,0.25824,0.29320999999999997,-1.0,-0.9966101694915255,1.0,-0.2983050847457627,0.9163841807909604,0.18757062146892656,-0.0519774011299435,1.0,1.0,-1.0,1,1,1,1,1,1,1,1,1,1,1.0,1.0,-1.6035212502697902,0.5803219762881145,-0.1778054175469223,-4.5,-2.23,7.24,0.5564963,0.16235398,-0.81483316,-0.99323833,0.11609291
11.0579,527,0.26844662,0.3359418,0.7040972,-2.0340586,0.76238847,0.5236,0.5236,0.0,0.0,-0.15493207,0.049087387,0.34974763,1.5079031,-0.73017484,0.551559,0.69544387,-2.0863316,0.0,1.486811,0.0,0.0,0.0,0.0,1.486811,-1.2949644,-0.28776988,-2.1342933,1.7506001,0.96928066,1.3992332,-1.1640135,-0.82477164,0.35789984,-0.27429065,0.53283215,-0.5625706,-0.14335227,-0.70461845,0.20098323,-0.72149175,-1.0483395,0.06188354,0.23922017,0.3705083,0.60419667,-1.7754929,0.833875,0.5236,0.5236,0.0,0.0,-0.17985462,0.039845806,0.75112706,1.3379152,-0.7233291,0.31204000000000004,-0.11567,0.41964,-0.00269,0.00269,0.40888,-0.15333,0.02152,0.45999,0.00538,-0.10056497175141244,-1.0,0.6282485875706215,1.0,1.0,0.3096045197740113,-0.09265536723163842,1.0,1.0,1.0,1,1,1,1,1,1,1,1,1,1,1.0,1.0,-1.3788101090755203,0.2574360646691636,0.3294308963139297,-4.75,-3.32,6.28,0.56233245,0.18370207,-0.80624795,-0.99323833,-0.11609291
11.0779,528,0.27765054,0.35281557,0.6688156,-2.0294566,0.79767,0.5236,0.5236,0.0,0.0,-0.17640778,0.049087387,0.3436117,1.4557477,-0.7071651,0.5995206,0.4796165,-1.7026385,0.11990412,2.0143893,0.0,0.0,0.0,0.0,0.6714631,-0.6474822,-0.14388494,-2.2781782,1.9424467,0.8262675,1.3538187,-1.2586601,-0.7761041,0.34252527,-0.28054294,0.45098183,-0.5887877,-0.18102989,-0.6546437,0.24187845,-0.70593953,-1.0410156,0.052812785,0.20346688,0.35915467,0.580535,-1.763326,0.83003134,0.5236,0.5236,0.0,0.0,-0.16736093,0.05006961,0.75501513,1.3397461,-0.7255968,0.71016,0.15871000000000002,0.16947,0.00269,0.0,-0.61063,-0.19637000000000002,0.05649,0.11298,0.15871000000000002,0.13220338983050847,-0.14124293785310735,1.0,1.0,-0.7197740112994351,0.2327683615819209,0.04293785310734463,1.0,1.0,0.9016949152542373,1,1,1,1,1,1,1,1,1,1,1.0,1.0,-1.028653427894158,-0.2127120025868089,0.9501136115544131,-4.24,-4.2,7.29,0.56320167,0.19079477,-0.8039908,-0.9396926,-0.34202015
11.0979,529,0.26844662,0.37122336,0.6304661,-2.0309906,0.8114758,0.5236,0.5236,0.0,0.0,-0.1840777,0.050621364,0.3420777,1.4127963,-0.70563114,0.43165484,0.551559,-1.5587536,0.16786577,2.0383701,0.0,0.0,0.0,0.0,-0.023980824,-0.23980825,-0.04796165,-2.3501208,1.630696,0.79886234,1.3122784,-1.3366067,-0.6171063,0.3571067,-0.24915586,0.460574,-0.53678316,-0.16422197,-0.632334,0.391311,-0.54953384,-1.0983988,0.039045326,0.19661559,0.3487696,0.5610483,-1.7235767,0.8336767,0.5236,0.5236,0.0,0.0,-0.1617835,0.08742775,0.79411656,1.3254004,-0.72903866,0.6079399999999999,0.01076,0.00269,0.05649,-0.00807,-0.74244,0.03766,0.00807,0.41964,0.01076,0.6519774011299435,1.0,0.831638418079096,1.0,-0.2994350282485876,-0.05649717514124294,0.47570621468926555,1.0,0.6384180790960452,1.0,1,1,1,1,1,1,1,1,1,1,1.0,1.0,-1.0188359508516898,-0.46360308256099375,0.3414300349213907,-4.74,-2.68,5.56,0.55928355,0.20105632,-0.80422527,-0.8354878,-0.549509
11.1179,530,0.24236897,0.3758253,0.59671855,-2.0325246,0.81607777,0.5236,0.5236,0.0,0.0,-0.18254371,0.06289321,0.3420777,1.3851846,-0.7071651,0.07194247,0.6714631,-1.6546768,0.14388494,1.5347728,0.0,0.0,0.0,0.0,-0.35971236,0.0,-0.07194247,-2.2541974,1.0551562,0.83489746,1.2698948,-1.3704352,-0.3551685,0.3867986,-0.26888594,0.5766034,-0.45418727,-0.034300283,-0.7430784,0.5223617,-0.50202364,-1.2023937,-0.03118296,0.20562437,0.33817372,0.5525912,-1.6580921,0.8410997,0.5236,0.5236,0.0,0.0,-0.1894696,0.12019043,0.8059941,1.2994016,-0.74659574,0.28245,0.01345,0.00269,0.00538,0.00538,-0.6805699999999999,0.15333,0.00269,0.48689,0.01614,0.423728813559322,1.0,1.0,1.0,1.0,-0.21242937853107344,0.43615819209039547,1.0,1.0,1.0,1,1,1,1,1,1,1,1,1,1,1.0,1.0,-0.9850201965942997,-0.2912518189265537,0.4254240051736178,-6.22,-3.33,6.63,0.5551761,0.21227318,-0.80418885,-0.6862416,-0.72737366
11.1399,531,0.22856314,0.37735927,0.57217485,-2.0340586,0.82834965,0.5236,0.5236,0.0,0.0,-0.17794177,0.09203885,0.34974763,1.365243,-0.70563114,-0.43165484,0.57553977,-1.6546768,0.023980824,0.91127133,0.0,0.0,0.0,0.0,-0.23980825,0.33573154,-0.04796165,-1.8705043,0.407674,0.9188468,1.2250814,-1.4087303,-0.066366084,0.34955195,-0.28853068,0.65680265,-0.3454447,0.07658425,-0.8688912,0.5993911,-0.4992604,-1.2974335,-0.15809073,0.2266117,0.32697037,0.54301745,-1.5858916,0.831788,0.5236,0.5236,0.0,0.0,-0.2209228,0.13944778,0.8066849,1.2756417,-0.7783227,0.17754,0.65367,0.23940999999999998,0.03497,0.00269,-0.06994,-0.18023,0.00269,0.5460699999999999,0.040350000000000004,0.16836158192090395,0.7401129943502824,-0.15593220338983052,1.0,0.8350282485875706,-0.24632768361581922,0.15819209039548024,1.0,0.4847457627118644,1.0,1,1,1,1,1,1,1,1,1,1,1.0,1.0,-0.657770961845363,-0.1112647398146385,0.4385139745635753,-4.67,-4.39,10.46,0.5540692,0.21938285,-0.80304325,-0.5,-0.8660254
11.1579,532,0.22702916,0.37122336,0.55990297,-2.0294566,0.8390875,0.5236,0.5236,0.0,0.0,-0.19021362,0.11811652,0.34974763,1.3468351,-0.71330106,-0.5995206,0.33573154,-1.4628303,-0.023980824,0.5995206,0.0,0.0,0.0,0.0,-0.11990412,0.69544387,0.07194247,-1.486811,0.11990412,1.0139524,1.1666318,-1.4289343,0.21971382,0.29640958,-0.3301763,0.6595661,-0.226604,0.1457284,-0.99590635,0.67453414,-0.53453,-1.2605878,-0.29014778,0.2503881,0.31235796,0.53796643,-1.5143716,0.8185024,0.5236,0.5236,0.0,0.0,-0.25267658,0.15823354,0.79786754,1.2848531,-0.81133693,-0.5918,0.1345,0.0538,0.040350000000000004,-0.04573,0.0269,0.5406899999999999,0.00269,0.01345,0.03497,-0.1367231638418079,1.0,1.0,1.0,-0.9830508474576272,1.0,0.5209039548022599,1.0,1.0,1.0,1,1,1,1,1,1,1,1,1,1,1.0,1.0,-0.10471975511965977,0.06654067773228381,0.7374016089676042,-4.67,-2.92,7.37,0.55758953,0.21547872,-0.80166256,-0.28680325,-0.9579895
11.1819,533,0.24083498,0.36355343,0.54763114,-2.0294566,0.8360195,0.5236,0.5236,0.0,0.0,-0.21782528,0.14879614,0.34667966,1.3207575,-0.72864085,-0.407674,0.0,-1.0791371,0.023980824,0.407674,0.0,0.0,0.0,0.0,-0.23980825,1.0791371,0.07194247,-1.1510795,-0.11990412,1.0530064,1.1210963,-1.4080402,0.49824336,0.19914618,-0.3797926,0.5730813,-0.09598482,0.16838625,-1.0186737,0.91889393,-0.48083013,-0.94198096,-0.33620733,0.2601516,0.30097407,0.54319,-1.4447392,0.7941866,0.5236,0.5236,0.0,0.0,-0.2583684,0.21932349,0.81129247,1.3645048,-0.82285184,0.25286,0.50572,0.03497,0.01883,-0.00269,0.06994,-0.30396999999999996,0.00269,0.14257,0.66712,-0.07344632768361582,0.27796610169491526,0.327683615819209,1.0,-1.0,0.63954802259887,0.20903954802259886,1.0,0.3581920903954802,0.9977401129943503,1,1,1,1,1,1,1,1,1,1,1.0,1.0,0.09708393964218459,-0.031634092692397225,0.5945027764605685,-3.75,-2.01,7.29,0.560661,0.20731182,-0.8016738,-0.05814483,-0.9983082
11.1977,534,0.2561748,0.35281557,0.5445632,-2.0309906,0.83295155,0.5236,0.5236,0.0,0.0,-0.24390295,0.16413595,0.34821364,1.3130876,-0.75318456,-0.023980824,-0.16786577,-0.7913672,0.023980824,0.26378906,0.0,0.0,0.0,0.0,-0.5995206,1.1990412,0.07194247,-1.0071946,-0.35971236,1.142976,1.0420054,-1.3349682,0.6706156,0.11156698,-0.3973555,0.5242944,-0.0011750031,0.2430729,-1.0076743,1.2971487,-0.42000064,-0.39964572,-0.33183903,0.282644,0.28120136,0.561458,-1.4016461,0.7722918,0.5236,0.5236,0.0,0.0,-0.25561857,0.31388718,0.8264999,1.4609048,-0.82175976,-0.29320999999999997,0.41157,-0.06725,0.5971799999999999,0.0,-0.19099000000000002,0.36852999999999997,0.00538,0.07801000000000001,0.2959,-1.0,1.0,-0.4440677966101695,1.0,-1.0,0.8395480225988701,1.0,1.0,0.16497175141242937,1.0,1,1,1,1,1,1,1,1,1,1,1.0,1.0,0.20725784867432664,0.016362461737446838,0.24216443371421323,-4.95,-3.58,8.69,0.5616032,0.20115606,-0.8025821,0.17364818,-0.9848077
11.2177,535,0.27304858,0.3420777,0.5491651,-2.0279226,0.8252817,0.5236,0.5236,0.0,0.0,-0.2623107,0.20095149,0.34667966,1.3376312,-0.7823302,0.35971236,-0.33573154,-0.4796165,0.04796165,0.04796165,0.0,0.0,0.0,0.0,-0.9832138,1.223022,0.0,-0.7194247,-0.7673864,1.2304925,0.94250846,-1.2214972,0.7639859,0.09229357,-0.37301236,0.465474,0.07277936,0.33295175,-0.98876756,1.6963719,-0.51016474,0.16702266,-0.3104065,0.3045231,0.25632712,0.58982575,-1.3783035,0.7674734,0.5236,0.5236,0.0,0.0,-0.2508919,0.41028717,0.80395883,1.5573049,-0.8164016,0.16947,0.23940999999999998,-0.59449,0.00269,-0.01076,-0.28783,0.4573,0.00269,-0.08339,0.00269,-0.43050847457627117,1.0,-0.40790960451977404,1.0,-1.0,0.1638418079096045,1.0,1.0,-1.0,0.7457627118644068,1,1,1,1,1,1,1,1,1,1,1.0,1.0,0.4461497900410505,0.09708393964218459,0.19853120241435498,-4.91,-1.86,8.26,0.5634431,0.19291802,-0.8033147,0.39607978,-0.9182161
11.2417,536,0.2960583,0.31600004,0.5645049,-2.0309906,0.80227196,0.5236,0.5236,0.0,0.0,-0.2623107,0.2715146,0.3681554,1.4035925,-0.800738,0.69544387,-0.551559,-0.0959233,0.0,-0.26378906,0.0,0.0,0.0,0.0,-1.0071946,1.5107919,0.07194247,0.26378906,-1.103118,1.3187908,0.82232934,-1.0400927,0.75400424,0.11404317,-0.33597234,0.3984421,0.14961429,0.37471548,-1.0240555,1.9844215,-0.7674109,0.60105073,-0.31124103,0.3265977,0.22628233,0.63517684,-1.380799,0.77291083,0.5236,0.5236,0.0,0.0,-0.25971386,0.48570538,0.73964727,1.6537049,-0.8166102,0.14257,0.27976,-0.05649,0.03228,-0.11835999999999999,-0.16409,0.05649,0.7989299999999999,-0.04573,0.17216,-0.1672316384180791,0.39322033898305087,-0.3672316384180791,1.0,-0.34915254237288135,-0.27570621468926554,1.0,1.0,-1.0,0.23615819209039549,1,1,1,1,1,1,1,1,1,1,1.0,1.0,0.7243116395776468,0.1439896632895322,0.09817477042468103,-3.43,-2.28,6.78,0.56545305,0.18270053,-0.8042906,0.5971586,-0.8021232
11.2576,537,0.30833015,0.2945243,0.5783107,-2.0217867,0.7869322,0.5236,0.5236,0.0,0.0,-0.25924274,0.32366994,0.4065049,1.4649516,-0.80533993,0.7913672,-0.7673864,0.1918466,0.0,-0.4796165,0.0,0.0,0.0,0.0,-0.7194247,1.9424467,0.407674,1.1750604,-1.0791371,1.3517486,0.6280602,-0.7727328,0.703726,0.22952792,-0.36281183,0.34821695,0.29337206,0.4162004,-1.1970507,2.1838982,-1.2274467,0.97880316,-0.39952344,0.33483714,0.17771506,0.70201683,-1.3933686,0.801782,0.5236,0.5236,0.0,0.0,-0.30296266,0.53557456,0.64324725,1.7501049,-0.83868086,-0.16409,0.56759,-0.12912,0.43846999999999997,-0.040350000000000004,0.51379,0.07263,-0.75858,-0.0269,0.08339,-1.0,1.0,-1.0,1.0,1.0,0.9672316384180791,1.0,-0.9796610169491525,-1.0,0.12316384180790961,1,1,1,1,1,1,1,1,1,1,1.0,1.0,1.2959069696057897,0.3621558197888234,0.358883327441334,-4.4,-3.06,5.39,0.57169414,0.16129942,-0.80445534,0.76604444,-0.64278764
11.2817,538,0.33133984,0.2561748,0.6089904,-2.000311,0.7746603,0.5236,0.5236,0.0,0.0,-0.2699806,0.40190297,0.47400007,1.5523885,-0.8084079,0.8872905,-1.0551562,0.5995206,0.26378906,-0.7434055,0.0,0.0,0.0,0.0,-0.3117507,2.6858523,1.223022,2.5179865,-0.7194247,1.2500565,0.35167253,-0.40618625,0.6913275,0.236826,-0.45114288,0.20946753,0.506001,0.38244012,-1.3630685,2.308696,-1.7112087,1.3003112,-0.6479485,0.30941412,0.10861813,0.7936534,-1.3964682,0.8036065,0.5236,0.5236,0.0,0.0,-0.3444671,0.566774,0.5468472,1.8465049,-0.9007871,0.19637000000000002,0.269,-0.38198000000000004,0.01345,0.11567,0.10222,-0.25555,0.37390999999999996,-0.00807,0.33894,-0.08926553672316384,0.40451977401129946,-0.903954802259887,1.0,1.0,0.35141242937853107,0.36610169491525424,1.0,-1.0,0.3638418079096045,1,1,1,1,1,1,1,1,1,1,1.0,1.0,1.9198621771937625,0.3534291735288517,0.856302164259718,-4.22,-2.07,5.42,0.57962984,0.12551844,-0.8051548,0.89363265,-0.4487992
11.3139,539,0.32980588,0.20401944,0.6841554,-2.0079808,0.77926224,0.5236,0.5236,0.0,0.0,-0.31600004,0.44485444,0.5399612,1.673573,-0.82988364,0.7194247,-1.4388494,1.3189453,0.43165484,-0.4796165,0.0,0.0,0.0,0.0,-0.45563567,2.7817755,2.2541974,3.525181,-0.3836932,1.0218756,-0.010851793,-0.04100863,0.8620318,0.09931455,-0.4974195,0.20032778,0.7306568,0.23821798,-1.4662125,2.1248512,-2.0702336,1.3581641,-0.96848994,0.2523689,0.017987052,0.88494784,-1.3537921,0.76922864,0.5236,0.5236,0.0,0.0,-0.37025312,0.5208128,0.45044723,1.9395411,-0.98092246,0.09953000000000001,0.45461,-0.40619,0.37929,0.061869999999999994,0.03497,-0.31742000000000004,-0.12912,-0.02152,0.37929,0.20112994350282487,0.5514124293785311,-0.9209039548022598,1.0,1.0,0.5288135593220339,0.11299435028248588,-0.23728813559322035,-1.0,0.6677966101694915,1,1,1,1,1,1,1,1,1,1,1.0,1.0,2.3431045208023873,0.1505346479845109,1.5784321422723717,-6.24,-1.26,6.25,0.58568805,0.074486464,-0.8071067,0.9730449,-0.23061587
11.3338,540,0.31753403,0.17640778,0.73017484,-2.0141168,0.77926224,0.5236,0.5236,0.0,0.0,-0.3512816,0.45099035,0.5445632,1.750272,-0.85902923,0.33573154,-1.5587536,1.7985618,0.21582742,-0.21582742,0.0,0.0,0.0,0.0,-0.93525213,2.206236,2.1342933,3.7410085,-0.5275781,0.93440163,-0.26389316,0.19749142,1.0453753,-0.24469852,-0.58043575,0.27191755,0.9374364,0.0075550117,-1.4983844,1.7054814,-2.2306573,1.2331258,-1.3192697,0.23050041,-0.04527329,0.94457287,-1.3079562,0.6832254,0.5236,0.5236,0.0,0.0,-0.37829608,0.42441282,0.37383568,1.9082814,-1.0686173,1.00606,0.37390999999999996,-0.06456,0.09146,0.00538,0.17754,-0.16947,-0.024210000000000002,0.23671999999999999,0.061869999999999994,0.7717514124293785,1.0,-1.0,1.0,-1.0,0.6463276836158192,-0.103954802259887,-1.0,-1.0,1.0,1,1,1,1,1,1,1,1,1,1,1.0,1.0,1.605702911834783,0.0719948316447661,0.7908523173099306,-6.68,-5.11,10.56,0.58700275,-0.0071461205,-0.8095534,1.0,0.0
11.3496,541,0.29145634,0.16106798,0.76238847,-2.0233207,0.7669904,0.5236,0.5236,0.0,0.0,-0.37889326,0.45099035,0.5414952,1.8162333,-0.89124286,-0.0959233,-1.486811,2.0623507,-0.07194247,-0.07194247,0.0,0.0,0.0,0.0,-1.3189453,1.4388494,1.6067152,3.836932,-0.8393288,0.9625824,-0.3302622,0.4091293,1.1508756,-0.27401388,-0.62570465,0.25106204,1.0552179,-0.17903638,-1.5061301,1.4532019,-2.2777503,0.9147736,-1.480803,0.23754561,-0.061865553,0.99748236,-1.2815812,0.6758965,0.5236,0.5236,0.0,0.0,-0.3802325,0.35290048,0.36206245,1.8286934,-1.1090007,0.10222,0.77203,-0.7263,0.22596,0.16140000000000002,-0.1076,-0.16678,-0.00538,0.32280000000000003,0.44653999999999994,1.0,1.0,-1.0,1.0,-0.47344632768361583,0.4067796610169492,-0.08700564971751412,-1.0,-0.04406779661016949,1.0,1,1,1,1,1,1,1,1,1,1,1.0,1.0,1.6766069126970529,0.1974403716318585,0.557414529855689,-7.39,2.59,11.28,0.58885795,-0.03980149,-0.80725586,0.9730449,0.23061587
11.3699,542,0.26537868,0.11658254,0.80380595,-2.0309906,0.73784477,0.5236,0.5236,0.0,0.0,-0.3926991,0.45099035,0.53229135,1.8852624,-0.9295924,-0.6714631,-1.4388494,2.0623507,-0.3117507,-0.3117507,0.0,0.0,0.0,0.0,-1.5107919,0.69544387,0.7194247,3.8609126,-1.3189453,1.0522548,-0.2348085,0.58051056,1.0968174,-0.087080285,-0.5773001,0.20404126,1.1821959,-0.25686154,-1.5042382,1.3886704,-2.227355,0.50568706,-1.5613511,0.2599637,-0.038002126,1.0403277,-1.2950957,0.72262996,0.5236,0.5236,0.0,0.0,-0.37975955,0.3367676,0.37466127,1.7322934,-1.1291378,0.20982,0.52724,-0.45461,0.11835999999999999,0.0,-0.45192,-0.00269,-0.00538,0.23403,0.00538,0.20903954802259886,1.0,-1.0,1.0,-1.0,-0.22259887005649717,-1.0,-1.0,1.0,1.0,1,1,1,1,1,1,1,1,1,1,1.0,1.0,1.7704183599917478,0.3010692959690218,0.2181661564992912,-5.74,-1.07,10.57,0.59360534,-0.07037589,-0.80167323,0.89363265,0.4487992
11.3938,543,0.25770876,0.06135923,0.86823314,-2.0355926,0.6933593,0.5236,0.5236,0.0,0.0,-0.39576703,0.42644665,0.50774765,1.914408,-0.93726224,-0.93525213,-1.630696,2.1342933,-0.35971236,-0.8633097,0.0,0.0,0.0,0.0,-1.1750604,0.11990412,-0.04796165,3.4292579,-1.486811,1.0117861,-0.019166,0.703363,0.8867261,0.032877043,-0.48925406,0.09536024,1.1107961,-0.3924602,-1.5093467,1.3374419,-2.0706966,0.13011752,-1.4690212,0.24984653,0.0159085,1.0710407,-1.3476186,0.75261927,0.5236,0.5236,0.0,0.0,-0.38103667,0.32396048,0.41382587,1.6358933,-1.1060553,-0.00807,0.0,-0.38736000000000004,0.03497,0.42502,-0.16947,-0.44653999999999994,0.0,1.2965799999999998,0.1076,-0.09491525423728814,1.0,-1.0,1.0,0.7943502824858757,-0.08926553672316384,-0.6485875706214689,-1.0,1.0,1.0,1,1,1,1,1,1,1,1,1,1,1.0,1.0,1.9242255003237483,-0.028361600344907856,0.2716168648416175,-6.69,1.51,8.74,0.5959581,-0.10612952,-0.79597145,0.76604444,0.64278764
11.4099,544,0.25924274,0.05982525,0.9142526,-2.0386605,0.6810875,0.5236,0.5236,0.0,0.0,-0.39576703,0.400369,0.47400007,1.8960003,-0.9280584,-0.8633097,-1.7026385,2.2541974,-0.33573154,-1.1990412,0.0,0.0,0.0,0.0,-0.7434055,-0.33573154,-0.5275781,2.6139097,-1.1750604,1.0146044,0.29858103,0.5859183,0.6555328,0.1784476,-0.44751647,0.075989574,1.0039331,-0.41043094,-1.5317105,1.2603693,-1.9061263,-0.138465,-1.4456195,0.2505511,0.09534526,1.0416796,-1.4054168,0.78901196,0.5236,0.5236,0.0,0.0,-0.3866276,0.30469233,0.45496845,1.5653838,-1.1002048,0.11835999999999999,0.0538,-0.44115999999999994,0.00538,0.19368000000000002,-0.17216,-0.3497,0.09684000000000001,1.00337,0.13988,0.9367231638418079,-0.2824858757062147,-1.0,-0.303954802259887,1.0,-0.08813559322033898,-1.0,0.23728813559322035,1.0,-0.2576271186440678,1,1,1,1,1,1,1,1,1,1,1.0,1.0,1.5904312808798327,-0.014180800172453928,-0.11017390903214205,-6.43,2.8,9.31,0.5951803,-0.13475782,-0.79221255,0.5971586,0.8021232
11.4339,545,0.25157285,0.07363108,0.96947587,-2.0417285,0.66574764,0.5236,0.5236,0.0,0.0,-0.398835,0.37122336,0.4310486,1.8699226,-0.9173205,-0.4796165,-1.2949644,2.5419674,-0.23980825,-1.2709837,0.0,0.0,0.0,0.0,-0.3117507,-0.8393288,-1.1510795,1.0551562,-0.43165484,1.0088427,0.58486414,0.2955734,0.31447157,0.17638803,-0.4720635,0.1810926,0.765794,-0.39811227,-1.3984737,1.0390947,-1.7660893,-0.26126,-1.3060923,0.24911068,0.16691604,0.9690934,-1.4906821,0.78849703,0.5236,0.5236,0.0,0.0,-0.35331842,0.24937367,0.4899777,1.534685,-1.0653231,0.01614,-0.00538,-0.29052,0.00269,0.19099000000000002,-0.12643,-0.36584,0.37929,1.076,0.14257,0.14689265536723164,-0.632768361581921,-0.29152542372881357,1.0,1.0,0.013559322033898305,-0.7163841807909604,1.0,1.0,1.0,1,1,1,1,1,1,1,1,1,1,1.0,1.0,0.09599310885968812,-0.2650718801466388,-1.0755591515415057,-7.58,2.61,9.83,0.59590286,-0.13979228,-0.79079574,0.39607978,0.9182161
11.4499,546,0.24850489,0.09050487,0.99708754,-2.0417285,0.66114575,0.5236,0.5236,0.0,0.0,-0.400369,0.34821364,0.41570878,1.837709,-0.9096506,-0.28776988,-0.5995206,2.4940057,-0.16786577,-1.0551562,0.0,0.0,0.0,0.0,-0.14388494,-1.1990412,-1.4148686,-0.04796165,0.04796165,1.0399781,0.9074791,0.038089577,-0.030381808,0.1951966,-0.4902161,0.21808149,0.58374804,-0.40884885,-1.2741139,0.8501456,-1.5208719,-0.47148126,-1.3185911,0.25689453,0.24756977,0.9047224,-1.5768955,0.7931992,0.5236,0.5236,0.0,0.0,-0.32222846,0.2021364,0.55128205,1.4821297,-1.0684478,-0.00538,-0.14526,-0.13988,0.0,0.37122,-0.28514,-0.25555,0.19637000000000002,0.79086,0.08608,0.023728813559322035,-0.4689265536723164,0.47344632768361583,1.0,1.0,-1.0,-1.0,1.0,1.0,-0.3672316384180791,1,1,1,1,1,1,1,1,1,1,1.0,1.0,-0.0938114472946952,-0.10362892433716332,-1.2282754610910094,-7.27,2.03,9.39,0.59599257,-0.12654637,-0.7929558,0.17364818,0.9848077
11.4721,547,0.25003886,0.14112623,0.99708754,-2.0417285,0.65961176,0.5236,0.5236,0.0,0.0,-0.38656315,0.30679616,0.40190297,1.8085634,-0.8989127,-0.16786577,0.45563567,2.0143893,-0.0959233,-0.5995206,0.0,0.0,0.0,0.0,-0.023980824,-1.3429261,-1.3908877,-1.0071946,0.35971236,1.0422828,1.1368387,-0.24077488,-0.2669747,0.25397527,-0.4954259,0.28298193,0.364798,-0.39886224,-1.1425722,0.5993074,-1.3535638,-0.5772033,-1.2165446,0.2574707,0.30490968,0.8350063,-1.6360438,0.8078939,0.5236,0.5236,0.0,0.0,-0.28934303,0.13942686,0.5931091,1.4556992,-1.0429361,0.23940999999999998,-0.269,0.00269,0.0,0.01076,-0.42771,-0.47075,0.14526,0.86887,0.13988,0.05649717514124294,-1.0,1.0,1.0,1.0,-0.6361581920903955,-0.896045197740113,1.0,1.0,1.0,1,1,1,1,1,1,1,1,1,1,1.0,1.0,-0.23561944901923448,-0.14944381720201447,-0.9304786574694769,-6.04,2.73,7.42,0.5971848,-0.11229116,-0.7942047,-0.05814483,0.9983082
11.4938,548,0.2561748,0.21015537,0.97100985,-2.0417285,0.65194184,0.5236,0.5236,0.0,0.0,-0.3604855,0.26077673,0.3911651,1.7763498,-0.8897089,-0.07194247,1.366907,1.0791371,-0.04796165,-0.3836932,0.0,0.0,0.0,0.0,0.23980825,-1.5347728,-1.0551562,-1.3429261,0.407674,1.096567,1.2474346,-0.5728393,-0.3653554,0.2619066,-0.43925875,0.48124093,0.120747775,-0.33187282,-0.9106824,0.26109636,-1.1929398,-0.52769506,-0.938934,0.27104175,0.33255866,0.7519902,-1.6606389,0.8098767,0.5236,0.5236,0.0,0.0,-0.2313706,0.05487409,0.6332651,1.4680762,-0.9735335,0.23134,-0.18023,0.10491,0.0,0.01883,-0.44115999999999994,-0.49495999999999996,0.13988,0.10491,0.16140000000000002,0.20451977401129945,-1.0,1.0,1.0,1.0,-0.7175141242937854,-1.0,1.0,1.0,1.0,1,1,1,1,1,1,1,1,1,1,1.0,1.0,-1.4944381720201445,-0.1778054175469223,-1.3089969389957472,-4.55,1.33,5.21,0.59299266,-0.08981644,-0.80018294,-0.28680325,0.9579895
11.5219,549,0.26691267,0.28992236,0.8881749,-2.0417285,0.6458059,0.5236,0.5236,0.0,0.0,-0.31753403,0.19328158,0.37735927,1.7380003,-0.878971,0.0959233,2.3501208,-0.45563567,0.0,-0.23980825,0.0,0.0,0.0,0.0,0.815348,-1.9664276,-0.69544387,-1.4388494,0.43165484,1.2298616,1.2699548,-0.84565836,-0.42527997,0.25696373,-0.3364162,0.5965614,-0.07804124,-0.25764018,-0.7491593,0.060314953,-0.9582048,-0.49395287,-0.6479422,0.3043654,0.3381887,0.68378544,-1.6756201,0.80864096,0.5236,0.5236,0.0,0.0,-0.19098982,0.0046787383,0.69194883,1.4765118,-0.90078557,0.09953000000000001,0.03228,0.01076,0.0,0.00269,-0.42233,-0.38198000000000004,0.10491,0.86618,0.15333,-0.2790960451977401,-0.6124293785310735,1.0,1.0,1.0,-0.8056497175141243,-1.0,1.0,1.0,1.0,1,1,1,1,1,1,1,1,1,1,1.0,1.0,-2.134755841345564,-0.014180800172453928,-1.6144295580947547,-5.42,0.65,6.61,0.5939802,-0.02041169,-0.8042206,-0.5,0.8660254
11.5565,550,0.28378645,0.34054375,0.80533993,-2.0447965,0.6458059,0.5236,0.5236,0.0,0.0,-0.27304858,0.12732041,0.36508742,1.6935148,-0.86823314,0.3117507,2.7577949,-1.918466,0.0,-0.21582742,0.0,0.0,0.0,0.0,1.3429261,-2.3501208,-0.57553977,-1.5347728,0.43165484,1.2723911,1.307446,-0.9833907,-0.41264534,0.2779049,-0.25976273,0.57175446,-0.23869699,-0.19706792,-0.5941117,0.06262763,-0.78735155,-0.4974761,-0.33254486,0.31499776,0.3475615,0.6493523,-1.6724614,0.8138763,0.5236,0.5236,0.0,0.0,-0.15222792,0.005256907,0.7346621,1.475631,-0.8219362,-0.00807,0.28514,0.00269,0.0,0.01076,-0.44384999999999997,-0.42233,0.12643,0.8823199999999999,0.12912,-0.22937853107344633,-0.4994350282485876,1.0,1.0,1.0,-0.7129943502824859,-1.0,1.0,1.0,1.0,1,1,1,1,1,1,1,1,1,1,1.0,1.0,-2.598358923906558,0.017453292519943295,-1.6733344203495635,-6.22,-0.21,7.26,0.5937672,0.033667214,-0.8039323,-0.6862416,0.72737366
11.5738,551,0.3113981,0.36508742,0.7117671,-2.0463305,0.66114575,0.5236,0.5236,0.0,0.0,-0.22856314,0.06135923,0.34514567,1.6306216,-0.8513593,0.6235014,2.2302167,-3.0695455,-0.04796165,-0.023980824,0.0,0.0,0.0,0.0,1.6786577,-2.5179865,-0.551559,-1.774581,0.45563567,1.3003476,1.3398348,-1.0362093,-0.3523829,0.32912406,-0.23529726,0.5560767,-0.3378787,-0.16389544,-0.57548326,0.23194355,-0.7290651,-0.61903465,-0.05165057,0.32198688,0.3556587,0.6361477,-1.6573958,0.826681,0.5236,0.5236,0.0,0.0,-0.14757082,0.047585886,0.7492337,1.4452413,-0.7517126,-0.6186999999999999,0.061869999999999994,0.15602000000000002,0.0,0.01076,-0.34163,-0.25555,0.20713,0.5299299999999999,0.09953000000000001,-1.0,-1.0,1.0,1.0,1.0,-1.0,-0.8915254237288136,1.0,1.0,-0.3310734463276836,1,1,1,1,1,1,1,1,1,1,1.0,1.0,-2.5110924613068417,0.1930770485018727,-1.3340860469931655,-7.79,-4.09,12.16,0.5889528,0.15004516,-0.79411656,-0.8354878,0.549509
11.5937,552,0.32366994,0.37275735,0.6703496,-2.0463305,0.6810875,0.5236,0.5236,0.0,0.0,-0.20401944,0.046019424,0.33133984,1.592272,-0.83448553,0.7434055,1.5107919,-2.997603,-0.04796165,0.26378906,0.0,0.0,0.0,0.0,1.5827343,-2.2541974,-0.57553977,-1.8705043,0.5035973,1.3435217,1.4042379,-1.1336547,-0.48062846,0.3943936,-0.28884962,0.594304,-0.38766375,-0.14008336,-0.7820653,0.28127617,-0.73535943,-0.8695803,0.019125707,0.33278042,0.37175947,0.61178637,-1.6894572,0.84299845,0.5236,0.5236,0.0,0.0,-0.19921632,0.05991904,0.74766016,1.382605,-0.73401856,0.14257,0.19637000000000002,0.040350000000000004,0.0,0.00269,-0.41426,0.51379,0.17485,0.62946,0.0,-0.04293785310734463,0.021468926553672316,0.6440677966101694,1.0,1.0,-0.6836158192090396,0.8293785310734463,1.0,1.0,-1.0,1,1,1,1,1,1,1,1,1,1,1.0,1.0,-1.7169676516494217,0.6261368691529657,-0.5039638215133627,-6.12,-2.08,7.91,0.59599996,0.18778081,-0.78071916,-0.9396926,0.34202015
11.6140,553,0.32980588,0.37889326,0.6427379,-2.0463305,0.720971,0.5236,0.5236,0.0,0.0,-0.18254371,0.05522331,0.32213596,1.5431846,-0.800738,0.7194247,0.91127133,-2.5899289,-0.023980824,0.6235014,0.0,0.0,0.0,0.0,1.4148686,-1.5827343,-0.5995206,-1.9664276,0.69544387,1.1505946,1.4189742,-1.2281106,-0.52112126,0.35302025,-0.2980225,0.48696816,-0.45326436,-0.1372314,-0.7013354,0.316243,-0.75224185,-0.906338,0.11679402,0.28454864,0.37544355,0.5881724,-1.6995804,0.8326551,0.5236,0.5236,0.0,0.0,-0.17903385,0.06866075,0.74343956,1.3734155,-0.70960146,-0.061869999999999994,-0.024210000000000002,0.16140000000000002,0.0,0.01076,0.8204499999999999,0.08608,0.03228,0.22057999999999997,-0.01076,0.0903954802259887,-0.7412429378531074,0.5988700564971752,1.0,1.0,-0.01807909604519774,0.01807909604519774,1.0,1.0,-1.0,1,1,1,1,1,1,1,1,1,1,1.0,1.0,-1.5555246958399462,0.2148936641518018,0.017453292519943295,-3.79,-2.67,6.79,0.5990875,0.21024194,-0.77258813,-0.99323833,0.11609291
11.6336,554,0.3359418,0.38502917,0.61972827,-2.0279226,0.7761943,0.5236,0.5236,0.0,0.0,-0.19021362,0.06902914,0.31293207,1.4894954,-0.75471854,0.551559,0.5275781,-2.0623507,0.023980824,1.2709837,0.0,0.0,0.0,0.0,1.0551562,-0.7194247,-0.57553977,-2.1342933,1.103118,1.1653312,1.4813213,-1.3605016,-0.5937432,0.33237875,-0.2530465,0.5288758,-0.51206243,-0.15228494,-0.71455956,0.3271746,-0.6361072,-1.0113654,0.0675509,0.2882328,0.39103034,0.5550746,-1.7177359,0.82749474,0.5236,0.5236,0.0,0.0,-0.18233989,0.071393654,0.7724732,1.3471587,-0.72191226,0.82852,0.03497,0.00538,0.0269,-0.01614,-0.14526,-0.06994,0.08070000000000001,0.33087,-0.00269,0.7661016949152543,0.1480225988700565,1.0,1.0,-1.0,-0.9367231638418079,0.11186440677966102,1.0,1.0,-0.6338983050847458,1,1,1,1,1,1,1,1,1,1,1.0,1.0,-1.371174293598045,0.26616271092913524,-0.11453723216212788,-4.68,-3.09,6.31,0.60215217,0.23371668,-0.76340646,-0.99323833,-0.11609291
11.6538,555,0.319068,0.38809714,0.59518456,-2.0248547,0.800738,0.5236,0.5236,0.0,0.0,-0.1917476,0.079767,0.32366994,1.438874,-0.71636903,0.26378906,0.35971236,-1.5827343,0.26378906,1.7266194,0.0,0.0,0.0,0.0,0.6474822,0.0,-0.45563567,-2.3741016,1.5587536,1.0292797,1.4279394,-1.439703,-0.54972637,0.3587672,-0.2694197,0.49837622,-0.5347531,-0.12723996,-0.7460987,0.33926293,-0.6411516,-1.0674986,0.03537242,0.25421992,0.37768486,0.53527427,-1.7067317,0.83409184,0.5236,0.5236,0.0,0.0,-0.19022468,0.074415736,0.7712121,1.3331254,-0.72995687,0.30396999999999996,-0.061869999999999994,0.57566,0.22057999999999997,-0.059179999999999996,-0.15333,-0.12643,0.029589999999999998,0.45192,0.42502,0.6237288135593221,-0.4689265536723164,0.6847457627118644,1.0,-0.7853107344632768,0.03728813559322034,0.059887005649717516,1.0,1.0,0.992090395480226,1,1,1,1,1,1,1,1,1,1,1.0,1.0,-0.7995789635699021,0.0818123086872342,0.8552113334772214,-6.2,-6.43,6.56,0.60653436,0.24097997,-0.7576574,-0.9396926,-0.34202015
11.6740,556,0.30833015,0.398835,0.5675729,-2.0217867,0.80533993,0.5236,0.5236,0.0,0.0,-0.19481556,0.084368944,0.34514567,1.4035925,-0.70563114,-0.023980824,0.3117507,-1.3429261,0.28776988,1.7506001,0.0,0.0,0.0,0.0,0.1918466,0.3836932,-0.04796165,-2.446044,1.7266194,0.90311414,1.3393267,-1.4915764,-0.4521968,0.33220664,-0.25618547,0.45778668,-0.5020626,-0.14657868,-0.69783306,0.41140214,-0.5624289,-1.1090147,0.04888826,0.22267854,0.3555317,0.5223059,-1.6823492,0.8274517,0.5236,0.5236,0.0,0.0,-0.17815827,0.09245054,0.7908928,1.3227463,-0.72657794,0.6698099999999999,0.04304,0.25555,0.00269,0.00538,0.24747999999999998,-0.17216,0.02152,0.60525,0.07532,0.49491525423728816,1.0,0.6463276836158192,1.0,1.0,0.6067796610169491,0.03615819209039548,1.0,1.0,1.0,1,1,1,1,1,1,1,1,1,1,1.0,1.0,-0.4505131131710363,-0.37415495839628443,0.8432121948697604,-6.45,-1.25,5.45,0.6065097,0.23790699,-0.7586476,-0.8354878,-0.549509
11.7232,557,0.2638447,0.39576703,0.5261554,-2.0233207,0.8145438,0.5236,0.5236,0.0,0.0,-0.1994175,0.10584468,0.36355343,1.360641,-0.7071651,-0.7194247,0.16786577,-1.0791371,0.023980824,0.5035973,0.0,0.0,0.0,0.0,-0.11990412,0.3836932,0.5995206,-1.5587536,0.551559,0.92345124,1.2853678,-1.4976317,-0.20748986,0.37342343,-0.26090497,0.54413116,-0.4274051,-0.045222495,-0.75770926,0.56115645,-0.47710028,-1.182434,-0.018828243,0.22776282,0.34204197,0.5207921,-1.6211725,0.83775586,0.5236,0.5236,0.0,0.0,-0.19312732,0.12988912,0.8122249,1.3043915,-0.743507,0.36046,0.45461,-0.18561,0.50034,0.12373999999999999,-0.25286,-0.15871000000000002,0.14526,0.44653999999999994,0.13988,0.5209039548022599,0.2632768361581921,0.18305084745762712,1.0,0.15254237288135594,-0.12994350282485875,0.08587570621468926,1.0,0.31412429378531076,0.11186440677966102,1,1,1,1,1,1,1,1,1,1,1.0,1.0,-0.767944870877505,-0.37197329683129143,0.5563236990731926,-4.11,-4.55,6.12,0.6044515,0.23994273,-0.7596485,-0.6862416,-0.72737366
11.7418,558,0.25310683,0.3926991,0.5184855,-2.0248547,0.81761175,0.5236,0.5236,0.0,0.0,-0.1994175,0.11044662,0.40343696,1.359107,-0.7071651,-0.7913672,0.023980824,-0.8872905,0.0,0.26378906,0.0,0.0,0.0,0.0,-0.07194247,0.35971236,0.6235014,-1.0071946,0.14388494,1.2315286,1.3079002,-1.5744895,0.05770735,0.35243693,-0.29123527,0.7643991,-0.27180514,0.14779338,-1.0573052,0.5809723,-0.409168,-1.3464296,-0.26766777,0.30478215,0.34767506,0.5015776,-1.5548732,0.8325093,0.5236,0.5236,0.0,0.0,-0.2680263,0.13484308,0.829208,1.2633927,-0.80571693,0.38736000000000004,0.1076,0.0,0.01614,0.00269,0.47343999999999997,0.19368000000000002,0.01883,0.45192,0.01345,0.48700564971751414,1.0,-0.1310734463276836,1.0,1.0,0.08813559322033898,1.0,1.0,0.9389830508474576,1.0,1,1,1,1,1,1,1,1,1,1,1.0,1.0,-0.1090830782496456,0.5181446216858165,0.5705044992456465,-6.17,-2.88,7.81,0.608627,0.24508472,-0.7546566,-0.5,-0.8660254
11.7599,559,0.25310683,0.38656315,0.5184855,-2.0294566,0.8222137,0.5236,0.5236,0.0,0.0,-0.20401944,0.12732041,0.43411657,1.3529711,-0.7102331,-0.7194247,-0.04796165,-0.6235014,0.0,0.1918466,0.0,0.0,0.0,0.0,-0.04796165,0.407674,0.8872905,-0.6474822,0.04796165,1.2740134,1.2579813,-1.6079496,0.40192044,0.34504876,-0.31898284,0.75060076,-0.1434804,0.22407213,-1.1254282,0.75137955,-0.38338593,-1.2227612,-0.36167526,0.31540334,0.33519533,0.4932126,-1.46882,0.8306622,0.5236,0.5236,0.0,0.0,-0.28505704,0.17744489,0.83565354,1.2943097,-0.8292188,-0.90384,0.06994,0.08608,0.06456,-0.040350000000000004,0.11835999999999999,0.24478999999999998,0.21788999999999997,0.28514,0.09146,-1.0,-1.0,1.0,1.0,-0.33785310734463275,1.0,0.7796610169491526,1.0,1.0,1.0,1,1,1,1,1,1,1,1,1,1,1.0,1.0,-0.05563236990731925,0.4592397594310079,0.4461497900410505,-4.83,-2.08,7.71,0.618425,0.24083877,-0.7480289,-0.28680325,-0.9579895
11.7819,560,0.29145634,0.38042724,0.50621367,-2.0325246,0.8252817,0.5236,0.5236,0.0,0.0,-0.23776703,0.1518641,0.47246608,1.3284273,-0.717903,-0.1918466,-0.14388494,-0.407674,-0.04796165,0.16786577,0.0,0.0,0.0,0.0,-0.21582742,0.57553977,1.3189453,-0.4796165,-0.023980824,1.1769308,1.1523428,-1.5068016,0.6382558,0.19238812,-0.34582135,0.5160139,-0.08419244,0.15247768,-0.9973163,1.1047114,-0.32890752,-0.7072927,-0.23658164,0.2911327,0.3087857,0.5184996,-1.4097362,0.79249704,0.5236,0.5236,0.0,0.0,-0.25302908,0.26577786,0.84927315,1.3907098,-0.7979454,0.01076,0.71823,-0.1345,0.040350000000000004,0.0,-0.16409,0.040350000000000004,0.00269,0.00538,0.00269,-0.5830508474576271,0.9468926553672317,-0.004519774011299435,1.0,-0.30282485875706217,0.8847457627118644,0.1672316384180791,1.0,-0.327683615819209,1.0,1,1,1,1,1,1,1,1,1,1,1.0,1.0,-0.008726646259971648,-0.17235126363444003,0.47887471351594413,-3.15,-2.99,7.38,0.61840564,0.23776983,-0.749026,-0.05814483,-0.9983082
11.7997,561,0.31446606,0.36968938,0.49700978,-2.0279226,0.8252817,0.5236,0.5236,0.0,0.0,-0.27304858,0.17333983,0.48473793,1.3161556,-0.75318456,0.35971236,-0.23980825,-0.35971236,-0.0959233,0.14388494,0.0,0.0,0.0,0.0,-0.6474822,0.7434055,1.5347728,-0.551559,-0.28776988,1.3454981,1.0787624,-1.388066,0.81239575,0.17541626,-0.36487818,0.50684714,-0.0072668977,0.29992303,-1.0406649,1.5622256,-0.36498305,-0.123562396,-0.2747479,0.3332745,0.2903906,0.5481835,-1.3662012,0.7882541,0.5236,0.5236,0.0,0.0,-0.26386622,0.36217785,0.84025425,1.4871098,-0.80748695,0.23134,0.8608,-0.22326999999999997,0.00538,-0.01614,-0.06456,0.61601,0.23671999999999999,-0.11835999999999999,-0.0269,1.0,1.0,-1.0,1.0,-1.0,-1.0,1.0,1.0,-1.0,-1.0,1,1,1,1,1,1,1,1,1,1,1.0,1.0,0.1265363707695889,0.11890055529211369,0.28688849579656794,-3.66,-4.03,6.48,0.6199257,0.23183382,-0.7496301,0.17364818,-0.9848077
11.8218,562,0.32060197,0.34821364,0.5000777,-2.0309906,0.81761175,0.5236,0.5236,0.0,0.0,-0.28378645,0.22856314,0.5154175,1.3406992,-0.77926224,0.815348,-0.45563567,-0.33573154,-0.04796165,0.0959233,0.0,0.0,0.0,0.0,-1.103118,1.1510795,1.3908877,-0.5035973,-0.7913672,1.4023155,0.9716813,-1.2090391,0.86509335,0.14980653,-0.34083003,0.40059012,0.07110007,0.35465157,-1.031454,1.9381521,-0.53949916,0.3964941,-0.26283592,0.34747887,0.26362032,0.5929402,-1.3530267,0.78185165,0.5236,0.5236,0.0,0.0,-0.26156348,0.45857784,0.79662526,1.5835098,-0.804509,-0.01614,0.58911,-0.40619,0.12373999999999999,-0.00269,-0.2152,0.19637000000000002,0.00269,-0.47343999999999997,0.00269,-0.11073446327683616,0.17062146892655367,-0.6271186440677966,1.0,-1.0,0.004519774011299435,1.0,1.0,-1.0,1.0,1,1,1,1,1,1,1,1,1,1,1.0,1.0,0.48105637508093707,0.06326818538479445,0.16144295580947549,-4.23,-2.06,5.66,0.62257415,0.229638,-0.7481096,0.39607978,-0.9182161
11.8416,563,0.3344078,0.32520393,0.5261554,-2.0325246,0.79767,0.5236,0.5236,0.0,0.0,-0.2791845,0.29145634,0.5553011,1.3974565,-0.79153407,0.91127133,-0.6714631,-0.11990412,-0.023980824,-0.14388494,0.0,0.0,0.0,0.0,-1.0791371,1.6786577,1.2709837,0.07194247,-1.0551562,1.5520078,0.811661,-0.97100174,0.9202483,0.34220615,-0.34241045,0.44712877,0.22084841,0.49695617,-1.2625619,2.2279277,-1.0480782,0.8179245,-0.3717754,0.38490194,0.22361526,0.6524496,-1.3392379,0.8299516,0.5236,0.5236,0.0,0.0,-0.31934047,0.5465819,0.70022523,1.6799098,-0.83174384,-0.00807,0.16678,-0.57566,0.04304,-0.09684000000000001,0.0538,0.00807,-0.11028999999999999,-0.07801000000000001,0.20713,-0.3502824858757062,0.3898305084745763,-0.49265536723163844,0.0,-0.6847457627118644,-0.3649717514124294,1.0,1.0,-1.0,-0.18192090395480226,1,1,1,1,1,1,1,1,1,1,1.0,1.0,1.2686362000433782,0.531234591075774,0.7428557628800865,-7.51,-1.63,6.72,0.6264341,0.2162932,-0.74886423,0.5971586,-0.8021232
11.8596,564,0.34821364,0.2960583,0.55683506,-2.0340586,0.7838642,0.5236,0.5236,0.0,0.0,-0.27458256,0.35434955,0.61052436,1.4634176,-0.79460204,0.7434055,-0.93525213,0.3117507,0.0,-0.407674,0.0,0.0,0.0,0.0,-0.6714631,2.2302167,1.5107919,1.0791371,-1.0311754,1.4977483,0.5653447,-0.54026574,0.980191,0.5546264,-0.44437152,0.40346918,0.38335308,0.5344812,-1.5531678,2.5396042,-1.6733739,1.3351486,-0.547146,0.37133706,0.16203618,0.74884963,-1.3242524,0.88305664,0.5236,0.5236,0.0,0.0,-0.39199194,0.62450105,0.6038252,1.7763098,-0.8755865,-0.7774099999999999,0.69402,-0.5649,0.03228,0.42233,1.2373999999999998,-0.024210000000000002,-1.2373999999999998,-0.02152,0.34432,-0.4327683615819209,0.9661016949152542,-1.0,0.0,1.0,1.0,1.0,-0.9887005649717514,-1.0,1.0,1,1,1,1,1,1,1,1,1,1,1.0,0.0,1.4748032179352084,0.6752242543653063,0.9272061651219875,-2.82,-1.86,4.44,0.6380298,0.1857943,-0.7472606,0.76604444,-0.64278764
11.8817,565,0.3681554,0.25924274,0.60132045,-2.0371265,0.7869322,0.5236,0.5236,0.0,0.0,-0.30833015,0.41877675,0.65961176,1.5508546,-0.8114758,0.69544387,-1.223022,1.0311754,-0.0959233,-0.551559,0.0,0.0,0.0,0.0,-0.28776988,2.9256606,2.0623507,2.446044,-0.7194247,1.3518059,0.20170495,-0.19165938,1.1050266,0.4096063,-0.49775416,0.28143242,0.6457611,0.47886658,-1.6935707,2.630521,-2.1681654,1.6124642,-0.8202854,0.33485147,0.07112624,0.84524965,-1.2930434,0.8468016,0.5236,0.5236,0.0,0.0,-0.42709267,0.64723027,0.5074252,1.8727099,-0.9438713,0.27438,0.48151,-0.25286,0.061869999999999994,0.00269,0.09415,-0.25017,-0.49495999999999996,-0.00269,0.57566,-0.08135593220338982,1.0,-1.0,0.0,1.0,0.7412429378531074,0.09152542372881356,-1.0,-1.0,0.5028248587570622,1,1,1,1,1,1,1,1,1,1,1.0,0.0,2.069305994395777,0.2596177262341565,1.0439250588491085,-5.0,-1.42,4.71,0.6491547,0.14799911,-0.7461196,0.89363265,-0.4487992
11.9140,566,0.35741752,0.20401944,0.6688156,-2.0417285,0.7715923,0.5236,0.5236,0.0,0.0,-0.398835,0.45405832,0.65040785,1.6659031,-0.8605632,0.551559,-1.5827343,1.774581,-0.0959233,-0.3836932,0.0,0.0,0.0,0.0,-1.1270987,2.6858523,1.8225427,3.525181,-0.7434055,1.1908568,-0.24872223,0.21405962,1.4598057,0.2608068,-0.5499591,0.35904473,0.9046535,0.27991664,-1.8520588,2.397867,-2.584966,1.5928296,-1.1590085,0.2946142,-0.025273763,0.9416497,-1.2043486,0.8096017,0.5236,0.5236,0.0,0.0,-0.46671468,0.58906674,0.4110252,1.9691099,-1.028552,-0.21251,0.68864,-0.89577,0.08339,0.26631,-0.19637000000000002,-0.4035,-0.00538,-0.00538,0.32818,0.41694915254237286,1.0,-1.0,0.0,1.0,0.6248587570621469,0.06666666666666667,-1.0,-1.0,0.8418079096045198,1,1,1,1,1,1,1,1,1,1,1.0,0.0,2.13911916447555,0.08726646259971647,1.5697054960124,-6.15,-1.59,7.71,0.6549926,0.10100353,-0.74885446,0.9730449,-0.23061587
11.9318,567,0.34054375,0.17487381,0.7071651,-2.0447965,0.75318456,0.5236,0.5236,0.0,0.0,-0.4233787,0.45405832,0.65194184,1.7349323,-0.89737874,0.16786577,-1.6546768,1.9424467,-0.11990412,-0.35971236,0.0,0.0,0.0,0.0,-1.774581,1.9424467,1.0791371,3.669066,-1.1270987,1.2649087,-0.49624267,0.5031289,1.7074327,0.11432437,-0.61426795,0.4612852,1.2402089,0.07709585,-1.992279,2.0613003,-2.8186185,1.3515444,-1.5971165,0.31312716,-0.10336067,1.0209823,-1.1424419,0.7729811,0.5236,0.5236,0.0,0.0,-0.5017698,0.5049251,0.3146252,1.9378861,-1.1249521,0.8876999999999999,0.93343,-0.18023,0.07263,0.07532,0.10491,-0.19906000000000001,-0.00538,-0.01345,0.059179999999999996,0.6892655367231638,1.0,-1.0,0.0,-1.0,1.0,-0.10847457627118644,-1.0,-1.0,1.0,1,1,1,1,1,1,1,1,1,1,1.0,0.0,1.750783405906812,0.6523168079328806,0.7014041931452212,-10.2,-2.61,11.34,0.65903074,0.019383255,-0.7518663,1.0,0.0
11.9497,568,0.319068,0.13959225,0.71483505,-2.0463305,0.73784477,0.5236,0.5236,0.0,0.0,-0.44332045,0.45405832,0.6458059,1.7993594,-0.9387962,-0.3117507,-1.6546768,1.8705043,-0.11990412,-0.5275781,0.0,0.0,0.0,0.0,-1.9904084,1.1510795,0.35971236,3.6930468,-1.486811,1.451578,-0.4714454,0.75650483,1.6490034,0.29788226,-0.596727,0.46852922,1.4575896,-0.05000226,-2.0892923,1.8976876,-2.959139,0.9019904,-1.7708294,0.3597945,-0.09716135,1.0843263,-1.1570492,0.8188706,0.5236,0.5236,0.0,0.0,-0.5260231,0.4640219,0.21822521,1.8414861,-1.1815073,-1.16208,0.6698099999999999,-0.04573,0.03497,0.09415,0.28245,-0.19906000000000001,-0.00538,0.19637000000000002,0.0538,-0.2327683615819209,1.0,-1.0,0.0,-1.0,1.0,-0.10734463276836158,-1.0,0.9107344632768362,1.0,1,1,1,1,1,1,1,1,1,1,1.0,0.0,1.7573283906017907,1.2228213071785272,-0.15271630954950383,-7.33,0.67,13.45,0.6725996,-0.008165093,-0.7399616,0.9730449,0.23061587
11.9717,569,0.31600004,0.084368944,0.7332428,-2.0463305,0.722505,0.5236,0.5236,0.0,0.0,-0.46019423,0.45099035,0.63967,1.8745245,-1.0001554,-0.69544387,-1.774581,1.4148686,-0.0959233,-0.7194247,0.0,0.0,0.0,0.0,-1.630696,0.43165484,-0.07194247,3.6211045,-1.9424467,1.559037,-0.28615496,1.10697,1.5186639,0.5173188,-0.56085974,0.38531476,1.5078952,-0.123439506,-2.2872763,1.8642012,-3.0555897,0.4996356,-1.8590987,0.38665923,-0.05083874,1.1719425,-1.1896341,0.8737297,0.5236,0.5236,0.0,0.0,-0.5755191,0.4556503,0.1676026,1.7450861,-1.2035747,-0.269,0.38736000000000004,-0.00269,0.00538,0.1345,0.5084099999999999,-0.18023,-0.00538,0.00269,0.2152,-0.7728813559322034,1.0,-1.0,0.0,1.0,0.42259887005649716,-0.1694915254237288,-1.0,1.0,1.0,1,1,1,1,1,1,1,1,1,1,1.0,0.0,1.6449728200046556,1.6787885742620456,0.18435040224190105,-8.18,1.67,9.01,0.69498444,-0.028574985,-0.71845675,0.89363265,0.4487992
11.9917,570,0.33133984,0.029145636,0.76852435,-2.0463305,0.71483505,0.5236,0.5236,0.0,0.0,-0.4709321,0.44945636,0.62586415,1.8990682,-1.0615147,-0.5035973,-2.0143893,1.1750604,-0.07194247,-0.7434055,0.0,0.0,0.0,0.0,-1.1270987,0.07194247,-0.21582742,3.3573153,-2.32614,1.5707278,0.029649891,1.3253481,1.2951148,0.65303046,-0.51112527,0.29924974,1.4433333,-0.19184823,-2.4934695,1.8649501,-3.0813599,0.15478992,-1.96465,0.38958195,0.028112473,1.226537,-1.2455213,0.9076576,0.5236,0.5236,0.0,0.0,-0.6270674,0.45583752,0.16116005,1.648686,-1.2299625,-0.55952,-0.13719,-0.41426,0.0,0.08877,0.47075,-0.15871000000000002,-0.00538,0.01883,0.30666,-0.511864406779661,-0.5480225988700564,-1.0,0.0,1.0,0.559322033898305,-0.07796610169491526,-1.0,1.0,1.0,1,1,1,1,1,1,1,1,1,1,1.0,0.0,1.435533309765336,1.7976891295541593,0.35452000431134817,-5.81,0.62,5.52,0.71824765,-0.053052384,-0.693762,0.76604444,0.64278764
12.0099,571,0.3359418,0.01994175,0.8114758,-2.0463305,0.7040972,0.5236,0.5236,0.0,0.0,-0.48013598,0.44945636,0.59825253,1.8867964,-1.0967963,-0.14388494,-2.1103125,1.1990412,-0.023980824,-0.6474822,0.0,0.0,0.0,0.0,-0.8393288,0.0,-0.45563567,2.6139097,-2.5659482,1.4811863,0.43217975,1.3536355,0.9975847,0.71609825,-0.44666743,0.19341128,1.3073924,-0.2844457,-2.4846578,1.7631238,-2.9101205,-0.11021542,-1.9818012,0.36719656,0.12451247,1.233609,-1.3199039,0.9234246,0.5236,0.5236,0.0,0.0,-0.62486446,0.43038094,0.2039699,1.5724462,-1.2342503,-0.71823,0.0,-0.5111,0.0,0.11567,0.5406899999999999,-0.15333,-0.00269,0.37390999999999996,0.00269,-0.23163841807909605,-1.0,-1.0,0.0,1.0,0.42033898305084744,-0.07344632768361582,-1.0,1.0,1.0,1,1,1,1,1,1,1,1,1,1,1.0,0.0,1.4060808786379317,1.4802573718476908,0.3676099737013056,-4.96,3.76,4.85,0.7398441,-0.07653559,-0.6684109,0.5971586,0.8021232
12.0319,572,0.33133984,0.032213595,0.8636312,-2.0463305,0.6933593,0.5236,0.5236,0.0,0.0,-0.48627192,0.44792238,0.5553011,1.834641,-1.1060002,0.1918466,-1.630696,1.6786577,0.0,-0.551559,0.0,0.0,0.0,0.0,-0.5995206,-0.04796165,-0.91127133,1.0791371,-2.3501208,1.5197501,0.88768864,1.0605849,0.57275075,0.69373417,-0.45238513,0.23956062,1.0985135,-0.3043962,-2.346611,1.5230173,-2.6660392,-0.26973215,-1.9725093,0.37683752,0.22091247,1.1603463,-1.4163039,0.91783357,0.5236,0.5236,0.0,0.0,-0.5903528,0.37035432,0.2649902,1.532567,-1.2319273,-0.36315,-0.6079399999999999,-0.6805699999999999,0.0,0.12912,0.24478999999999998,-0.2152,0.0,0.32549,0.0269,-0.47005649717514125,-0.6666666666666666,-1.0,0.0,1.0,0.4,-0.1344632768361582,-1.0,1.0,1.0,1,1,1,1,1,1,1,1,1,1,1.0,0.0,0.26616271092913524,1.2926344772583003,-0.5214171140333059,-8.07,1.36,6.52,0.7653261,-0.086736955,-0.6377717,0.39607978,0.9182161
12.0499,573,0.3267379,0.07363108,0.90658265,-2.0463305,0.6856894,0.5236,0.5236,0.0,0.0,-0.49087384,0.44485444,0.5169515,1.7778838,-1.1121361,0.14388494,-0.7194247,2.0143893,0.0,-0.5035973,0.0,0.0,0.0,0.0,-0.45563567,-0.04796165,-1.3429261,-0.43165484,-1.7266194,1.5450883,1.3184614,0.76566195,0.1544272,0.5895854,-0.48710203,0.24180445,0.8898991,-0.32744208,-2.1492014,1.2686645,-2.3066,-0.43992537,-1.9915193,0.38317207,0.31731248,1.0866156,-1.5127039,0.89179635,0.5236,0.5236,0.0,0.0,-0.54100037,0.30676612,0.35485,1.4900187,-1.2366798,-0.9953,-0.26631,0.6994,0.0,0.07263,0.26631,-0.71823,0.23671999999999999,0.20713,0.02152,-0.43615819209039547,-1.0,-1.0,0.0,1.0,0.41129943502824856,-1.0,-0.6180790960451977,1.0,1.0,1,1,1,1,1,1,1,1,1,1,1.0,0.0,0.01090830782496456,1.1377365061438036,-0.6392268385429232,-6.81,1.98,6.25,0.7734614,-0.08163181,-0.6285649,0.17364818,0.9848077
12.0719,574,0.32980588,0.14112623,0.9541361,-2.0463305,0.6795535,0.5236,0.5236,0.0,0.0,-0.4954758,0.42031074,0.48627192,1.7119225,-1.118272,0.0,0.7194247,2.2541974,0.0,-0.45563567,0.0,0.0,0.0,0.0,-0.33573154,-0.16786577,-1.7026385,-1.8705043,-0.93525213,1.6129125,1.6423687,0.32749972,-0.12433168,0.45720384,-0.5528538,0.36187795,0.6641259,-0.33397174,-1.9975414,0.95902246,-2.0314698,-0.5587331,-1.9581498,0.40012813,0.41371247,0.99021554,-1.6003829,0.858701,0.5236,0.5236,0.0,0.0,-0.5030854,0.22935562,0.42363256,1.4603168,-1.2283374,-0.64022,-0.03766,-0.71285,0.0,0.01614,0.26362,-0.58104,0.0,0.19368000000000002,0.00807,-0.31412429378531076,-1.0,-1.0,0.0,1.0,0.22824858757062147,-1.0,-1.0,1.0,1.0,1,1,1,1,1,1,1,1,1,1,1.0,0.0,-0.5290529295107811,1.100648259538924,-0.6512259771503841,-7.33,2.12,4.25,0.7939201,-0.059186846,-0.6051345,-0.05814483,0.9983082
12.1057,575,0.32980588,0.2162913,0.99708754,-2.0463305,0.67341757,0.5236,0.5236,0.0,0.0,-0.49854377,0.3758253,0.46633017,1.6505634,-1.1198059,-0.04796165,1.8465234,2.2541974,0.0,-0.3836932,0.0,0.0,0.0,0.0,-0.26378906,-0.6235014,-1.6786577,-2.6139097,-0.43165484,1.6183047,1.7894216,-0.18091512,-0.32423392,0.37144455,-0.55903983,0.4855391,0.4310108,-0.34974176,-1.7359285,0.6418824,-1.7341859,-0.65214527,-1.8108292,0.40147617,0.4680554,0.8938155,-1.6503586,0.83726114,0.5236,0.5236,0.0,0.0,-0.43768212,0.15007061,0.49795353,1.4369637,-1.1915073,-0.69133,-0.01883,0.5460699999999999,0.0,0.00538,-0.20444,-0.56221,0.14257,0.24478999999999998,0.00269,-0.46779661016949153,-1.0,0.7005649717514124,0.0,1.0,-0.5830508474576271,-1.0,0.10282485875706214,1.0,1.0,1,1,1,0,1,1,1,1,1,1,1.0,0.0,-1.0919216132789524,0.8453938564347534,-0.9119345341670372,-6.33,1.07,3.8,0.80439115,-0.034707233,-0.59308535,-0.28680325,0.9579895
